id_customer,id_transaksi,kategori,jumlah,persen_harga,harga_satuan,subtotal
CU0001,TRX0001,Adult,3,100,99000,297000
CU0002,TRX0002,Adult,6,100,139000,834000
CU0003,TRX0003,Adult,1,100,139000,139000
CU0004,TRX0003,Child,1,70,97000,97000
CU0005,TRX0004,Adult,4,100,199000,796000
CU0006,TRX0005,Adult,3,100,99000,297000
CU0007,TRX0006,Adult,1,100,99000,99000
CU0008,TRX0007,Adult,5,100,99000,495000
CU0009,TRX0007,Senior,1,80,79000,79000
CU0010,TRX0008,Adult,2,100,99000,198000
CU0011,TRX0009,Adult,3,100,99000,297000
CU0012,TRX0010,Adult,2,100,99000,198000
CU0013,TRX0010,Child,2,70,69000,138000
CU0014,TRX0010,Senior,1,80,79000,79000
CU0015,TRX0010,Toddler,1,0,0,0
CU0016,TRX0011,Adult,2,100,99000,198000
CU0017,TRX0012,Adult,2,100,99000,198000
CU0018,TRX0013,Adult,2,100,99000,198000
CU0019,TRX0013,Child,2,70,69000,138000
CU0020,TRX0014,Adult,4,100,99000,396000
CU0021,TRX0015,Adult,1,100,139000,139000
CU0022,TRX0015,Child,1,70,97000,97000
CU0023,TRX0016,Adult,3,100,199000,597000
CU0024,TRX0016,Child,1,70,139000,139000
CU0025,TRX0016,Senior,2,80,159000,318000
CU0026,TRX0017,Adult,1,100,99000,99000
CU0027,TRX0017,Senior,1,80,79000,79000
CU0028,TRX0018,Adult,2,100,199000,398000
CU0029,TRX0019,Adult,2,100,159000,318000
CU0030,TRX0019,Child,1,70,111000,111000
CU0031,TRX0020,Adult,2,100,159000,318000
CU0032,TRX0021,Adult,2,100,159000,318000
CU0033,TRX0021,Child,1,70,111000,111000
CU0034,TRX0021,Toddler,1,0,0,0
CU0035,TRX0022,Adult,1,100,159000,159000
CU0036,TRX0022,Child,3,70,111000,333000
CU0037,TRX0023,Adult,2,100,119000,238000
CU0038,TRX0024,Adult,4,100,159000,636000
CU0039,TRX0024,Child,1,70,111000,111000
CU0040,TRX0024,Senior,2,80,127000,254000
CU0041,TRX0025,Adult,2,100,159000,318000
CU0042,TRX0026,Adult,1,100,119000,119000
CU0043,TRX0026,Child,1,70,83000,83000
CU0044,TRX0027,Adult,6,100,159000,954000
CU0045,TRX0028,Adult,2,100,119000,238000
CU0046,TRX0028,Child,2,70,83000,166000
CU0047,TRX0029,Adult,1,100,119000,119000
CU0048,TRX0029,Senior,1,80,95000,95000
CU0049,TRX0030,Adult,2,100,119000,238000
CU0050,TRX0031,Adult,6,100,159000,954000
CU0051,TRX0032,Adult,3,100,219000,657000
CU0052,TRX0032,Child,1,70,153000,153000
CU0053,TRX0032,Senior,2,80,175000,350000
CU0054,TRX0033,Adult,10,100,119000,1190000
CU0055,TRX0034,Adult,2,100,119000,238000
CU0056,TRX0034,Child,1,70,83000,83000
CU0057,TRX0034,Senior,1,80,95000,95000
CU0058,TRX0035,Adult,7,100,159000,1113000
CU0059,TRX0036,Adult,5,100,159000,795000
CU0060,TRX0037,Adult,2,100,99000,198000
CU0061,TRX0038,Adult,3,100,139000,417000
CU0062,TRX0038,Child,3,70,97000,291000
CU0063,TRX0039,Adult,1,100,99000,99000
CU0064,TRX0039,Child,3,70,69000,207000
CU0065,TRX0040,Adult,5,100,99000,495000
CU0066,TRX0041,Adult,1,100,99000,99000
CU0067,TRX0041,Child,1,70,69000,69000
CU0068,TRX0042,Adult,5,100,139000,695000
CU0069,TRX0043,Adult,2,100,139000,278000
CU0070,TRX0043,Child,2,70,97000,194000
CU0071,TRX0043,Toddler,1,0,0,0
CU0072,TRX0044,Adult,2,100,99000,198000
CU0073,TRX0044,Child,3,70,69000,207000
CU0074,TRX0045,Adult,1,100,139000,139000
CU0075,TRX0046,Adult,5,100,139000,695000
CU0076,TRX0047,Adult,10,100,139000,1390000
CU0077,TRX0048,Adult,6,100,99000,594000
CU0078,TRX0049,Adult,2,100,99000,198000
CU0079,TRX0050,Adult,1,100,139000,139000
CU0080,TRX0050,Senior,1,80,111000,111000
CU0081,TRX0051,Adult,10,100,99000,990000
CU0082,TRX0052,Adult,2,100,99000,198000
CU0083,TRX0053,Adult,1,100,99000,99000
CU0084,TRX0053,Child,3,70,69000,207000
CU0085,TRX0054,Adult,2,100,99000,198000
CU0086,TRX0055,Adult,4,100,139000,556000
CU0087,TRX0056,Adult,2,100,139000,278000
CU0088,TRX0056,Senior,1,80,111000,111000
CU0089,TRX0057,Adult,2,100,99000,198000
CU0090,TRX0058,Adult,2,100,99000,198000
CU0091,TRX0058,Child,2,70,69000,138000
CU0092,TRX0059,Adult,3,100,139000,417000
CU0093,TRX0060,Adult,8,100,119000,952000
CU0094,TRX0061,Adult,2,100,119000,238000
CU0095,TRX0062,Adult,4,100,159000,636000
CU0096,TRX0063,Adult,5,100,159000,795000
CU0097,TRX0064,Adult,2,100,219000,438000
CU0098,TRX0065,Adult,3,100,219000,657000
CU0099,TRX0066,Adult,2,100,119000,238000
CU0100,TRX0066,Child,1,70,83000,83000
CU0101,TRX0067,Adult,2,100,119000,238000
CU0102,TRX0067,Senior,1,80,95000,95000
CU0103,TRX0068,Adult,3,100,119000,357000
CU0104,TRX0068,Toddler,1,0,0,0
CU0105,TRX0069,Adult,6,100,159000,954000
CU0106,TRX0070,Adult,2,100,219000,438000
CU0107,TRX0070,Child,2,70,153000,306000
CU0108,TRX0071,Adult,2,100,159000,318000
CU0109,TRX0071,Senior,2,80,127000,254000
CU0110,TRX0072,Adult,2,100,219000,438000
CU0111,TRX0073,Adult,6,100,219000,1314000
CU0112,TRX0074,Adult,9,100,159000,1431000
CU0113,TRX0074,Senior,1,80,127000,127000
CU0114,TRX0075,Adult,8,100,119000,952000
CU0115,TRX0076,Adult,3,100,119000,357000
CU0116,TRX0076,Child,1,70,83000,83000
CU0117,TRX0076,Senior,1,80,95000,95000
CU0118,TRX0077,Adult,7,100,159000,1113000
CU0119,TRX0078,Adult,2,100,119000,238000
CU0120,TRX0078,Child,2,70,83000,166000
CU0121,TRX0079,Adult,5,100,119000,595000
CU0122,TRX0080,Adult,2,100,159000,318000
CU0123,TRX0081,Adult,1,100,119000,119000
CU0124,TRX0082,Adult,5,100,199000,995000
CU0125,TRX0083,Adult,6,100,99000,594000
CU0126,TRX0084,Adult,3,100,139000,417000
CU0127,TRX0085,Adult,2,100,99000,198000
CU0128,TRX0086,Adult,10,100,99000,990000
CU0129,TRX0087,Adult,5,100,139000,695000
CU0130,TRX0088,Adult,3,100,199000,597000
CU0131,TRX0088,Senior,1,80,159000,159000
CU0132,TRX0089,Adult,4,100,199000,796000
CU0133,TRX0090,Adult,1,100,139000,139000
CU0134,TRX0090,Senior,1,80,111000,111000
CU0135,TRX0091,Adult,1,100,199000,199000
CU0136,TRX0091,Senior,2,80,159000,318000
CU0137,TRX0092,Adult,1,100,199000,199000
CU0138,TRX0093,Adult,2,100,99000,198000
CU0139,TRX0094,Adult,10,100,99000,990000
CU0140,TRX0095,Adult,9,100,99000,891000
CU0141,TRX0095,Senior,1,80,79000,79000
CU0142,TRX0096,Adult,4,100,199000,796000
CU0143,TRX0097,Adult,2,100,99000,198000
CU0144,TRX0097,Child,1,70,69000,69000
CU0145,TRX0097,Senior,1,80,79000,79000
CU0146,TRX0098,Adult,3,100,99000,297000
CU0147,TRX0099,Adult,1,100,139000,139000
CU0148,TRX0099,Child,2,70,97000,194000
CU0149,TRX0100,Adult,3,100,119000,357000
CU0150,TRX0100,Toddler,1,0,0,0
CU0151,TRX0101,Adult,2,100,159000,318000
CU0152,TRX0102,Adult,4,100,119000,476000
CU0153,TRX0103,Adult,2,100,119000,238000
CU0154,TRX0104,Adult,8,100,119000,952000
CU0155,TRX0105,Adult,2,100,119000,238000
CU0156,TRX0105,Child,2,70,83000,166000
CU0157,TRX0106,Adult,2,100,119000,238000
CU0158,TRX0106,Child,4,70,83000,332000
CU0159,TRX0106,Senior,1,80,95000,95000
CU0160,TRX0106,Toddler,1,0,0,0
CU0161,TRX0107,Adult,2,100,119000,238000
CU0162,TRX0107,Child,2,70,83000,166000
CU0163,TRX0108,Adult,6,100,159000,954000
CU0164,TRX0109,Adult,5,100,159000,795000
CU0165,TRX0110,Adult,5,100,119000,595000
CU0166,TRX0111,Adult,1,100,119000,119000
CU0167,TRX0111,Child,5,70,83000,415000
CU0168,TRX0112,Adult,2,100,159000,318000
CU0169,TRX0112,Child,4,70,111000,444000
CU0170,TRX0112,Senior,1,80,127000,127000
CU0171,TRX0112,Toddler,1,0,0,0
CU0172,TRX0113,Adult,3,100,119000,357000
CU0173,TRX0114,Adult,2,100,219000,438000
CU0174,TRX0115,Adult,2,100,119000,238000
CU0175,TRX0115,Child,2,70,83000,166000
CU0176,TRX0116,Adult,2,100,159000,318000
CU0177,TRX0117,Adult,6,100,119000,714000
CU0178,TRX0118,Adult,2,100,219000,438000
CU0179,TRX0118,Child,1,70,153000,153000
CU0180,TRX0118,Senior,1,80,175000,175000
CU0181,TRX0119,Adult,3,100,159000,477000
CU0182,TRX0120,Adult,3,100,159000,477000
CU0183,TRX0121,Adult,3,100,159000,477000
CU0184,TRX0121,Child,4,70,111000,444000
CU0185,TRX0122,Adult,1,100,159000,159000
CU0186,TRX0123,Adult,3,100,159000,477000
CU0187,TRX0124,Adult,2,100,159000,318000
CU0188,TRX0124,Child,1,70,111000,111000
CU0189,TRX0125,Adult,2,100,159000,318000
CU0190,TRX0126,Adult,3,100,119000,357000
CU0191,TRX0126,Senior,1,80,95000,95000
CU0192,TRX0127,Adult,2,100,139000,278000
CU0193,TRX0127,Child,1,70,97000,97000
CU0194,TRX0127,Toddler,1,0,0,0
CU0195,TRX0128,Adult,2,100,199000,398000
CU0196,TRX0128,Child,2,70,139000,278000
CU0197,TRX0129,Adult,2,100,99000,198000
CU0198,TRX0129,Child,1,70,69000,69000
CU0199,TRX0130,Adult,6,100,139000,834000
CU0200,TRX0131,Adult,2,100,99000,198000
CU0201,TRX0131,Child,2,70,69000,138000
CU0202,TRX0131,Senior,1,80,79000,79000
CU0203,TRX0132,Adult,3,100,99000,297000
CU0204,TRX0133,Adult,2,100,99000,198000
CU0205,TRX0133,Child,4,70,69000,276000
CU0206,TRX0133,Senior,1,80,79000,79000
CU0207,TRX0133,Toddler,1,0,0,0
CU0208,TRX0134,Adult,2,100,99000,198000
CU0209,TRX0135,Adult,3,100,139000,417000
CU0210,TRX0136,Adult,2,100,99000,198000
CU0211,TRX0136,Child,1,70,69000,69000
CU0212,TRX0137,Adult,2,100,139000,278000
CU0213,TRX0137,Child,1,70,97000,97000
CU0214,TRX0137,Senior,1,80,111000,111000
CU0215,TRX0138,Adult,1,100,99000,99000
CU0216,TRX0139,Adult,2,100,139000,278000
CU0217,TRX0140,Adult,4,100,139000,556000
CU0218,TRX0141,Adult,2,100,139000,278000
CU0219,TRX0142,Adult,2,100,139000,278000
CU0220,TRX0142,Child,3,70,97000,291000
CU0221,TRX0143,Adult,8,100,139000,1112000
CU0222,TRX0144,Adult,2,100,99000,198000
CU0223,TRX0145,Adult,6,100,199000,1194000
CU0224,TRX0146,Adult,6,100,139000,834000
CU0225,TRX0147,Adult,4,100,139000,556000
CU0226,TRX0148,Adult,4,100,139000,556000
CU0227,TRX0149,Adult,3,100,199000,597000
CU0228,TRX0150,Adult,3,100,99000,297000
CU0229,TRX0151,Adult,4,100,99000,396000
CU0230,TRX0152,Adult,6,100,119000,714000
CU0231,TRX0153,Adult,4,100,119000,476000
CU0232,TRX0154,Adult,2,100,119000,238000
CU0233,TRX0154,Child,2,70,83000,166000
CU0234,TRX0154,Senior,1,80,95000,95000
CU0235,TRX0154,Toddler,1,0,0,0
CU0236,TRX0155,Adult,1,100,159000,159000
CU0237,TRX0156,Adult,3,100,219000,657000
CU0238,TRX0157,Adult,8,100,119000,952000
CU0239,TRX0158,Adult,2,100,119000,238000
CU0240,TRX0159,Adult,3,100,159000,477000
CU0241,TRX0159,Senior,2,80,127000,254000
CU0242,TRX0160,Adult,5,100,119000,595000
CU0243,TRX0161,Adult,1,100,219000,219000
CU0244,TRX0161,Child,2,70,153000,306000
CU0245,TRX0162,Adult,6,100,159000,954000
CU0246,TRX0163,Adult,6,100,119000,714000
CU0247,TRX0164,Adult,2,100,159000,318000
CU0248,TRX0165,Adult,2,100,119000,238000
CU0249,TRX0165,Senior,2,80,95000,190000
CU0250,TRX0166,Adult,4,100,219000,876000
CU0251,TRX0167,Adult,3,100,119000,357000
CU0252,TRX0168,Adult,2,100,119000,238000
CU0253,TRX0168,Toddler,1,0,0,0
CU0254,TRX0169,Adult,1,100,219000,219000
CU0255,TRX0169,Child,1,70,153000,153000
CU0256,TRX0170,Adult,1,100,219000,219000
CU0257,TRX0170,Child,1,70,153000,153000
CU0258,TRX0171,Adult,4,100,119000,476000
CU0259,TRX0172,Adult,3,100,159000,477000
CU0260,TRX0172,Child,5,70,111000,555000
CU0261,TRX0173,Adult,1,100,219000,219000
CU0262,TRX0173,Child,3,70,153000,459000
CU0263,TRX0174,Adult,4,100,219000,876000
CU0264,TRX0175,Adult,5,100,159000,795000
CU0265,TRX0176,Adult,4,100,119000,476000
CU0266,TRX0177,Adult,5,100,119000,595000
CU0267,TRX0178,Adult,2,100,159000,318000
CU0268,TRX0179,Adult,3,100,219000,657000
CU0269,TRX0180,Adult,3,100,119000,357000
CU0270,TRX0181,Adult,5,100,159000,795000
CU0271,TRX0182,Adult,2,100,119000,238000
CU0272,TRX0183,Adult,4,100,219000,876000
CU0273,TRX0184,Adult,2,100,159000,318000
CU0274,TRX0184,Child,1,70,111000,111000
CU0275,TRX0184,Toddler,1,0,0,0
CU0276,TRX0185,Adult,2,100,119000,238000
CU0277,TRX0185,Toddler,1,0,0,0
CU0278,TRX0186,Adult,4,100,119000,476000
CU0279,TRX0187,Adult,4,100,119000,476000
CU0280,TRX0188,Adult,1,100,219000,219000
CU0281,TRX0188,Toddler,1,0,0,0
CU0282,TRX0189,Adult,2,100,219000,438000
CU0283,TRX0190,Senior,1,80,127000,127000
CU0284,TRX0191,Adult,3,100,159000,477000
CU0285,TRX0191,Senior,1,80,127000,127000
CU0286,TRX0192,Adult,2,100,119000,238000
CU0287,TRX0192,Child,2,70,83000,166000
CU0288,TRX0192,Senior,1,80,95000,95000
CU0289,TRX0192,Toddler,1,0,0,0
CU0290,TRX0193,Adult,2,100,159000,318000
CU0291,TRX0194,Adult,3,100,219000,657000
CU0292,TRX0195,Adult,2,100,159000,318000
CU0293,TRX0196,Adult,2,100,219000,438000
CU0294,TRX0196,Child,6,70,153000,918000
CU0295,TRX0197,Adult,4,100,159000,636000
CU0296,TRX0198,Adult,4,100,159000,636000
CU0297,TRX0199,Adult,2,100,159000,318000
CU0298,TRX0199,Toddler,1,0,0,0
CU0299,TRX0200,Adult,5,100,159000,795000
CU0300,TRX0201,Adult,2,100,119000,238000
CU0301,TRX0201,Child,6,70,83000,498000
CU0302,TRX0202,Adult,3,100,219000,657000
CU0303,TRX0203,Adult,2,100,219000,438000
CU0304,TRX0204,Adult,2,100,219000,438000
CU0305,TRX0205,Adult,10,100,219000,2190000
CU0306,TRX0206,Adult,3,100,119000,357000
CU0307,TRX0206,Child,1,70,83000,83000
CU0308,TRX0207,Adult,2,100,159000,318000
CU0309,TRX0208,Adult,2,100,219000,438000
CU0310,TRX0209,Adult,2,100,119000,238000
CU0311,TRX0209,Senior,2,80,95000,190000
CU0312,TRX0210,Adult,2,100,159000,318000
CU0313,TRX0211,Adult,5,100,159000,795000
CU0314,TRX0212,Adult,2,100,219000,438000
CU0315,TRX0212,Child,4,70,153000,612000
CU0316,TRX0212,Toddler,1,0,0,0
CU0317,TRX0213,Adult,2,100,119000,238000
CU0318,TRX0213,Senior,1,80,95000,95000
CU0319,TRX0214,Adult,2,100,239000,478000
CU0320,TRX0215,Adult,4,100,239000,956000
CU0321,TRX0216,Adult,2,100,239000,478000
CU0322,TRX0216,Child,5,70,167000,835000
CU0323,TRX0216,Toddler,1,0,0,0
CU0324,TRX0217,Adult,2,100,179000,358000
CU0325,TRX0218,Adult,6,100,179000,1074000
CU0326,TRX0219,Adult,4,100,179000,716000
CU0327,TRX0220,Adult,2,100,239000,478000
CU0328,TRX0220,Child,1,70,167000,167000
CU0329,TRX0220,Senior,1,80,191000,191000
CU0330,TRX0221,Adult,3,100,139000,417000
CU0331,TRX0222,Adult,1,100,139000,139000
CU0332,TRX0222,Senior,1,80,111000,111000
CU0333,TRX0223,Adult,2,100,239000,478000
CU0334,TRX0223,Child,1,70,167000,167000
CU0335,TRX0223,Senior,1,80,191000,191000
CU0336,TRX0224,Adult,3,100,139000,417000
CU0337,TRX0225,Adult,8,100,139000,1112000
CU0338,TRX0226,Adult,3,100,139000,417000
CU0339,TRX0227,Adult,2,100,179000,358000
CU0340,TRX0228,Adult,3,100,139000,417000
CU0341,TRX0229,Adult,4,100,139000,556000
CU0342,TRX0230,Adult,2,100,179000,358000
CU0343,TRX0231,Adult,2,100,139000,278000
CU0344,TRX0232,Adult,3,100,139000,417000
CU0345,TRX0232,Child,3,70,97000,291000
CU0346,TRX0232,Toddler,1,0,0,0
CU0347,TRX0233,Adult,2,100,179000,358000
CU0348,TRX0234,Adult,4,100,239000,956000
CU0349,TRX0235,Adult,2,100,139000,278000
CU0350,TRX0236,Adult,5,100,139000,695000
CU0351,TRX0237,Adult,2,100,239000,478000
CU0352,TRX0237,Child,1,70,167000,167000
CU0353,TRX0238,Adult,4,100,139000,556000
CU0354,TRX0239,Adult,2,100,139000,278000
CU0355,TRX0239,Child,4,70,97000,388000
CU0356,TRX0240,Adult,6,100,139000,834000
CU0357,TRX0241,Adult,5,100,139000,695000
CU0358,TRX0242,Adult,3,100,139000,417000
CU0359,TRX0243,Adult,2,100,239000,478000
CU0360,TRX0243,Child,1,70,167000,167000
CU0361,TRX0243,Toddler,1,0,0,0
CU0362,TRX0244,Adult,2,100,239000,478000
CU0363,TRX0244,Child,4,70,167000,668000
CU0364,TRX0245,Adult,2,100,179000,358000
CU0365,TRX0246,Adult,2,100,179000,358000
CU0366,TRX0246,Child,1,70,125000,125000
CU0367,TRX0246,Senior,2,80,143000,286000
CU0368,TRX0247,Adult,5,100,179000,895000
CU0369,TRX0247,Child,1,70,125000,125000
CU0370,TRX0247,Senior,1,80,143000,143000
CU0371,TRX0248,Adult,1,100,179000,179000
CU0372,TRX0249,Adult,2,100,179000,358000
CU0373,TRX0249,Child,1,70,125000,125000
CU0374,TRX0249,Senior,1,80,143000,143000
CU0375,TRX0250,Adult,3,100,179000,537000
CU0376,TRX0251,Adult,2,100,159000,318000
CU0377,TRX0252,Adult,1,100,219000,219000
CU0378,TRX0252,Child,1,70,153000,153000
CU0379,TRX0253,Adult,4,100,119000,476000
CU0380,TRX0254,Adult,2,100,119000,238000
CU0381,TRX0255,Adult,4,100,119000,476000
CU0382,TRX0256,Adult,2,100,159000,318000
CU0383,TRX0257,Adult,2,100,119000,238000
CU0384,TRX0257,Child,1,70,83000,83000
CU0385,TRX0257,Senior,1,80,95000,95000
CU0386,TRX0258,Adult,2,100,119000,238000
CU0387,TRX0258,Child,1,70,83000,83000
CU0388,TRX0258,Senior,1,80,95000,95000
CU0389,TRX0259,Adult,2,100,159000,318000
CU0390,TRX0260,Adult,4,100,119000,476000
CU0391,TRX0261,Adult,7,100,219000,1533000
CU0392,TRX0262,Adult,2,100,159000,318000
CU0393,TRX0262,Toddler,1,0,0,0
CU0394,TRX0263,Adult,2,100,119000,238000
CU0395,TRX0263,Child,1,70,83000,83000
CU0396,TRX0264,Adult,7,100,119000,833000
CU0397,TRX0265,Adult,6,100,119000,714000
CU0398,TRX0266,Adult,2,100,219000,438000
CU0399,TRX0266,Child,1,70,153000,153000
CU0400,TRX0266,Senior,1,80,175000,175000
CU0401,TRX0267,Adult,4,100,119000,476000
CU0402,TRX0268,Adult,1,100,159000,159000
CU0403,TRX0268,Child,2,70,111000,222000
CU0404,TRX0269,Adult,8,100,159000,1272000
CU0405,TRX0269,Senior,2,80,127000,254000
CU0406,TRX0270,Adult,2,100,119000,238000
CU0407,TRX0270,Child,2,70,83000,166000
CU0408,TRX0271,Adult,2,100,119000,238000
CU0409,TRX0271,Child,2,70,83000,166000
CU0410,TRX0272,Adult,2,100,219000,438000
CU0411,TRX0272,Child,4,70,153000,612000
CU0412,TRX0273,Adult,2,100,119000,238000
CU0413,TRX0274,Adult,2,100,119000,238000
CU0414,TRX0274,Child,3,70,83000,249000
CU0415,TRX0275,Adult,2,100,119000,238000
CU0416,TRX0276,Adult,2,100,119000,238000
CU0417,TRX0276,Child,3,70,83000,249000
CU0418,TRX0276,Toddler,1,0,0,0
CU0419,TRX0277,Adult,8,100,219000,1752000
CU0420,TRX0278,Adult,1,100,219000,219000
CU0421,TRX0278,Senior,1,80,175000,175000
CU0422,TRX0279,Adult,5,100,119000,595000
CU0423,TRX0280,Adult,4,100,119000,476000
CU0424,TRX0281,Adult,4,100,159000,636000
CU0425,TRX0282,Adult,3,100,119000,357000
CU0426,TRX0283,Adult,6,100,119000,714000
CU0427,TRX0284,Adult,4,100,119000,476000
CU0428,TRX0285,Adult,3,100,179000,537000
CU0429,TRX0286,Adult,3,100,139000,417000
CU0430,TRX0287,Adult,9,100,139000,1251000
CU0431,TRX0288,Adult,2,100,139000,278000
CU0432,TRX0288,Child,1,70,97000,97000
CU0433,TRX0288,Senior,1,80,111000,111000
CU0434,TRX0289,Adult,2,100,139000,278000
CU0435,TRX0290,Adult,4,100,239000,956000
CU0436,TRX0291,Adult,1,100,139000,139000
CU0437,TRX0291,Child,4,70,97000,388000
CU0438,TRX0291,Toddler,1,0,0,0
CU0439,TRX0292,Adult,1,100,139000,139000
CU0440,TRX0292,Toddler,1,0,0,0
CU0441,TRX0293,Adult,2,100,139000,278000
CU0442,TRX0294,Adult,1,100,179000,179000
CU0443,TRX0294,Senior,1,80,143000,143000
CU0444,TRX0295,Adult,2,100,139000,278000
CU0445,TRX0295,Child,2,70,97000,194000
CU0446,TRX0295,Senior,1,80,111000,111000
CU0447,TRX0295,Toddler,1,0,0,0
CU0448,TRX0296,Adult,5,100,179000,895000
CU0449,TRX0297,Adult,3,100,179000,537000
CU0450,TRX0298,Adult,5,100,179000,895000
CU0451,TRX0299,Adult,1,100,139000,139000
CU0452,TRX0299,Toddler,1,0,0,0
CU0453,TRX0300,Adult,3,100,139000,417000
CU0454,TRX0301,Adult,1,100,179000,179000
CU0455,TRX0301,Child,4,70,125000,500000
CU0456,TRX0302,Adult,5,100,239000,1195000
CU0457,TRX0303,Adult,4,100,179000,716000
CU0458,TRX0304,Adult,2,100,239000,478000
CU0459,TRX0304,Child,2,70,167000,334000
CU0460,TRX0305,Adult,3,100,139000,417000
CU0461,TRX0306,Adult,3,100,139000,417000
CU0462,TRX0307,Adult,5,100,179000,895000
CU0463,TRX0308,Adult,1,100,139000,139000
CU0464,TRX0308,Senior,2,80,111000,222000
CU0465,TRX0309,Adult,4,100,139000,556000
CU0466,TRX0310,Adult,10,100,99000,990000
CU0467,TRX0311,Adult,2,100,99000,198000
CU0468,TRX0311,Child,2,70,69000,138000
CU0469,TRX0312,Adult,1,100,199000,199000
CU0470,TRX0312,Child,1,70,139000,139000
CU0471,TRX0312,Toddler,1,0,0,0
CU0472,TRX0313,Adult,4,100,99000,396000
CU0473,TRX0313,Senior,2,80,79000,158000
CU0474,TRX0314,Adult,2,100,99000,198000
CU0475,TRX0315,Adult,2,100,99000,198000
CU0476,TRX0315,Child,1,70,69000,69000
CU0477,TRX0316,Adult,2,100,99000,198000
CU0478,TRX0317,Adult,4,100,199000,796000
CU0479,TRX0318,Adult,1,100,139000,139000
CU0480,TRX0318,Child,1,70,97000,97000
CU0481,TRX0319,Adult,1,100,139000,139000
CU0482,TRX0319,Child,2,70,97000,194000
CU0483,TRX0319,Toddler,1,0,0,0
CU0484,TRX0320,Adult,1,100,139000,139000
CU0485,TRX0320,Senior,1,80,111000,111000
CU0486,TRX0321,Adult,1,100,99000,99000
CU0487,TRX0321,Senior,1,80,79000,79000
CU0488,TRX0322,Adult,1,100,99000,99000
CU0489,TRX0323,Adult,1,100,99000,99000
CU0490,TRX0324,Adult,2,100,139000,278000
CU0491,TRX0325,Adult,1,100,219000,219000
CU0492,TRX0326,Adult,3,100,219000,657000
CU0493,TRX0327,Adult,2,100,119000,238000
CU0494,TRX0328,Adult,1,100,159000,159000
CU0495,TRX0328,Senior,1,80,127000,127000
CU0496,TRX0329,Adult,2,100,119000,238000
CU0497,TRX0329,Child,1,70,83000,83000
CU0498,TRX0329,Senior,1,80,95000,95000
CU0499,TRX0330,Adult,1,100,159000,159000
CU0500,TRX0330,Child,1,70,111000,111000
CU0501,TRX0331,Adult,5,100,219000,1095000
CU0502,TRX0332,Adult,4,100,119000,476000
CU0503,TRX0333,Adult,1,100,119000,119000
CU0504,TRX0333,Senior,1,80,95000,95000
CU0505,TRX0334,Adult,3,100,159000,477000
CU0506,TRX0334,Child,2,70,111000,222000
CU0507,TRX0335,Adult,2,100,119000,238000
CU0508,TRX0335,Child,1,70,83000,83000
CU0509,TRX0336,Adult,3,100,119000,357000
CU0510,TRX0337,Adult,2,100,219000,438000
CU0511,TRX0337,Toddler,1,0,0,0
CU0512,TRX0338,Adult,6,100,119000,714000
CU0513,TRX0339,Adult,3,100,119000,357000
CU0514,TRX0340,Adult,6,100,159000,954000
CU0515,TRX0341,Adult,4,100,119000,476000
CU0516,TRX0341,Child,1,70,83000,83000
CU0517,TRX0341,Senior,1,80,95000,95000
CU0518,TRX0342,Adult,5,100,139000,695000
CU0519,TRX0343,Adult,5,100,139000,695000
CU0520,TRX0344,Adult,2,100,99000,198000
CU0521,TRX0344,Child,1,70,69000,69000
CU0522,TRX0345,Adult,2,100,139000,278000
CU0523,TRX0346,Adult,1,100,139000,139000
CU0524,TRX0346,Child,1,70,97000,97000
CU0525,TRX0347,Adult,4,100,139000,556000
CU0526,TRX0348,Adult,3,100,99000,297000
CU0527,TRX0349,Adult,3,100,139000,417000
CU0528,TRX0350,Adult,3,100,99000,297000
CU0529,TRX0351,Adult,1,100,99000,99000
CU0530,TRX0351,Senior,1,80,79000,79000
CU0531,TRX0352,Adult,1,100,139000,139000
CU0532,TRX0352,Child,2,70,97000,194000
CU0533,TRX0353,Adult,2,100,139000,278000
CU0534,TRX0353,Child,1,70,97000,97000
CU0535,TRX0354,Adult,5,100,99000,495000
CU0536,TRX0354,Senior,2,80,79000,158000
CU0537,TRX0355,Adult,2,100,99000,198000
CU0538,TRX0355,Child,3,70,69000,207000
CU0539,TRX0355,Senior,1,80,79000,79000
CU0540,TRX0355,Toddler,1,0,0,0
CU0541,TRX0356,Adult,1,100,99000,99000
CU0542,TRX0356,Child,1,70,69000,69000
CU0543,TRX0357,Adult,1,100,139000,139000
CU0544,TRX0357,Child,2,70,97000,194000
CU0545,TRX0357,Toddler,1,0,0,0
CU0546,TRX0358,Adult,3,100,139000,417000
CU0547,TRX0359,Adult,1,100,139000,139000
CU0548,TRX0359,Child,1,70,97000,97000
CU0549,TRX0360,Adult,1,100,119000,119000
CU0550,TRX0360,Senior,1,80,95000,95000
CU0551,TRX0361,Adult,2,100,219000,438000
CU0552,TRX0361,Child,5,70,153000,765000
CU0553,TRX0362,Adult,1,100,159000,159000
CU0554,TRX0363,Adult,4,100,219000,876000
CU0555,TRX0364,Adult,2,100,119000,238000
CU0556,TRX0364,Child,2,70,83000,166000
CU0557,TRX0365,Adult,2,100,219000,438000
CU0558,TRX0365,Child,2,70,153000,306000
CU0559,TRX0365,Senior,1,80,175000,175000
CU0560,TRX0365,Toddler,1,0,0,0
CU0561,TRX0366,Adult,3,100,119000,357000
CU0562,TRX0367,Adult,6,100,159000,954000
CU0563,TRX0368,Adult,2,100,219000,438000
CU0564,TRX0368,Child,2,70,153000,306000
CU0565,TRX0369,Adult,12,100,159000,1908000
CU0566,TRX0370,Adult,2,100,219000,438000
CU0567,TRX0371,Adult,2,100,119000,238000
CU0568,TRX0371,Senior,2,80,95000,190000
CU0569,TRX0372,Adult,6,100,159000,954000
CU0570,TRX0373,Adult,2,100,159000,318000
CU0571,TRX0374,Adult,5,100,159000,795000
CU0572,TRX0375,Adult,7,100,159000,1113000
CU0573,TRX0376,Adult,2,100,99000,198000
CU0574,TRX0376,Child,2,70,69000,138000
CU0575,TRX0377,Adult,2,100,99000,198000
CU0576,TRX0377,Child,1,70,69000,69000
CU0577,TRX0377,Toddler,1,0,0,0
CU0578,TRX0378,Adult,2,100,139000,278000
CU0579,TRX0379,Adult,1,100,99000,99000
CU0580,TRX0380,Adult,2,100,99000,198000
CU0581,TRX0380,Toddler,1,0,0,0
CU0582,TRX0381,Adult,1,100,199000,199000
CU0583,TRX0381,Child,1,70,139000,139000
CU0584,TRX0382,Adult,4,100,139000,556000
CU0585,TRX0383,Adult,2,100,139000,278000
CU0586,TRX0383,Senior,2,80,111000,222000
CU0587,TRX0384,Adult,2,100,139000,278000
CU0588,TRX0385,Adult,2,100,99000,198000
CU0589,TRX0386,Adult,4,100,99000,396000
CU0590,TRX0387,Adult,2,100,99000,198000
CU0591,TRX0388,Adult,1,100,99000,99000
CU0592,TRX0388,Child,1,70,69000,69000
CU0593,TRX0389,Adult,2,100,139000,278000
CU0594,TRX0389,Child,1,70,97000,97000
CU0595,TRX0389,Toddler,1,0,0,0
CU0596,TRX0390,Adult,3,100,139000,417000
CU0597,TRX0391,Adult,2,100,199000,398000
CU0598,TRX0392,Adult,4,100,139000,556000
CU0599,TRX0393,Adult,2,100,99000,198000
CU0600,TRX0393,Child,2,70,69000,138000
CU0601,TRX0394,Adult,1,100,119000,119000
CU0602,TRX0395,Adult,2,100,219000,438000
CU0603,TRX0395,Child,1,70,153000,153000
CU0604,TRX0395,Toddler,1,0,0,0
CU0605,TRX0396,Adult,3,100,219000,657000
CU0606,TRX0397,Adult,2,100,159000,318000
CU0607,TRX0397,Toddler,1,0,0,0
CU0608,TRX0398,Adult,5,100,159000,795000
CU0609,TRX0399,Adult,1,100,119000,119000
CU0610,TRX0399,Child,5,70,83000,415000
CU0611,TRX0400,Adult,2,100,119000,238000
CU0612,TRX0400,Child,2,70,83000,166000
CU0613,TRX0400,Senior,1,80,95000,95000
CU0614,TRX0401,Adult,4,100,159000,636000
CU0615,TRX0402,Adult,2,100,119000,238000
CU0616,TRX0403,Adult,4,100,119000,476000
CU0617,TRX0404,Adult,2,100,159000,318000
CU0618,TRX0404,Child,1,70,111000,111000
CU0619,TRX0405,Adult,2,100,159000,318000
CU0620,TRX0405,Child,1,70,111000,111000
CU0621,TRX0405,Senior,1,80,127000,127000
CU0622,TRX0406,Adult,4,100,119000,476000
CU0623,TRX0406,Senior,1,80,95000,95000
CU0624,TRX0407,Adult,2,100,159000,318000
CU0625,TRX0407,Child,6,70,111000,666000
CU0626,TRX0408,Adult,7,100,119000,833000
CU0627,TRX0408,Child,1,70,83000,83000
CU0628,TRX0408,Senior,1,80,95000,95000
CU0629,TRX0409,Adult,3,100,219000,657000
CU0630,TRX0410,Adult,3,100,219000,657000
CU0631,TRX0410,Child,1,70,153000,153000
CU0632,TRX0410,Senior,2,80,175000,350000
CU0633,TRX0411,Adult,4,100,159000,636000
CU0634,TRX0412,Adult,1,100,159000,159000
CU0635,TRX0412,Toddler,1,0,0,0
CU0636,TRX0413,Adult,2,100,119000,238000
CU0637,TRX0413,Child,1,70,83000,83000
CU0638,TRX0413,Senior,1,80,95000,95000
CU0639,TRX0414,Adult,1,100,159000,159000
CU0640,TRX0414,Toddler,1,0,0,0
CU0641,TRX0415,Adult,3,100,159000,477000
CU0642,TRX0416,Adult,1,100,159000,159000
CU0643,TRX0416,Child,1,70,111000,111000
CU0644,TRX0417,Adult,5,100,159000,795000
CU0645,TRX0418,Adult,6,100,159000,954000
CU0646,TRX0419,Adult,6,100,139000,834000
CU0647,TRX0419,Senior,1,80,111000,111000
CU0648,TRX0420,Adult,2,100,99000,198000
CU0649,TRX0420,Child,2,70,69000,138000
CU0650,TRX0421,Adult,3,100,139000,417000
CU0651,TRX0422,Adult,2,100,139000,278000
CU0652,TRX0423,Adult,2,100,139000,278000
CU0653,TRX0423,Child,2,70,97000,194000
CU0654,TRX0424,Adult,2,100,139000,278000
CU0655,TRX0424,Child,1,70,97000,97000
CU0656,TRX0424,Senior,1,80,111000,111000
CU0657,TRX0425,Adult,3,100,99000,297000
CU0658,TRX0426,Adult,2,100,139000,278000
CU0659,TRX0427,Adult,1,100,139000,139000
CU0660,TRX0427,Child,2,70,97000,194000
CU0661,TRX0428,Adult,5,100,139000,695000
CU0662,TRX0429,Adult,3,100,139000,417000
CU0663,TRX0430,Adult,2,100,139000,278000
CU0664,TRX0431,Adult,1,100,99000,99000
CU0665,TRX0432,Adult,3,100,99000,297000
CU0666,TRX0432,Child,3,70,69000,207000
CU0667,TRX0433,Adult,1,100,99000,99000
CU0668,TRX0433,Senior,2,80,79000,158000
CU0669,TRX0434,Adult,2,100,99000,198000
CU0670,TRX0435,Adult,2,100,99000,198000
CU0671,TRX0435,Child,1,70,69000,69000
CU0672,TRX0435,Senior,1,80,79000,79000
CU0673,TRX0436,Adult,2,100,139000,278000
CU0674,TRX0436,Child,1,70,97000,97000
CU0675,TRX0436,Toddler,1,0,0,0
CU0676,TRX0437,Adult,4,100,139000,556000
CU0677,TRX0438,Adult,2,100,159000,318000
CU0678,TRX0438,Child,1,70,111000,111000
CU0679,TRX0438,Senior,1,80,127000,127000
CU0680,TRX0439,Adult,2,100,159000,318000
CU0681,TRX0439,Child,4,70,111000,444000
CU0682,TRX0440,Adult,2,100,159000,318000
CU0683,TRX0440,Child,5,70,111000,555000
CU0684,TRX0440,Toddler,1,0,0,0
CU0685,TRX0441,Adult,1,100,159000,159000
CU0686,TRX0441,Child,1,70,111000,111000
CU0687,TRX0442,Adult,2,100,119000,238000
CU0688,TRX0443,Adult,2,100,119000,238000
CU0689,TRX0444,Adult,6,100,159000,954000
CU0690,TRX0445,Adult,2,100,159000,318000
CU0691,TRX0445,Child,5,70,111000,555000
CU0692,TRX0446,Adult,2,100,219000,438000
CU0693,TRX0447,Adult,7,100,159000,1113000
CU0694,TRX0447,Senior,1,80,127000,127000
CU0695,TRX0448,Adult,1,100,119000,119000
CU0696,TRX0449,Adult,4,100,219000,876000
CU0697,TRX0450,Adult,5,100,159000,795000
CU0698,TRX0451,Adult,1,100,219000,219000
CU0699,TRX0451,Child,2,70,153000,306000
CU0700,TRX0452,Adult,2,100,159000,318000
CU0701,TRX0453,Adult,4,100,119000,476000
CU0702,TRX0454,Adult,6,100,119000,714000
CU0703,TRX0455,Adult,4,100,159000,636000
CU0704,TRX0456,Adult,2,100,159000,318000
CU0705,TRX0456,Child,4,70,111000,444000
CU0706,TRX0457,Adult,4,100,119000,476000
CU0707,TRX0458,Adult,5,100,159000,795000
CU0708,TRX0459,Adult,2,100,219000,438000
CU0709,TRX0460,Adult,2,100,119000,238000
CU0710,TRX0460,Child,1,70,83000,83000
CU0711,TRX0460,Toddler,1,0,0,0
CU0712,TRX0461,Adult,1,100,159000,159000
CU0713,TRX0461,Child,1,70,111000,111000
CU0714,TRX0462,Adult,7,100,159000,1113000
CU0715,TRX0463,Adult,2,100,139000,278000
CU0716,TRX0463,Child,4,70,97000,388000
CU0717,TRX0464,Adult,1,100,99000,99000
CU0718,TRX0465,Adult,2,100,99000,198000
CU0719,TRX0466,Adult,1,100,199000,199000
CU0720,TRX0466,Toddler,1,0,0,0
CU0721,TRX0467,Adult,2,100,99000,198000
CU0722,TRX0467,Child,1,70,69000,69000
CU0723,TRX0467,Toddler,1,0,0,0
CU0724,TRX0468,Adult,4,100,99000,396000
CU0725,TRX0468,Senior,1,80,79000,79000
CU0726,TRX0469,Adult,2,100,139000,278000
CU0727,TRX0470,Adult,2,100,99000,198000
CU0728,TRX0471,Adult,5,100,99000,495000
CU0729,TRX0472,Adult,9,100,199000,1791000
CU0730,TRX0473,Adult,3,100,139000,417000
CU0731,TRX0473,Child,3,70,97000,291000
CU0732,TRX0474,Adult,2,100,139000,278000
CU0733,TRX0474,Child,2,70,97000,194000
CU0734,TRX0475,Adult,4,100,139000,556000
CU0735,TRX0476,Adult,6,100,199000,1194000
CU0736,TRX0477,Adult,2,100,119000,238000
CU0737,TRX0478,Adult,3,100,159000,477000
CU0738,TRX0479,Adult,4,100,219000,876000
CU0739,TRX0480,Adult,2,100,159000,318000
CU0740,TRX0480,Child,3,70,111000,333000
CU0741,TRX0480,Toddler,1,0,0,0
CU0742,TRX0481,Adult,2,100,219000,438000
CU0743,TRX0482,Adult,4,100,159000,636000
CU0744,TRX0483,Adult,6,100,119000,714000
CU0745,TRX0484,Adult,1,100,119000,119000
CU0746,TRX0484,Senior,1,80,95000,95000
CU0747,TRX0485,Adult,7,100,159000,1113000
CU0748,TRX0486,Adult,8,100,119000,952000
CU0749,TRX0487,Adult,2,100,159000,318000
CU0750,TRX0487,Child,1,70,111000,111000
CU0751,TRX0487,Toddler,1,0,0,0
CU0752,TRX0488,Adult,4,100,119000,476000
CU0753,TRX0489,Adult,2,100,119000,238000
CU0754,TRX0489,Child,4,70,83000,332000
CU0755,TRX0490,Adult,3,100,159000,477000
CU0756,TRX0491,Adult,1,100,159000,159000
CU0757,TRX0492,Adult,3,100,119000,357000
CU0758,TRX0493,Adult,2,100,119000,238000
CU0759,TRX0494,Adult,3,100,119000,357000
CU0760,TRX0495,Adult,1,100,159000,159000
CU0761,TRX0495,Child,1,70,111000,111000
CU0762,TRX0496,Adult,1,100,159000,159000
CU0763,TRX0496,Child,2,70,111000,222000
CU0764,TRX0497,Adult,2,100,159000,318000
CU0765,TRX0498,Adult,4,100,119000,476000
CU0766,TRX0499,Adult,2,100,119000,238000
CU0767,TRX0500,Adult,1,100,159000,159000
CU0768,TRX0500,Child,7,70,111000,777000
CU0769,TRX0501,Adult,2,100,119000,238000
CU0770,TRX0502,Adult,5,100,119000,595000
CU0771,TRX0503,Adult,2,100,159000,318000
CU0772,TRX0504,Adult,3,100,159000,477000
CU0773,TRX0504,Child,3,70,111000,333000
CU0774,TRX0505,Adult,6,100,119000,714000
CU0775,TRX0506,Adult,4,100,159000,636000
CU0776,TRX0507,Adult,3,100,119000,357000
CU0777,TRX0507,Child,1,70,83000,83000
CU0778,TRX0508,Adult,2,100,159000,318000
CU0779,TRX0508,Child,3,70,111000,333000
CU0780,TRX0508,Toddler,1,0,0,0
CU0781,TRX0509,Adult,4,100,159000,636000
CU0782,TRX0510,Adult,4,100,119000,476000
CU0783,TRX0511,Adult,2,100,119000,238000
CU0784,TRX0512,Adult,3,100,119000,357000
CU0785,TRX0513,Adult,3,100,159000,477000
CU0786,TRX0514,Adult,3,100,119000,357000
CU0787,TRX0515,Adult,2,100,119000,238000
CU0788,TRX0515,Child,1,70,83000,83000
CU0789,TRX0516,Adult,2,100,159000,318000
CU0790,TRX0516,Toddler,1,0,0,0
CU0791,TRX0517,Adult,1,100,119000,119000
CU0792,TRX0517,Child,2,70,83000,166000
CU0793,TRX0518,Adult,6,100,119000,714000
CU0794,TRX0519,Adult,1,100,119000,119000
CU0795,TRX0519,Toddler,1,0,0,0
CU0796,TRX0520,Adult,2,100,159000,318000
CU0797,TRX0520,Child,2,70,111000,222000
CU0798,TRX0520,Toddler,1,0,0,0
CU0799,TRX0521,Adult,2,100,159000,318000
CU0800,TRX0521,Child,1,70,111000,111000
CU0801,TRX0521,Senior,1,80,127000,127000
CU0802,TRX0522,Adult,4,100,159000,636000
CU0803,TRX0523,Adult,2,100,159000,318000
CU0804,TRX0523,Child,1,70,111000,111000
CU0805,TRX0523,Senior,2,80,127000,254000
CU0806,TRX0524,Adult,7,100,119000,833000
CU0807,TRX0525,Adult,2,100,119000,238000
CU0808,TRX0526,Adult,1,100,159000,159000
CU0809,TRX0526,Child,1,70,111000,111000
CU0810,TRX0527,Adult,1,100,159000,159000
CU0811,TRX0528,Adult,2,100,159000,318000
CU0812,TRX0528,Child,2,70,111000,222000
CU0813,TRX0529,Adult,2,100,219000,438000
CU0814,TRX0529,Child,2,70,153000,306000
CU0815,TRX0530,Adult,4,100,119000,476000
CU0816,TRX0531,Adult,2,100,159000,318000
CU0817,TRX0531,Child,2,70,111000,222000
CU0818,TRX0532,Adult,2,100,119000,238000
CU0819,TRX0533,Adult,1,100,119000,119000
CU0820,TRX0533,Child,1,70,83000,83000
CU0821,TRX0534,Adult,2,100,119000,238000
CU0822,TRX0534,Child,1,70,83000,83000
CU0823,TRX0535,Adult,3,100,119000,357000
CU0824,TRX0536,Adult,3,100,159000,477000
CU0825,TRX0537,Adult,10,100,119000,1190000
CU0826,TRX0538,Adult,1,100,159000,159000
CU0827,TRX0538,Child,1,70,111000,111000
CU0828,TRX0539,Adult,8,100,219000,1752000
CU0829,TRX0540,Adult,4,100,159000,636000
CU0830,TRX0541,Adult,1,100,119000,119000
CU0831,TRX0541,Child,1,70,83000,83000
CU0832,TRX0541,Toddler,1,0,0,0
CU0833,TRX0542,Adult,3,100,159000,477000
CU0834,TRX0543,Adult,2,100,219000,438000
CU0835,TRX0544,Adult,2,100,119000,238000
CU0836,TRX0544,Child,3,70,83000,249000
CU0837,TRX0545,Adult,1,100,119000,119000
CU0838,TRX0545,Senior,1,80,95000,95000
CU0839,TRX0546,Adult,1,100,159000,159000
CU0840,TRX0546,Senior,2,80,127000,254000
CU0841,TRX0547,Adult,7,100,159000,1113000
CU0842,TRX0548,Adult,4,100,119000,476000
CU0843,TRX0549,Adult,3,100,119000,357000
CU0844,TRX0549,Child,3,70,83000,249000
CU0845,TRX0550,Adult,2,100,159000,318000
CU0846,TRX0550,Child,2,70,111000,222000
CU0847,TRX0551,Adult,2,100,119000,238000
CU0848,TRX0552,Adult,5,100,159000,795000
CU0849,TRX0553,Adult,6,100,159000,954000
CU0850,TRX0554,Adult,5,100,219000,1095000
CU0851,TRX0555,Adult,2,100,119000,238000
CU0852,TRX0556,Adult,2,100,219000,438000
CU0853,TRX0557,Adult,3,100,119000,357000
CU0854,TRX0557,Child,1,70,83000,83000
CU0855,TRX0558,Adult,5,100,159000,795000
CU0856,TRX0559,Adult,1,100,119000,119000
CU0857,TRX0559,Child,1,70,83000,83000
CU0858,TRX0560,Adult,3,100,219000,657000
CU0859,TRX0561,Adult,4,100,159000,636000
CU0860,TRX0562,Adult,2,100,119000,238000
CU0861,TRX0562,Child,1,70,83000,83000
CU0862,TRX0563,Adult,6,100,119000,714000
CU0863,TRX0564,Adult,2,100,159000,318000
CU0864,TRX0565,Adult,5,100,119000,595000
CU0865,TRX0566,Adult,2,100,139000,278000
CU0866,TRX0566,Senior,2,80,111000,222000
CU0867,TRX0567,Adult,1,100,139000,139000
CU0868,TRX0568,Adult,2,100,179000,358000
CU0869,TRX0568,Child,2,70,125000,250000
CU0870,TRX0569,Adult,8,100,239000,1912000
CU0871,TRX0570,Adult,7,100,139000,973000
CU0872,TRX0571,Adult,4,100,139000,556000
CU0873,TRX0572,Adult,2,100,179000,358000
CU0874,TRX0572,Senior,2,80,143000,286000
CU0875,TRX0573,Adult,3,100,179000,537000
CU0876,TRX0574,Adult,2,100,239000,478000
CU0877,TRX0575,Adult,3,100,239000,717000
CU0878,TRX0576,Adult,1,100,239000,239000
CU0879,TRX0576,Child,1,70,167000,167000
CU0880,TRX0577,Adult,3,100,239000,717000
CU0881,TRX0577,Toddler,1,0,0,0
CU0882,TRX0578,Adult,1,100,179000,179000
CU0883,TRX0578,Toddler,1,0,0,0
CU0884,TRX0579,Adult,1,100,179000,179000
CU0885,TRX0579,Child,1,70,125000,125000
CU0886,TRX0580,Adult,2,100,139000,278000
CU0887,TRX0580,Child,1,70,97000,97000
CU0888,TRX0580,Senior,1,80,111000,111000
CU0889,TRX0581,Adult,4,100,139000,556000
CU0890,TRX0582,Adult,4,100,179000,716000
CU0891,TRX0583,Adult,3,100,179000,537000
CU0892,TRX0584,Adult,1,100,179000,179000
CU0893,TRX0585,Adult,4,100,179000,716000
CU0894,TRX0586,Adult,2,100,179000,358000
CU0895,TRX0587,Adult,2,100,239000,478000
CU0896,TRX0587,Child,2,70,167000,334000
CU0897,TRX0588,Adult,2,100,139000,278000
CU0898,TRX0588,Child,6,70,97000,582000
CU0899,TRX0588,Toddler,1,0,0,0
CU0900,TRX0589,Adult,3,100,139000,417000
CU0901,TRX0589,Child,4,70,97000,388000
CU0902,TRX0590,Adult,1,100,239000,239000
CU0903,TRX0591,Adult,1,100,179000,179000
CU0904,TRX0591,Child,1,70,125000,125000
CU0905,TRX0592,Adult,2,100,179000,358000
CU0906,TRX0592,Child,4,70,125000,500000
CU0907,TRX0592,Senior,1,80,143000,143000
CU0908,TRX0592,Toddler,1,0,0,0
CU0909,TRX0593,Adult,6,100,139000,834000
CU0910,TRX0594,Adult,3,100,139000,417000
CU0911,TRX0595,Adult,2,100,179000,358000
CU0912,TRX0596,Adult,2,100,179000,358000
CU0913,TRX0597,Adult,4,100,179000,716000
CU0914,TRX0597,Senior,1,80,143000,143000
CU0915,TRX0598,Adult,4,100,179000,716000
CU0916,TRX0599,Adult,3,100,159000,477000
CU0917,TRX0600,Adult,1,100,119000,119000
CU0918,TRX0600,Child,2,70,83000,166000
CU0919,TRX0600,Toddler,1,0,0,0
CU0920,TRX0601,Adult,2,100,119000,238000
CU0921,TRX0602,Adult,5,100,219000,1095000
CU0922,TRX0603,Adult,1,100,119000,119000
CU0923,TRX0604,Adult,1,100,119000,119000
CU0924,TRX0604,Toddler,1,0,0,0
CU0925,TRX0605,Adult,1,100,119000,119000
CU0926,TRX0606,Adult,5,100,119000,595000
CU0927,TRX0607,Adult,3,100,159000,477000
CU0928,TRX0607,Child,3,70,111000,333000
CU0929,TRX0608,Adult,2,100,119000,238000
CU0930,TRX0608,Senior,1,80,95000,95000
CU0931,TRX0609,Adult,3,100,119000,357000
CU0932,TRX0609,Child,1,70,83000,83000
CU0933,TRX0609,Senior,2,80,95000,190000
CU0934,TRX0610,Adult,1,100,159000,159000
CU0935,TRX0610,Child,1,70,111000,111000
CU0936,TRX0611,Adult,3,100,119000,357000
CU0937,TRX0611,Child,1,70,83000,83000
CU0938,TRX0612,Adult,2,100,119000,238000
CU0939,TRX0613,Adult,2,100,219000,438000
CU0940,TRX0613,Toddler,1,0,0,0
CU0941,TRX0614,Adult,1,100,119000,119000
CU0942,TRX0614,Child,1,70,83000,83000
CU0943,TRX0615,Adult,2,100,119000,238000
CU0944,TRX0615,Child,6,70,83000,498000
CU0945,TRX0615,Toddler,1,0,0,0
CU0946,TRX0616,Adult,2,100,219000,438000
CU0947,TRX0616,Child,6,70,153000,918000
CU0948,TRX0617,Adult,3,100,159000,477000
CU0949,TRX0618,Adult,2,100,159000,318000
CU0950,TRX0618,Senior,2,80,127000,254000
CU0951,TRX0619,Adult,1,100,219000,219000
CU0952,TRX0619,Toddler,1,0,0,0
CU0953,TRX0620,Adult,2,100,219000,438000
CU0954,TRX0620,Toddler,1,0,0,0
CU0955,TRX0621,Adult,3,100,119000,357000
CU0956,TRX0621,Senior,1,80,95000,95000
CU0957,TRX0622,Adult,5,100,159000,795000
CU0958,TRX0623,Adult,8,100,159000,1272000
CU0959,TRX0624,Adult,2,100,119000,238000
CU0960,TRX0624,Child,2,70,83000,166000
CU0961,TRX0625,Adult,6,100,219000,1314000
CU0962,TRX0626,Adult,2,100,119000,238000
CU0963,TRX0626,Senior,1,80,95000,95000
CU0964,TRX0627,Adult,2,100,159000,318000
CU0965,TRX0628,Adult,2,100,159000,318000
CU0966,TRX0628,Child,3,70,111000,333000
CU0967,TRX0629,Adult,2,100,159000,318000
CU0968,TRX0630,Adult,9,100,119000,1071000
CU0969,TRX0631,Adult,7,100,159000,1113000
CU0970,TRX0632,Adult,4,100,119000,476000
CU0971,TRX0633,Adult,6,100,219000,1314000
CU0972,TRX0634,Adult,6,100,159000,954000
CU0973,TRX0635,Adult,4,100,119000,476000
CU0974,TRX0636,Adult,4,100,119000,476000
CU0975,TRX0636,Senior,1,80,95000,95000
CU0976,TRX0637,Adult,3,100,179000,537000
CU0977,TRX0637,Toddler,1,0,0,0
CU0978,TRX0638,Adult,2,100,239000,478000
CU0979,TRX0639,Adult,5,100,139000,695000
CU0980,TRX0640,Adult,1,100,239000,239000
CU0981,TRX0640,Child,4,70,167000,668000
CU0982,TRX0640,Toddler,1,0,0,0
CU0983,TRX0641,Adult,2,100,139000,278000
CU0984,TRX0642,Adult,2,100,139000,278000
CU0985,TRX0642,Child,1,70,97000,97000
CU0986,TRX0643,Adult,5,100,179000,895000
CU0987,TRX0644,Adult,3,100,139000,417000
CU0988,TRX0644,Senior,1,80,111000,111000
CU0989,TRX0645,Adult,5,100,139000,695000
CU0990,TRX0646,Adult,2,100,139000,278000
CU0991,TRX0646,Child,2,70,97000,194000
CU0992,TRX0647,Adult,3,100,179000,537000
CU0993,TRX0648,Adult,2,100,139000,278000
CU0994,TRX0648,Child,5,70,97000,485000
CU0995,TRX0649,Adult,3,100,239000,717000
CU0996,TRX0649,Child,4,70,167000,668000
CU0997,TRX0650,Adult,4,100,139000,556000
CU0998,TRX0651,Adult,1,100,139000,139000
CU0999,TRX0651,Child,1,70,97000,97000
CU1000,TRX0652,Adult,2,100,179000,358000
CU1001,TRX0652,Child,1,70,125000,125000
CU1002,TRX0652,Senior,1,80,143000,143000
CU1003,TRX0653,Adult,2,100,179000,358000
CU1004,TRX0654,Adult,2,100,179000,358000
CU1005,TRX0655,Adult,3,100,179000,537000
CU1006,TRX0655,Child,1,70,125000,125000
CU1007,TRX0655,Toddler,1,0,0,0
CU1008,TRX0656,Adult,1,100,239000,239000
CU1009,TRX0656,Child,1,70,167000,167000
CU1010,TRX0657,Adult,1,100,179000,179000
CU1011,TRX0658,Adult,2,100,179000,358000
CU1012,TRX0659,Adult,1,100,139000,139000
CU1013,TRX0660,Adult,1,100,239000,239000
CU1014,TRX0660,Child,1,70,167000,167000
CU1015,TRX0661,Adult,6,100,179000,1074000
CU1016,TRX0662,Adult,6,100,139000,834000
CU1017,TRX0663,Adult,3,100,139000,417000
CU1018,TRX0664,Adult,1,100,139000,139000
CU1019,TRX0664,Child,5,70,97000,485000
CU1020,TRX0665,Adult,2,100,199000,398000
CU1021,TRX0665,Child,2,70,139000,278000
CU1022,TRX0665,Senior,1,80,159000,159000
CU1023,TRX0665,Toddler,1,0,0,0
CU1024,TRX0666,Adult,2,100,99000,198000
CU1025,TRX0666,Child,2,70,69000,138000
CU1026,TRX0667,Adult,3,100,199000,597000
CU1027,TRX0667,Child,1,70,139000,139000
CU1028,TRX0668,Adult,2,100,99000,198000
CU1029,TRX0668,Child,3,70,69000,207000
CU1030,TRX0669,Adult,1,100,99000,99000
CU1031,TRX0669,Child,1,70,69000,69000
CU1032,TRX0670,Adult,1,100,139000,139000
CU1033,TRX0670,Child,1,70,97000,97000
CU1034,TRX0671,Adult,2,100,199000,398000
CU1035,TRX0671,Child,1,70,139000,139000
CU1036,TRX0671,Senior,2,80,159000,318000
CU1037,TRX0672,Adult,2,100,139000,278000
CU1038,TRX0673,Adult,2,100,139000,278000
CU1039,TRX0674,Adult,5,100,199000,995000
CU1040,TRX0675,Adult,2,100,99000,198000
CU1041,TRX0675,Child,5,70,69000,345000
CU1042,TRX0676,Adult,2,100,99000,198000
CU1043,TRX0677,Adult,3,100,139000,417000
CU1044,TRX0678,Adult,2,100,219000,438000
CU1045,TRX0679,Adult,1,100,119000,119000
CU1046,TRX0679,Child,4,70,83000,332000
CU1047,TRX0680,Adult,2,100,159000,318000
CU1048,TRX0681,Adult,4,100,219000,876000
CU1049,TRX0682,Adult,6,100,159000,954000
CU1050,TRX0683,Adult,2,100,119000,238000
CU1051,TRX0684,Adult,1,100,119000,119000
CU1052,TRX0684,Child,3,70,83000,249000
CU1053,TRX0685,Adult,1,100,119000,119000
CU1054,TRX0686,Adult,2,100,159000,318000
CU1055,TRX0687,Adult,3,100,119000,357000
CU1056,TRX0688,Adult,2,100,119000,238000
CU1057,TRX0688,Senior,1,80,95000,95000
CU1058,TRX0689,Adult,4,100,119000,476000
CU1059,TRX0690,Adult,2,100,119000,238000
CU1060,TRX0691,Adult,3,100,159000,477000
CU1061,TRX0691,Child,1,70,111000,111000
CU1062,TRX0692,Adult,5,100,119000,595000
CU1063,TRX0693,Adult,3,100,219000,657000
CU1064,TRX0693,Child,2,70,153000,306000
CU1065,TRX0694,Adult,4,100,159000,636000
CU1066,TRX0695,Adult,2,100,159000,318000
CU1067,TRX0696,Adult,3,100,159000,477000
CU1068,TRX0697,Adult,2,100,99000,198000
CU1069,TRX0698,Adult,4,100,139000,556000
CU1070,TRX0698,Senior,1,80,111000,111000
CU1071,TRX0699,Adult,2,100,99000,198000
CU1072,TRX0700,Adult,8,100,99000,792000
CU1073,TRX0701,Adult,4,100,99000,396000
CU1074,TRX0702,Adult,4,100,99000,396000
CU1075,TRX0703,Adult,4,100,99000,396000
CU1076,TRX0704,Adult,2,100,199000,398000
CU1077,TRX0705,Adult,10,100,139000,1390000
CU1078,TRX0706,Adult,4,100,99000,396000
CU1079,TRX0707,Adult,1,100,139000,139000
CU1080,TRX0708,Adult,1,100,139000,139000
CU1081,TRX0709,Adult,1,100,99000,99000
CU1082,TRX0709,Child,3,70,69000,207000
CU1083,TRX0709,Toddler,1,0,0,0
CU1084,TRX0710,Adult,2,100,99000,198000
CU1085,TRX0710,Child,4,70,69000,276000
CU1086,TRX0711,Adult,3,100,139000,417000
CU1087,TRX0712,Adult,5,100,119000,595000
CU1088,TRX0713,Adult,8,100,159000,1272000
CU1089,TRX0714,Adult,3,100,159000,477000
CU1090,TRX0715,Adult,6,100,159000,954000
CU1091,TRX0716,Adult,2,100,159000,318000
CU1092,TRX0717,Adult,3,100,119000,357000
CU1093,TRX0717,Child,1,70,83000,83000
CU1094,TRX0718,Adult,1,100,219000,219000
CU1095,TRX0718,Child,1,70,153000,153000
CU1096,TRX0719,Adult,10,100,119000,1190000
CU1097,TRX0720,Adult,2,100,159000,318000
CU1098,TRX0721,Adult,5,100,119000,595000
CU1099,TRX0722,Adult,3,100,219000,657000
CU1100,TRX0723,Adult,2,100,119000,238000
CU1101,TRX0724,Adult,4,100,119000,476000
CU1102,TRX0725,Adult,4,100,159000,636000
CU1103,TRX0726,Adult,3,100,159000,477000
CU1104,TRX0727,Adult,3,100,159000,477000
CU1105,TRX0728,Adult,1,100,119000,119000
CU1106,TRX0728,Senior,1,80,95000,95000
CU1107,TRX0729,Adult,3,100,219000,657000
CU1108,TRX0729,Senior,1,80,175000,175000
CU1109,TRX0730,Adult,2,100,159000,318000
CU1110,TRX0730,Child,4,70,111000,444000
CU1111,TRX0730,Senior,1,80,127000,127000
CU1112,TRX0730,Toddler,1,0,0,0
CU1113,TRX0731,Adult,2,100,159000,318000
CU1114,TRX0731,Child,1,70,111000,111000
CU1115,TRX0732,Adult,12,100,159000,1908000
CU1116,TRX0733,Adult,9,100,159000,1431000
CU1117,TRX0734,Adult,1,100,159000,159000
CU1118,TRX0734,Senior,2,80,127000,254000
CU1119,TRX0735,Adult,6,100,119000,714000
CU1120,TRX0736,Adult,1,100,159000,159000
CU1121,TRX0736,Child,1,70,111000,111000
CU1122,TRX0737,Adult,2,100,159000,318000
CU1123,TRX0737,Child,4,70,111000,444000
CU1124,TRX0738,Adult,3,100,119000,357000
CU1125,TRX0738,Child,1,70,83000,83000
CU1126,TRX0739,Adult,3,100,99000,297000
CU1127,TRX0740,Adult,3,100,139000,417000
CU1128,TRX0741,Adult,1,100,99000,99000
CU1129,TRX0742,Adult,2,100,99000,198000
CU1130,TRX0742,Child,1,70,69000,69000
CU1131,TRX0743,Adult,2,100,99000,198000
CU1132,TRX0744,Adult,2,100,139000,278000
CU1133,TRX0745,Adult,4,100,99000,396000
CU1134,TRX0746,Adult,1,100,99000,99000
CU1135,TRX0746,Toddler,1,0,0,0
CU1136,TRX0747,Adult,1,100,99000,99000
CU1137,TRX0747,Toddler,1,0,0,0
CU1138,TRX0748,Adult,2,100,99000,198000
CU1139,TRX0748,Child,1,70,69000,69000
CU1140,TRX0748,Senior,2,80,79000,158000
CU1141,TRX0749,Adult,2,100,139000,278000
CU1142,TRX0750,Adult,5,100,139000,695000
CU1143,TRX0750,Senior,1,80,111000,111000
CU1144,TRX0751,Adult,3,100,99000,297000
CU1145,TRX0752,Adult,2,100,99000,198000
CU1146,TRX0752,Child,2,70,69000,138000
CU1147,TRX0753,Adult,1,100,99000,99000
CU1148,TRX0753,Child,1,70,69000,69000
CU1149,TRX0754,Adult,1,100,99000,99000
CU1150,TRX0754,Child,2,70,69000,138000
CU1151,TRX0755,Adult,8,100,139000,1112000
CU1152,TRX0756,Adult,1,100,139000,139000
CU1153,TRX0756,Child,1,70,97000,97000
CU1154,TRX0757,Adult,1,100,99000,99000
CU1155,TRX0757,Toddler,1,0,0,0
CU1156,TRX0758,Adult,2,100,159000,318000
CU1157,TRX0758,Child,1,70,111000,111000
CU1158,TRX0758,Toddler,1,0,0,0
CU1159,TRX0759,Adult,2,100,119000,238000
CU1160,TRX0759,Child,1,70,83000,83000
CU1161,TRX0759,Toddler,1,0,0,0
CU1162,TRX0760,Adult,4,100,219000,876000
CU1163,TRX0761,Adult,5,100,119000,595000
CU1164,TRX0762,Adult,2,100,159000,318000
CU1165,TRX0762,Toddler,1,0,0,0
CU1166,TRX0763,Adult,5,100,219000,1095000
CU1167,TRX0764,Adult,1,100,219000,219000
CU1168,TRX0764,Child,6,70,153000,918000
CU1169,TRX0765,Adult,2,100,119000,238000
CU1170,TRX0765,Child,1,70,83000,83000
CU1171,TRX0766,Adult,1,100,159000,159000
CU1172,TRX0766,Toddler,1,0,0,0
CU1173,TRX0767,Adult,2,100,219000,438000
CU1174,TRX0767,Senior,2,80,175000,350000
CU1175,TRX0768,Adult,2,100,159000,318000
CU1176,TRX0768,Child,5,70,111000,555000
CU1177,TRX0768,Toddler,1,0,0,0
CU1178,TRX0769,Adult,1,100,119000,119000
CU1179,TRX0769,Child,1,70,83000,83000
CU1180,TRX0770,Adult,6,100,119000,714000
CU1181,TRX0771,Adult,3,100,159000,477000
CU1182,TRX0771,Senior,1,80,127000,127000
CU1183,TRX0772,Adult,2,100,159000,318000
CU1184,TRX0773,Adult,2,100,219000,438000
CU1185,TRX0774,Adult,2,100,219000,438000
CU1186,TRX0774,Child,4,70,153000,612000
CU1187,TRX0775,Adult,2,100,159000,318000
CU1188,TRX0775,Senior,2,80,127000,254000
CU1189,TRX0776,Adult,4,100,219000,876000
CU1190,TRX0777,Adult,2,100,119000,238000
CU1191,TRX0778,Adult,2,100,159000,318000
CU1192,TRX0779,Adult,4,100,219000,876000
CU1193,TRX0780,Adult,1,100,159000,159000
CU1194,TRX0780,Toddler,1,0,0,0
CU1195,TRX0781,Adult,1,100,159000,159000
CU1196,TRX0781,Toddler,1,0,0,0
CU1197,TRX0782,Adult,2,100,159000,318000
CU1198,TRX0782,Child,2,70,111000,222000
CU1199,TRX0782,Senior,1,80,127000,127000
CU1200,TRX0783,Adult,1,100,99000,99000
CU1201,TRX0783,Child,3,70,69000,207000
CU1202,TRX0784,Adult,1,100,99000,99000
CU1203,TRX0784,Toddler,1,0,0,0
CU1204,TRX0785,Adult,2,100,99000,198000
CU1205,TRX0786,Adult,2,100,139000,278000
CU1206,TRX0786,Child,1,70,97000,97000
CU1207,TRX0786,Toddler,1,0,0,0
CU1208,TRX0787,Adult,2,100,139000,278000
CU1209,TRX0788,Adult,2,100,99000,198000
CU1210,TRX0789,Adult,6,100,139000,834000
CU1211,TRX0790,Adult,1,100,139000,139000
CU1212,TRX0790,Child,1,70,97000,97000
CU1213,TRX0791,Adult,3,100,99000,297000
CU1214,TRX0791,Child,1,70,69000,69000
CU1215,TRX0792,Adult,2,100,99000,198000
CU1216,TRX0792,Child,2,70,69000,138000
CU1217,TRX0793,Adult,3,100,139000,417000
CU1218,TRX0793,Child,3,70,97000,291000
CU1219,TRX0794,Adult,2,100,199000,398000
CU1220,TRX0795,Adult,4,100,199000,796000
CU1221,TRX0796,Adult,2,100,99000,198000
CU1222,TRX0796,Child,1,70,69000,69000
CU1223,TRX0797,Adult,9,100,159000,1431000
CU1224,TRX0798,Adult,3,100,159000,477000
CU1225,TRX0799,Adult,3,100,119000,357000
CU1226,TRX0799,Child,1,70,83000,83000
CU1227,TRX0800,Adult,2,100,159000,318000
CU1228,TRX0801,Adult,2,100,119000,238000
CU1229,TRX0801,Child,1,70,83000,83000
CU1230,TRX0801,Toddler,1,0,0,0
CU1231,TRX0802,Adult,3,100,119000,357000
CU1232,TRX0803,Adult,2,100,219000,438000
CU1233,TRX0804,Adult,3,100,119000,357000
CU1234,TRX0805,Adult,2,100,219000,438000
CU1235,TRX0806,Adult,3,100,119000,357000
CU1236,TRX0806,Child,1,70,83000,83000
CU1237,TRX0807,Adult,3,100,119000,357000
CU1238,TRX0808,Adult,5,100,219000,1095000
CU1239,TRX0809,Adult,2,100,119000,238000
CU1240,TRX0810,Adult,3,100,119000,357000
CU1241,TRX0811,Adult,1,100,119000,119000
CU1242,TRX0811,Toddler,1,0,0,0
CU1243,TRX0812,Adult,2,100,159000,318000
CU1244,TRX0812,Child,3,70,111000,333000
CU1245,TRX0812,Senior,1,80,127000,127000
CU1246,TRX0812,Toddler,1,0,0,0
CU1247,TRX0813,Adult,4,100,159000,636000
CU1248,TRX0814,Adult,1,100,159000,159000
CU1249,TRX0815,Adult,2,100,119000,238000
CU1250,TRX0815,Child,3,70,83000,249000
CU1251,TRX0816,Adult,4,100,119000,476000
CU1252,TRX0816,Child,1,70,83000,83000
CU1253,TRX0816,Senior,1,80,95000,95000
CU1254,TRX0817,Adult,2,100,159000,318000
CU1255,TRX0818,Adult,2,100,119000,238000
CU1256,TRX0818,Child,6,70,83000,498000
CU1257,TRX0819,Adult,2,100,219000,438000
CU1258,TRX0820,Adult,1,100,119000,119000
CU1259,TRX0820,Senior,1,80,95000,95000
CU1260,TRX0821,Adult,1,100,119000,119000
CU1261,TRX0821,Senior,1,80,95000,95000
CU1262,TRX0822,Adult,2,100,159000,318000
CU1263,TRX0823,Adult,2,100,159000,318000
CU1264,TRX0824,Adult,1,100,139000,139000
CU1265,TRX0824,Child,1,70,97000,97000
CU1266,TRX0825,Adult,2,100,99000,198000
CU1267,TRX0825,Toddler,1,0,0,0
CU1268,TRX0826,Adult,3,100,99000,297000
CU1269,TRX0827,Adult,1,100,99000,99000
CU1270,TRX0827,Senior,1,80,79000,79000
CU1271,TRX0828,Adult,1,100,139000,139000
CU1272,TRX0828,Child,1,70,97000,97000
CU1273,TRX0829,Adult,3,100,139000,417000
CU1274,TRX0830,Adult,1,100,99000,99000
CU1275,TRX0831,Adult,2,100,99000,198000
CU1276,TRX0831,Senior,2,80,79000,158000
CU1277,TRX0832,Adult,4,100,199000,796000
CU1278,TRX0833,Adult,8,100,139000,1112000
CU1279,TRX0834,Adult,2,100,139000,278000
CU1280,TRX0834,Child,1,70,97000,97000
CU1281,TRX0834,Toddler,1,0,0,0
CU1282,TRX0835,Adult,1,100,99000,99000
CU1283,TRX0836,Adult,1,100,99000,99000
CU1284,TRX0836,Child,1,70,69000,69000
CU1285,TRX0837,Adult,7,100,99000,693000
CU1286,TRX0838,Adult,4,100,99000,396000
CU1287,TRX0839,Adult,2,100,139000,278000
CU1288,TRX0839,Child,2,70,97000,194000
CU1289,TRX0840,Adult,3,100,99000,297000
CU1290,TRX0841,Adult,3,100,199000,597000
CU1291,TRX0841,Child,1,70,139000,139000
CU1292,TRX0842,Adult,3,100,199000,597000
CU1293,TRX0843,Adult,4,100,139000,556000
CU1294,TRX0844,Adult,2,100,139000,278000
CU1295,TRX0844,Child,1,70,97000,97000
CU1296,TRX0844,Senior,1,80,111000,111000
CU1297,TRX0845,Adult,2,100,99000,198000
CU1298,TRX0845,Child,1,70,69000,69000
CU1299,TRX0845,Senior,1,80,79000,79000
CU1300,TRX0846,Adult,1,100,99000,99000
CU1301,TRX0846,Senior,2,80,79000,158000
CU1302,TRX0847,Adult,3,100,99000,297000
CU1303,TRX0847,Child,2,70,69000,138000
CU1304,TRX0848,Adult,2,100,139000,278000
CU1305,TRX0849,Adult,4,100,159000,636000
CU1306,TRX0850,Adult,2,100,119000,238000
CU1307,TRX0851,Adult,5,100,159000,795000
CU1308,TRX0852,Adult,2,100,219000,438000
CU1309,TRX0853,Adult,2,100,119000,238000
CU1310,TRX0853,Senior,2,80,95000,190000
CU1311,TRX0854,Adult,4,100,219000,876000
CU1312,TRX0855,Adult,3,100,119000,357000
CU1313,TRX0855,Child,2,70,83000,166000
CU1314,TRX0856,Adult,3,100,119000,357000
CU1315,TRX0857,Adult,10,100,119000,1190000
CU1316,TRX0858,Adult,1,100,159000,159000
CU1317,TRX0858,Toddler,1,0,0,0
CU1318,TRX0859,Adult,2,100,119000,238000
CU1319,TRX0859,Child,2,70,83000,166000
CU1320,TRX0860,Adult,1,100,159000,159000
CU1321,TRX0860,Senior,2,80,127000,254000
CU1322,TRX0861,Adult,2,100,159000,318000
CU1323,TRX0861,Child,3,70,111000,333000
CU1324,TRX0862,Adult,2,100,119000,238000
CU1325,TRX0862,Toddler,1,0,0,0
CU1326,TRX0863,Adult,2,100,119000,238000
CU1327,TRX0863,Child,5,70,83000,415000
CU1328,TRX0864,Adult,1,100,219000,219000
CU1329,TRX0865,Adult,6,100,159000,954000
CU1330,TRX0866,Adult,1,100,159000,159000
CU1331,TRX0866,Senior,1,80,127000,127000
CU1332,TRX0867,Adult,8,100,119000,952000
CU1333,TRX0868,Adult,1,100,219000,219000
CU1334,TRX0868,Child,1,70,153000,153000
CU1335,TRX0869,Adult,5,100,119000,595000
CU1336,TRX0870,Adult,1,100,119000,119000
CU1337,TRX0870,Child,8,70,83000,664000
CU1338,TRX0871,Adult,1,100,159000,159000
CU1339,TRX0871,Child,1,70,111000,111000
CU1340,TRX0872,Adult,6,100,119000,714000
CU1341,TRX0873,Adult,2,100,119000,238000
CU1342,TRX0874,Adult,4,100,159000,636000
CU1343,TRX0875,Adult,2,100,159000,318000
CU1344,TRX0875,Child,2,70,111000,222000
CU1345,TRX0875,Senior,1,80,127000,127000
CU1346,TRX0875,Toddler,1,0,0,0
CU1347,TRX0876,Adult,4,100,119000,476000
CU1348,TRX0877,Adult,4,100,159000,636000
CU1349,TRX0878,Adult,2,100,159000,318000
CU1350,TRX0879,Adult,6,100,119000,714000
CU1351,TRX0880,Adult,2,100,219000,438000
CU1352,TRX0880,Child,2,70,153000,306000
CU1353,TRX0881,Adult,1,100,119000,119000
CU1354,TRX0881,Child,1,70,83000,83000
CU1355,TRX0882,Adult,2,100,159000,318000
CU1356,TRX0882,Senior,2,80,127000,254000
CU1357,TRX0883,Adult,1,100,119000,119000
CU1358,TRX0884,Adult,2,100,219000,438000
CU1359,TRX0884,Child,1,70,153000,153000
CU1360,TRX0884,Senior,1,80,175000,175000
CU1361,TRX0885,Adult,2,100,119000,238000
CU1362,TRX0886,Adult,2,100,119000,238000
CU1363,TRX0887,Adult,3,100,119000,357000
CU1364,TRX0888,Adult,3,100,119000,357000
CU1365,TRX0888,Senior,1,80,95000,95000
CU1366,TRX0889,Adult,4,100,119000,476000
CU1367,TRX0890,Adult,8,100,159000,1272000
CU1368,TRX0891,Adult,4,100,119000,476000
CU1369,TRX0892,Adult,2,100,159000,318000
CU1370,TRX0893,Adult,2,100,119000,238000
CU1371,TRX0894,Adult,6,100,159000,954000
CU1372,TRX0895,Adult,2,100,119000,238000
CU1373,TRX0896,Adult,2,100,159000,318000
CU1374,TRX0897,Adult,5,100,219000,1095000
CU1375,TRX0898,Adult,1,100,159000,159000
CU1376,TRX0898,Child,4,70,111000,444000
CU1377,TRX0898,Toddler,1,0,0,0
CU1378,TRX0899,Adult,2,100,119000,238000
CU1379,TRX0900,Adult,2,100,219000,438000
CU1380,TRX0900,Child,1,70,153000,153000
CU1381,TRX0900,Senior,1,80,175000,175000
CU1382,TRX0901,Adult,4,100,159000,636000
CU1383,TRX0902,Adult,8,100,119000,952000
CU1384,TRX0903,Adult,2,100,119000,238000
CU1385,TRX0904,Adult,3,100,119000,357000
CU1386,TRX0905,Adult,3,100,159000,477000
CU1387,TRX0906,Adult,4,100,119000,476000
CU1388,TRX0907,Adult,1,100,219000,219000
CU1389,TRX0907,Child,1,70,153000,153000
CU1390,TRX0908,Adult,2,100,139000,278000
CU1391,TRX0909,Adult,1,100,139000,139000
CU1392,TRX0909,Child,1,70,97000,97000
CU1393,TRX0910,Adult,4,100,139000,556000
CU1394,TRX0911,Adult,2,100,179000,358000
CU1395,TRX0912,Adult,8,100,139000,1112000
CU1396,TRX0913,Adult,2,100,179000,358000
CU1397,TRX0914,Adult,3,100,179000,537000
CU1398,TRX0914,Senior,2,80,143000,286000
CU1399,TRX0915,Adult,2,100,139000,278000
CU1400,TRX0916,Adult,2,100,179000,358000
CU1401,TRX0916,Child,3,70,125000,375000
CU1402,TRX0917,Adult,3,100,139000,417000
CU1403,TRX0918,Adult,2,100,179000,358000
CU1404,TRX0918,Child,1,70,125000,125000
CU1405,TRX0918,Toddler,1,0,0,0
CU1406,TRX0919,Adult,2,100,179000,358000
CU1407,TRX0919,Child,2,70,125000,250000
CU1408,TRX0920,Adult,4,100,239000,956000
CU1409,TRX0921,Adult,4,100,179000,716000
CU1410,TRX0922,Adult,2,100,139000,278000
CU1411,TRX0922,Child,4,70,97000,388000
CU1412,TRX0923,Adult,1,100,139000,139000
CU1413,TRX0923,Child,1,70,97000,97000
CU1414,TRX0924,Adult,3,100,139000,417000
CU1415,TRX0925,Adult,2,100,139000,278000
CU1416,TRX0925,Child,6,70,97000,582000
CU1417,TRX0925,Toddler,1,0,0,0
CU1418,TRX0926,Adult,1,100,139000,139000
CU1419,TRX0926,Senior,2,80,111000,222000
CU1420,TRX0927,Adult,4,100,179000,716000
CU1421,TRX0928,Adult,3,100,139000,417000
CU1422,TRX0929,Adult,2,100,179000,358000
CU1423,TRX0930,Adult,2,100,179000,358000
CU1424,TRX0931,Adult,1,100,179000,179000
CU1425,TRX0931,Child,1,70,125000,125000
CU1426,TRX0932,Adult,3,100,139000,417000
CU1427,TRX0932,Child,1,70,97000,97000
CU1428,TRX0933,Adult,4,100,179000,716000
CU1429,TRX0934,Adult,3,100,179000,537000
CU1430,TRX0935,Adult,2,100,139000,278000
CU1431,TRX0936,Adult,5,100,239000,1195000
CU1432,TRX0937,Adult,8,100,139000,1112000
CU1433,TRX0938,Adult,1,100,239000,239000
CU1434,TRX0938,Senior,1,80,191000,191000
CU1435,TRX0939,Adult,1,100,139000,139000
CU1436,TRX0940,Adult,2,100,179000,358000
CU1437,TRX0941,Adult,3,100,139000,417000
CU1438,TRX0942,Adult,1,100,179000,179000
CU1439,TRX0942,Child,1,70,125000,125000
CU1440,TRX0943,Adult,2,100,179000,358000
CU1441,TRX0943,Child,2,70,125000,250000
CU1442,TRX0944,Adult,2,100,139000,278000
CU1443,TRX0944,Senior,2,80,111000,222000
CU1444,TRX0945,Adult,2,100,179000,358000
CU1445,TRX0945,Child,10,70,125000,1250000
CU1446,TRX0946,Adult,3,100,139000,417000
CU1447,TRX0947,Adult,5,100,139000,695000
CU1448,TRX0947,Senior,1,80,111000,111000
CU1449,TRX0948,Adult,1,100,219000,219000
CU1450,TRX0949,Adult,2,100,219000,438000
CU1451,TRX0950,Adult,1,100,219000,219000
CU1452,TRX0950,Senior,2,80,175000,350000
CU1453,TRX0951,Adult,8,100,119000,952000
CU1454,TRX0952,Adult,3,100,159000,477000
CU1455,TRX0953,Adult,1,100,119000,119000
CU1456,TRX0953,Senior,1,80,95000,95000
CU1457,TRX0954,Adult,4,100,159000,636000
CU1458,TRX0955,Adult,2,100,159000,318000
CU1459,TRX0956,Adult,3,100,119000,357000
CU1460,TRX0957,Adult,1,100,159000,159000
CU1461,TRX0957,Child,1,70,111000,111000
CU1462,TRX0958,Adult,5,100,159000,795000
CU1463,TRX0959,Adult,2,100,159000,318000
CU1464,TRX0959,Child,1,70,111000,111000
CU1465,TRX0960,Adult,2,100,119000,238000
CU1466,TRX0961,Adult,3,100,159000,477000
CU1467,TRX0962,Adult,2,100,119000,238000
CU1468,TRX0963,Adult,7,100,159000,1113000
CU1469,TRX0964,Adult,1,100,219000,219000
CU1470,TRX0964,Toddler,1,0,0,0
CU1471,TRX0965,Adult,1,100,119000,119000
CU1472,TRX0965,Child,1,70,83000,83000
CU1473,TRX0966,Adult,1,100,119000,119000
CU1474,TRX0967,Adult,1,100,159000,159000
CU1475,TRX0967,Child,1,70,111000,111000
CU1476,TRX0967,Toddler,1,0,0,0
CU1477,TRX0968,Adult,3,100,219000,657000
CU1478,TRX0969,Adult,3,100,159000,477000
CU1479,TRX0970,Adult,4,100,219000,876000
CU1480,TRX0971,Adult,4,100,159000,636000
CU1481,TRX0972,Adult,1,100,119000,119000
CU1482,TRX0972,Child,3,70,83000,249000
CU1483,TRX0973,Adult,1,100,119000,119000
CU1484,TRX0974,Adult,3,100,119000,357000
CU1485,TRX0975,Adult,2,100,159000,318000
CU1486,TRX0976,Adult,2,100,119000,238000
CU1487,TRX0976,Child,1,70,83000,83000
CU1488,TRX0976,Toddler,1,0,0,0
CU1489,TRX0977,Adult,1,100,119000,119000
CU1490,TRX0977,Senior,1,80,95000,95000
CU1491,TRX0978,Adult,2,100,119000,238000
CU1492,TRX0979,Adult,2,100,119000,238000
CU1493,TRX0979,Child,1,70,83000,83000
CU1494,TRX0979,Senior,1,80,95000,95000
CU1495,TRX0980,Adult,8,100,159000,1272000
CU1496,TRX0981,Adult,1,100,159000,159000
CU1497,TRX0982,Adult,2,100,219000,438000
CU1498,TRX0982,Senior,2,80,175000,350000
CU1499,TRX0983,Adult,2,100,159000,318000
CU1500,TRX0983,Child,4,70,111000,444000
CU1501,TRX0983,Senior,1,80,127000,127000
CU1502,TRX0983,Toddler,1,0,0,0
CU1503,TRX0984,Adult,1,100,119000,119000
CU1504,TRX0984,Child,1,70,83000,83000
CU1505,TRX0985,Adult,2,100,159000,318000
CU1506,TRX0985,Child,1,70,111000,111000
CU1507,TRX0985,Senior,2,80,127000,254000
CU1508,TRX0986,Adult,1,100,119000,119000
CU1509,TRX0986,Senior,2,80,95000,190000
CU1510,TRX0987,Adult,4,100,139000,556000
CU1511,TRX0988,Adult,2,100,139000,278000
CU1512,TRX0988,Child,2,70,97000,194000
CU1513,TRX0989,Adult,2,100,179000,358000
CU1514,TRX0989,Child,1,70,125000,125000
CU1515,TRX0990,Adult,2,100,179000,358000
CU1516,TRX0991,Adult,6,100,179000,1074000
CU1517,TRX0992,Adult,4,100,179000,716000
CU1518,TRX0993,Adult,4,100,179000,716000
CU1519,TRX0994,Adult,3,100,179000,537000
CU1520,TRX0995,Adult,1,100,139000,139000
CU1521,TRX0995,Senior,1,80,111000,111000
CU1522,TRX0996,Adult,2,100,179000,358000
CU1523,TRX0997,Adult,8,100,139000,1112000
CU1524,TRX0998,Adult,6,100,139000,834000
CU1525,TRX0999,Adult,5,100,179000,895000
CU1526,TRX0999,Child,1,70,125000,125000
CU1527,TRX0999,Senior,2,80,143000,286000
CU1528,TRX1000,Adult,1,100,139000,139000
CU1529,TRX1001,Adult,4,100,179000,716000
CU1530,TRX1001,Senior,1,80,143000,143000
CU1531,TRX1002,Adult,4,100,179000,716000
CU1532,TRX1003,Adult,4,100,139000,556000
CU1533,TRX1004,Adult,1,100,179000,179000
CU1534,TRX1004,Child,1,70,125000,125000
CU1535,TRX1005,Adult,4,100,139000,556000
CU1536,TRX1006,Adult,1,100,139000,139000
CU1537,TRX1006,Child,1,70,97000,97000
CU1538,TRX1006,Toddler,1,0,0,0
CU1539,TRX1007,Adult,5,100,139000,695000
CU1540,TRX1008,Adult,2,100,139000,278000
CU1541,TRX1008,Senior,1,80,111000,111000
CU1542,TRX1009,Adult,8,100,239000,1912000
CU1543,TRX1010,Adult,2,100,179000,358000
CU1544,TRX1011,Adult,2,100,139000,278000
CU1545,TRX1011,Senior,1,80,111000,111000
CU1546,TRX1012,Adult,2,100,99000,198000
CU1547,TRX1012,Child,2,70,69000,138000
CU1548,TRX1012,Senior,1,80,79000,79000
CU1549,TRX1013,Adult,1,100,99000,99000
CU1550,TRX1014,Adult,4,100,99000,396000
CU1551,TRX1015,Adult,4,100,99000,396000
CU1552,TRX1016,Adult,2,100,99000,198000
CU1553,TRX1017,Adult,2,100,139000,278000
CU1554,TRX1018,Adult,2,100,99000,198000
CU1555,TRX1019,Adult,1,100,199000,199000
CU1556,TRX1019,Child,1,70,139000,139000
CU1557,TRX1020,Adult,1,100,99000,99000
CU1558,TRX1020,Toddler,1,0,0,0
CU1559,TRX1021,Adult,1,100,139000,139000
CU1560,TRX1021,Child,2,70,97000,194000
CU1561,TRX1022,Adult,4,100,99000,396000
CU1562,TRX1023,Adult,5,100,139000,695000
CU1563,TRX1023,Senior,2,80,111000,222000
CU1564,TRX1024,Adult,7,100,99000,693000
CU1565,TRX1024,Senior,1,80,79000,79000
CU1566,TRX1025,Adult,2,100,139000,278000
CU1567,TRX1025,Child,2,70,97000,194000
CU1568,TRX1026,Adult,3,100,139000,417000
CU1569,TRX1027,Adult,2,100,99000,198000
CU1570,TRX1027,Child,2,70,69000,138000
CU1571,TRX1027,Senior,1,80,79000,79000
CU1572,TRX1027,Toddler,1,0,0,0
CU1573,TRX1028,Adult,1,100,139000,139000
CU1574,TRX1028,Child,6,70,97000,582000
CU1575,TRX1028,Toddler,1,0,0,0
CU1576,TRX1029,Adult,2,100,139000,278000
CU1577,TRX1030,Adult,2,100,159000,318000
CU1578,TRX1031,Adult,8,100,159000,1272000
CU1579,TRX1032,Adult,8,100,159000,1272000
CU1580,TRX1033,Adult,6,100,219000,1314000
CU1581,TRX1034,Adult,1,100,119000,119000
CU1582,TRX1034,Senior,1,80,95000,95000
CU1583,TRX1035,Adult,2,100,119000,238000
CU1584,TRX1036,Adult,2,100,119000,238000
CU1585,TRX1036,Child,1,70,83000,83000
CU1586,TRX1036,Senior,1,80,95000,95000
CU1587,TRX1037,Adult,2,100,159000,318000
CU1588,TRX1037,Child,5,70,111000,555000
CU1589,TRX1037,Toddler,1,0,0,0
CU1590,TRX1038,Senior,1,80,95000,95000
CU1591,TRX1039,Adult,3,100,119000,357000
CU1592,TRX1040,Adult,2,100,159000,318000
CU1593,TRX1040,Child,5,70,111000,555000
CU1594,TRX1041,Adult,2,100,119000,238000
CU1595,TRX1042,Adult,3,100,119000,357000
CU1596,TRX1042,Child,2,70,83000,166000
CU1597,TRX1043,Adult,2,100,139000,278000
CU1598,TRX1044,Adult,2,100,99000,198000
CU1599,TRX1044,Child,2,70,69000,138000
CU1600,TRX1045,Adult,1,100,99000,99000
CU1601,TRX1045,Child,4,70,69000,276000
CU1602,TRX1046,Adult,2,100,99000,198000
CU1603,TRX1046,Child,2,70,69000,138000
CU1604,TRX1047,Adult,2,100,99000,198000
CU1605,TRX1047,Child,5,70,69000,345000
CU1606,TRX1048,Adult,2,100,139000,278000
CU1607,TRX1048,Child,8,70,97000,776000
CU1608,TRX1049,Adult,4,100,99000,396000
CU1609,TRX1050,Adult,1,100,139000,139000
CU1610,TRX1050,Child,3,70,97000,291000
CU1611,TRX1051,Adult,4,100,99000,396000
CU1612,TRX1052,Adult,2,100,99000,198000
CU1613,TRX1053,Adult,7,100,99000,693000
CU1614,TRX1053,Senior,1,80,79000,79000
CU1615,TRX1054,Adult,4,100,99000,396000
CU1616,TRX1055,Adult,6,100,139000,834000
CU1617,TRX1056,Adult,1,100,99000,99000
CU1618,TRX1057,Adult,4,100,119000,476000
CU1619,TRX1058,Adult,2,100,219000,438000
CU1620,TRX1059,Adult,3,100,119000,357000
CU1621,TRX1060,Adult,1,100,119000,119000
CU1622,TRX1060,Toddler,1,0,0,0
CU1623,TRX1061,Adult,6,100,219000,1314000
CU1624,TRX1062,Adult,8,100,119000,952000
CU1625,TRX1063,Adult,4,100,219000,876000
CU1626,TRX1064,Senior,1,80,175000,175000
CU1627,TRX1065,Adult,4,100,119000,476000
CU1628,TRX1066,Adult,5,100,159000,795000
CU1629,TRX1066,Senior,1,80,127000,127000
CU1630,TRX1067,Adult,2,100,219000,438000
CU1631,TRX1068,Adult,4,100,159000,636000
CU1632,TRX1069,Adult,4,100,119000,476000
CU1633,TRX1070,Adult,3,100,159000,477000
CU1634,TRX1071,Adult,2,100,119000,238000
CU1635,TRX1071,Child,4,70,83000,332000
CU1636,TRX1072,Adult,4,100,159000,636000
CU1637,TRX1073,Adult,4,100,119000,476000
CU1638,TRX1074,Adult,2,100,119000,238000
CU1639,TRX1075,Adult,4,100,99000,396000
CU1640,TRX1076,Adult,1,100,99000,99000
CU1641,TRX1076,Senior,1,80,79000,79000
CU1642,TRX1077,Adult,3,100,99000,297000
CU1643,TRX1077,Child,6,70,69000,414000
CU1644,TRX1078,Adult,3,100,139000,417000
CU1645,TRX1079,Adult,1,100,199000,199000
CU1646,TRX1080,Adult,3,100,139000,417000
CU1647,TRX1081,Adult,2,100,139000,278000
CU1648,TRX1082,Adult,2,100,139000,278000
CU1649,TRX1082,Child,2,70,97000,194000
CU1650,TRX1082,Toddler,1,0,0,0
CU1651,TRX1083,Adult,1,100,139000,139000
CU1652,TRX1084,Adult,5,100,99000,495000
CU1653,TRX1085,Adult,3,100,99000,297000
CU1654,TRX1086,Adult,1,100,99000,99000
CU1655,TRX1086,Child,1,70,69000,69000
CU1656,TRX1087,Adult,4,100,99000,396000
CU1657,TRX1088,Adult,2,100,139000,278000
CU1658,TRX1089,Adult,5,100,139000,695000
CU1659,TRX1090,Adult,2,100,199000,398000
CU1660,TRX1090,Child,1,70,139000,139000
CU1661,TRX1091,Adult,3,100,139000,417000
CU1662,TRX1092,Adult,3,100,99000,297000
CU1663,TRX1093,Adult,4,100,139000,556000
CU1664,TRX1094,Adult,3,100,99000,297000
CU1665,TRX1094,Child,2,70,69000,138000
CU1666,TRX1095,Adult,3,100,139000,417000
CU1667,TRX1096,Adult,1,100,119000,119000
CU1668,TRX1096,Child,1,70,83000,83000
CU1669,TRX1097,Adult,2,100,119000,238000
CU1670,TRX1097,Child,2,70,83000,166000
CU1671,TRX1098,Adult,2,100,119000,238000
CU1672,TRX1099,Adult,3,100,159000,477000
CU1673,TRX1100,Adult,2,100,159000,318000
CU1674,TRX1100,Child,4,70,111000,444000
CU1675,TRX1100,Senior,1,80,127000,127000
CU1676,TRX1100,Toddler,1,0,0,0
CU1677,TRX1101,Adult,1,100,119000,119000
CU1678,TRX1101,Senior,2,80,95000,190000
CU1679,TRX1102,Adult,6,100,159000,954000
CU1680,TRX1103,Adult,3,100,119000,357000
CU1681,TRX1104,Adult,6,100,159000,954000
CU1682,TRX1105,Adult,2,100,119000,238000
CU1683,TRX1105,Senior,2,80,95000,190000
CU1684,TRX1106,Adult,4,100,119000,476000
CU1685,TRX1107,Adult,2,100,219000,438000
CU1686,TRX1108,Adult,3,100,159000,477000
CU1687,TRX1109,Adult,6,100,159000,954000
CU1688,TRX1110,Adult,4,100,219000,876000
CU1689,TRX1111,Adult,3,100,159000,477000
CU1690,TRX1112,Adult,3,100,119000,357000
CU1691,TRX1112,Child,1,70,83000,83000
CU1692,TRX1113,Adult,1,100,159000,159000
CU1693,TRX1113,Child,3,70,111000,333000
CU1694,TRX1114,Adult,2,100,119000,238000
CU1695,TRX1114,Child,3,70,83000,249000
CU1696,TRX1115,Adult,8,100,99000,792000
CU1697,TRX1116,Adult,3,100,139000,417000
CU1698,TRX1117,Adult,2,100,99000,198000
CU1699,TRX1117,Child,3,70,69000,207000
CU1700,TRX1118,Adult,3,100,99000,297000
CU1701,TRX1119,Adult,2,100,199000,398000
CU1702,TRX1120,Adult,5,100,99000,495000
CU1703,TRX1121,Adult,2,100,139000,278000
CU1704,TRX1121,Child,3,70,97000,291000
CU1705,TRX1122,Adult,2,100,139000,278000
CU1706,TRX1123,Adult,2,100,99000,198000
CU1707,TRX1124,Adult,3,100,139000,417000
CU1708,TRX1124,Child,1,70,97000,97000
CU1709,TRX1124,Senior,1,80,111000,111000
CU1710,TRX1125,Adult,1,100,139000,139000
CU1711,TRX1126,Adult,2,100,139000,278000
CU1712,TRX1127,Adult,7,100,139000,973000
CU1713,TRX1128,Adult,1,100,139000,139000
CU1714,TRX1129,Adult,2,100,99000,198000
CU1715,TRX1129,Child,2,70,69000,138000
CU1716,TRX1130,Adult,6,100,199000,1194000
CU1717,TRX1131,Adult,1,100,99000,99000
CU1718,TRX1131,Child,1,70,69000,69000
CU1719,TRX1132,Adult,8,100,99000,792000
CU1720,TRX1133,Adult,6,100,139000,834000
CU1721,TRX1134,Adult,4,100,139000,556000
CU1722,TRX1135,Adult,1,100,139000,139000
CU1723,TRX1135,Senior,1,80,111000,111000
CU1724,TRX1136,Adult,3,100,99000,297000
CU1725,TRX1137,Adult,3,100,99000,297000
CU1726,TRX1138,Adult,1,100,139000,139000
CU1727,TRX1139,Adult,2,100,119000,238000
CU1728,TRX1139,Child,2,70,83000,166000
CU1729,TRX1140,Adult,2,100,119000,238000
CU1730,TRX1140,Child,2,70,83000,166000
CU1731,TRX1141,Adult,2,100,219000,438000
CU1732,TRX1142,Adult,4,100,219000,876000
CU1733,TRX1142,Senior,1,80,175000,175000
CU1734,TRX1143,Adult,6,100,159000,954000
CU1735,TRX1144,Adult,1,100,119000,119000
CU1736,TRX1144,Child,1,70,83000,83000
CU1737,TRX1145,Adult,2,100,119000,238000
CU1738,TRX1146,Adult,3,100,119000,357000
CU1739,TRX1146,Senior,2,80,95000,190000
CU1740,TRX1147,Adult,6,100,159000,954000
CU1741,TRX1148,Adult,3,100,219000,657000
CU1742,TRX1149,Adult,2,100,159000,318000
CU1743,TRX1150,Adult,4,100,219000,876000
CU1744,TRX1151,Adult,4,100,219000,876000
CU1745,TRX1152,Adult,2,100,159000,318000
CU1746,TRX1152,Child,1,70,111000,111000
CU1747,TRX1152,Senior,1,80,127000,127000
CU1748,TRX1153,Adult,2,100,159000,318000
CU1749,TRX1153,Child,2,70,111000,222000
CU1750,TRX1153,Senior,1,80,127000,127000
CU1751,TRX1154,Adult,3,100,119000,357000
CU1752,TRX1155,Adult,5,100,159000,795000
CU1753,TRX1156,Adult,4,100,159000,636000
CU1754,TRX1157,Adult,5,100,159000,795000
CU1755,TRX1158,Adult,2,100,119000,238000
CU1756,TRX1158,Child,2,70,83000,166000
CU1757,TRX1158,Senior,1,80,95000,95000
CU1758,TRX1159,Adult,3,100,99000,297000
CU1759,TRX1160,Adult,4,100,99000,396000
CU1760,TRX1161,Adult,8,100,99000,792000
CU1761,TRX1162,Adult,1,100,139000,139000
CU1762,TRX1162,Child,1,70,97000,97000
CU1763,TRX1163,Adult,4,100,199000,796000
CU1764,TRX1164,Adult,1,100,99000,99000
CU1765,TRX1164,Toddler,1,0,0,0
CU1766,TRX1165,Adult,3,100,139000,417000
CU1767,TRX1166,Adult,1,100,199000,199000
CU1768,TRX1167,Adult,3,100,139000,417000
CU1769,TRX1168,Adult,2,100,139000,278000
CU1770,TRX1169,Adult,1,100,99000,99000
CU1771,TRX1169,Senior,1,80,79000,79000
CU1772,TRX1170,Adult,3,100,99000,297000
CU1773,TRX1171,Adult,4,100,99000,396000
CU1774,TRX1172,Adult,8,100,199000,1592000
CU1775,TRX1173,Adult,3,100,139000,417000
CU1776,TRX1173,Child,3,70,97000,291000
CU1777,TRX1174,Adult,1,100,139000,139000
CU1778,TRX1174,Child,3,70,97000,291000
CU1779,TRX1174,Toddler,1,0,0,0
CU1780,TRX1175,Adult,5,100,139000,695000
CU1781,TRX1176,Adult,2,100,99000,198000
CU1782,TRX1176,Child,3,70,69000,207000
CU1783,TRX1177,Adult,5,100,99000,495000
CU1784,TRX1178,Adult,2,100,99000,198000
CU1785,TRX1178,Child,5,70,69000,345000
CU1786,TRX1178,Toddler,1,0,0,0
CU1787,TRX1179,Adult,2,100,99000,198000
CU1788,TRX1180,Adult,1,100,99000,99000
CU1789,TRX1180,Senior,1,80,79000,79000
CU1790,TRX1181,Adult,6,100,99000,594000
CU1791,TRX1182,Adult,2,100,139000,278000
CU1792,TRX1183,Adult,2,100,99000,198000
CU1793,TRX1183,Child,1,70,69000,69000
CU1794,TRX1184,Adult,3,100,139000,417000
CU1795,TRX1184,Child,1,70,97000,97000
CU1796,TRX1185,Adult,4,100,219000,876000
CU1797,TRX1186,Adult,2,100,219000,438000
CU1798,TRX1187,Adult,2,100,159000,318000
CU1799,TRX1188,Adult,2,100,159000,318000
CU1800,TRX1189,Adult,3,100,119000,357000
CU1801,TRX1190,Adult,6,100,159000,954000
CU1802,TRX1191,Adult,2,100,159000,318000
CU1803,TRX1192,Adult,2,100,159000,318000
CU1804,TRX1193,Adult,4,100,119000,476000
CU1805,TRX1194,Adult,2,100,219000,438000
CU1806,TRX1195,Adult,3,100,159000,477000
CU1807,TRX1195,Child,1,70,111000,111000
CU1808,TRX1196,Adult,3,100,219000,657000
CU1809,TRX1197,Adult,1,100,219000,219000
CU1810,TRX1197,Child,2,70,153000,306000
CU1811,TRX1198,Adult,4,100,119000,476000
CU1812,TRX1199,Adult,1,100,119000,119000
CU1813,TRX1199,Senior,1,80,95000,95000
CU1814,TRX1200,Adult,2,100,159000,318000
CU1815,TRX1201,Adult,4,100,159000,636000
CU1816,TRX1202,Adult,4,100,159000,636000
CU1817,TRX1203,Adult,4,100,219000,876000
CU1818,TRX1204,Adult,1,100,159000,159000
CU1819,TRX1204,Child,1,70,111000,111000
CU1820,TRX1205,Adult,6,100,159000,954000
CU1821,TRX1206,Adult,3,100,119000,357000
CU1822,TRX1206,Child,1,70,83000,83000
CU1823,TRX1207,Adult,1,100,159000,159000
CU1824,TRX1208,Adult,2,100,159000,318000
CU1825,TRX1209,Adult,2,100,159000,318000
CU1826,TRX1210,Adult,3,100,159000,477000
CU1827,TRX1211,Adult,2,100,159000,318000
CU1828,TRX1212,Adult,2,100,119000,238000
CU1829,TRX1212,Child,1,70,83000,83000
CU1830,TRX1212,Toddler,1,0,0,0
CU1831,TRX1213,Adult,9,100,119000,1071000
CU1832,TRX1214,Adult,2,100,119000,238000
CU1833,TRX1215,Adult,2,100,219000,438000
CU1834,TRX1215,Child,1,70,153000,153000
CU1835,TRX1215,Toddler,1,0,0,0
CU1836,TRX1216,Adult,1,100,219000,219000
CU1837,TRX1216,Child,1,70,153000,153000
CU1838,TRX1217,Adult,5,100,159000,795000
CU1839,TRX1218,Adult,3,100,159000,477000
CU1840,TRX1218,Senior,1,80,127000,127000
CU1841,TRX1219,Adult,3,100,219000,657000
CU1842,TRX1220,Adult,3,100,219000,657000
CU1843,TRX1221,Adult,1,100,119000,119000
CU1844,TRX1221,Child,1,70,83000,83000
CU1845,TRX1222,Adult,1,100,159000,159000
CU1846,TRX1222,Child,2,70,111000,222000
CU1847,TRX1223,Adult,5,100,119000,595000
CU1848,TRX1224,Adult,2,100,159000,318000
CU1849,TRX1224,Child,1,70,111000,111000
CU1850,TRX1225,Adult,2,100,159000,318000
CU1851,TRX1226,Adult,6,100,219000,1314000
CU1852,TRX1227,Adult,2,100,219000,438000
CU1853,TRX1228,Adult,2,100,159000,318000
CU1854,TRX1229,Adult,1,100,119000,119000
CU1855,TRX1229,Child,6,70,83000,498000
CU1856,TRX1229,Toddler,1,0,0,0
CU1857,TRX1230,Adult,1,100,159000,159000
CU1858,TRX1231,Adult,3,100,119000,357000
CU1859,TRX1232,Adult,7,100,159000,1113000
CU1860,TRX1233,Adult,2,100,119000,238000
CU1861,TRX1233,Child,2,70,83000,166000
CU1862,TRX1234,Adult,6,100,119000,714000
CU1863,TRX1235,Adult,4,100,119000,476000
CU1864,TRX1236,Adult,2,100,119000,238000
CU1865,TRX1237,Adult,4,100,119000,476000
CU1866,TRX1238,Adult,2,100,119000,238000
CU1867,TRX1238,Child,2,70,83000,166000
CU1868,TRX1239,Adult,4,100,119000,476000
CU1869,TRX1240,Adult,8,100,119000,952000
CU1870,TRX1240,Child,1,70,83000,83000
CU1871,TRX1240,Senior,1,80,95000,95000
CU1872,TRX1241,Adult,4,100,119000,476000
CU1873,TRX1242,Adult,2,100,159000,318000
CU1874,TRX1242,Child,1,70,111000,111000
CU1875,TRX1242,Senior,1,80,127000,127000
CU1876,TRX1243,Adult,3,100,119000,357000
CU1877,TRX1244,Adult,2,100,119000,238000
CU1878,TRX1244,Child,2,70,83000,166000
CU1879,TRX1244,Senior,1,80,95000,95000
CU1880,TRX1244,Toddler,1,0,0,0
CU1881,TRX1245,Adult,2,100,119000,238000
CU1882,TRX1246,Adult,2,100,119000,238000
CU1883,TRX1247,Adult,2,100,159000,318000
CU1884,TRX1248,Adult,4,100,119000,476000
CU1885,TRX1249,Adult,1,100,219000,219000
CU1886,TRX1250,Adult,10,100,119000,1190000
CU1887,TRX1251,Adult,1,100,219000,219000
CU1888,TRX1251,Child,6,70,153000,918000
CU1889,TRX1252,Adult,1,100,219000,219000
CU1890,TRX1252,Toddler,1,0,0,0
CU1891,TRX1253,Adult,2,100,159000,318000
CU1892,TRX1254,Adult,2,100,119000,238000
CU1893,TRX1254,Child,1,70,83000,83000
CU1894,TRX1254,Senior,1,80,95000,95000
CU1895,TRX1255,Adult,2,100,119000,238000
CU1896,TRX1256,Adult,3,100,219000,657000
CU1897,TRX1257,Adult,2,100,119000,238000
CU1898,TRX1257,Child,3,70,83000,249000
CU1899,TRX1257,Toddler,1,0,0,0
CU1900,TRX1258,Adult,3,100,159000,477000
CU1901,TRX1258,Child,2,70,111000,222000
CU1902,TRX1259,Adult,2,100,119000,238000
CU1903,TRX1260,Adult,3,100,119000,357000
CU1904,TRX1261,Adult,4,100,179000,716000
CU1905,TRX1262,Adult,12,100,139000,1668000
CU1906,TRX1263,Adult,3,100,139000,417000
CU1907,TRX1264,Adult,3,100,179000,537000
CU1908,TRX1265,Adult,4,100,239000,956000
CU1909,TRX1266,Adult,2,100,239000,478000
CU1910,TRX1267,Adult,1,100,239000,239000
CU1911,TRX1267,Child,1,70,167000,167000
CU1912,TRX1268,Adult,3,100,179000,537000
CU1913,TRX1268,Child,1,70,125000,125000
CU1914,TRX1269,Adult,2,100,139000,278000
CU1915,TRX1269,Toddler,1,0,0,0
CU1916,TRX1270,Adult,3,100,139000,417000
CU1917,TRX1271,Adult,4,100,179000,716000
CU1918,TRX1272,Adult,2,100,139000,278000
CU1919,TRX1273,Adult,3,100,179000,537000
CU1920,TRX1274,Adult,1,100,139000,139000
CU1921,TRX1275,Adult,2,100,179000,358000
CU1922,TRX1275,Child,1,70,125000,125000
CU1923,TRX1275,Senior,1,80,143000,143000
CU1924,TRX1276,Adult,2,100,179000,358000
CU1925,TRX1276,Child,2,70,125000,250000
CU1926,TRX1276,Senior,1,80,143000,143000
CU1927,TRX1277,Adult,2,100,139000,278000
CU1928,TRX1278,Adult,3,100,239000,717000
CU1929,TRX1278,Senior,1,80,191000,191000
CU1930,TRX1279,Adult,2,100,179000,358000
CU1931,TRX1279,Child,3,70,125000,375000
CU1932,TRX1279,Toddler,1,0,0,0
CU1933,TRX1280,Adult,6,100,239000,1434000
CU1934,TRX1281,Adult,3,100,139000,417000
CU1935,TRX1282,Adult,2,100,139000,278000
CU1936,TRX1282,Senior,2,80,111000,222000
CU1937,TRX1283,Adult,1,100,139000,139000
CU1938,TRX1283,Senior,1,80,111000,111000
CU1939,TRX1284,Adult,1,100,139000,139000
CU1940,TRX1285,Adult,3,100,139000,417000
CU1941,TRX1286,Adult,3,100,139000,417000
CU1942,TRX1287,Adult,2,100,139000,278000
CU1943,TRX1287,Child,2,70,97000,194000
CU1944,TRX1287,Senior,1,80,111000,111000
CU1945,TRX1288,Adult,1,100,139000,139000
CU1946,TRX1288,Child,1,70,97000,97000
CU1947,TRX1289,Adult,2,100,179000,358000
CU1948,TRX1289,Child,1,70,125000,125000
CU1949,TRX1289,Senior,1,80,143000,143000
CU1950,TRX1290,Adult,1,100,179000,179000
CU1951,TRX1291,Adult,3,100,139000,417000
CU1952,TRX1292,Adult,1,100,139000,139000
CU1953,TRX1292,Senior,1,80,111000,111000
CU1954,TRX1293,Adult,3,100,139000,417000
CU1955,TRX1293,Child,3,70,97000,291000
CU1956,TRX1294,Adult,1,100,139000,139000
CU1957,TRX1294,Child,5,70,97000,485000
CU1958,TRX1295,Adult,2,100,179000,358000
CU1959,TRX1296,Adult,3,100,179000,537000
CU1960,TRX1297,Adult,2,100,239000,478000
CU1961,TRX1298,Adult,1,100,179000,179000
CU1962,TRX1298,Child,2,70,125000,250000
CU1963,TRX1299,Adult,8,100,239000,1912000
CU1964,TRX1299,Senior,1,80,191000,191000
CU1965,TRX1300,Adult,2,100,179000,358000
CU1966,TRX1300,Child,1,70,125000,125000
CU1967,TRX1301,Adult,4,100,139000,556000
CU1968,TRX1302,Adult,5,100,139000,695000
CU1969,TRX1303,Adult,1,100,179000,179000
CU1970,TRX1303,Senior,1,80,143000,143000
CU1971,TRX1304,Adult,6,100,179000,1074000
CU1972,TRX1305,Adult,1,100,179000,179000
CU1973,TRX1305,Senior,1,80,143000,143000
CU1974,TRX1306,Adult,2,100,179000,358000
CU1975,TRX1306,Child,3,70,125000,375000
CU1976,TRX1306,Toddler,1,0,0,0
CU1977,TRX1307,Adult,3,100,119000,357000
CU1978,TRX1308,Adult,2,100,159000,318000
CU1979,TRX1309,Adult,2,100,119000,238000
CU1980,TRX1309,Child,1,70,83000,83000
CU1981,TRX1309,Senior,1,80,95000,95000
CU1982,TRX1310,Adult,2,100,219000,438000
CU1983,TRX1310,Child,1,70,153000,153000
CU1984,TRX1311,Adult,2,100,159000,318000
CU1985,TRX1311,Child,1,70,111000,111000
CU1986,TRX1312,Adult,1,100,219000,219000
CU1987,TRX1312,Senior,1,80,175000,175000
CU1988,TRX1313,Adult,5,100,159000,795000
CU1989,TRX1313,Senior,1,80,127000,127000
CU1990,TRX1314,Adult,1,100,159000,159000
CU1991,TRX1315,Adult,2,100,119000,238000
CU1992,TRX1316,Adult,3,100,159000,477000
CU1993,TRX1316,Senior,1,80,127000,127000
CU1994,TRX1317,Adult,2,100,159000,318000
CU1995,TRX1317,Child,1,70,111000,111000
CU1996,TRX1317,Senior,1,80,127000,127000
CU1997,TRX1318,Adult,2,100,219000,438000
CU1998,TRX1319,Adult,2,100,219000,438000
CU1999,TRX1319,Child,1,70,153000,153000
CU2000,TRX1319,Senior,1,80,175000,175000
CU2001,TRX1320,Adult,2,100,119000,238000
CU2002,TRX1321,Adult,9,100,119000,1071000
CU2003,TRX1322,Adult,4,100,159000,636000
CU2004,TRX1323,Adult,1,100,119000,119000
CU2005,TRX1323,Senior,1,80,95000,95000
CU2006,TRX1324,Adult,2,100,119000,238000
CU2007,TRX1324,Child,1,70,83000,83000
CU2008,TRX1324,Senior,1,80,95000,95000
CU2009,TRX1325,Adult,2,100,119000,238000
CU2010,TRX1325,Child,3,70,83000,249000
CU2011,TRX1325,Toddler,1,0,0,0
CU2012,TRX1326,Adult,1,100,119000,119000
CU2013,TRX1326,Child,2,70,83000,166000
CU2014,TRX1326,Toddler,1,0,0,0
CU2015,TRX1327,Adult,2,100,159000,318000
CU2016,TRX1328,Adult,2,100,119000,238000
CU2017,TRX1328,Child,2,70,83000,166000
CU2018,TRX1329,Adult,3,100,219000,657000
CU2019,TRX1329,Child,1,70,153000,153000
CU2020,TRX1330,Adult,3,100,119000,357000
CU2021,TRX1331,Adult,2,100,119000,238000
CU2022,TRX1331,Child,7,70,83000,581000
CU2023,TRX1331,Toddler,1,0,0,0
CU2024,TRX1332,Adult,1,100,159000,159000
CU2025,TRX1332,Child,1,70,111000,111000
CU2026,TRX1332,Toddler,1,0,0,0
CU2027,TRX1333,Adult,2,100,219000,438000
CU2028,TRX1333,Child,3,70,153000,459000
CU2029,TRX1333,Toddler,1,0,0,0
CU2030,TRX1334,Adult,2,100,219000,438000
CU2031,TRX1334,Child,2,70,153000,306000
CU2032,TRX1334,Senior,1,80,175000,175000
CU2033,TRX1335,Adult,3,100,159000,477000
CU2034,TRX1336,Adult,3,100,119000,357000
CU2035,TRX1337,Adult,4,100,119000,476000
CU2036,TRX1338,Adult,3,100,159000,477000
CU2037,TRX1338,Child,5,70,111000,555000
CU2038,TRX1339,Adult,2,100,219000,438000
CU2039,TRX1340,Adult,3,100,119000,357000
CU2040,TRX1341,Adult,2,100,119000,238000
CU2041,TRX1342,Adult,2,100,119000,238000
CU2042,TRX1343,Adult,2,100,119000,238000
CU2043,TRX1344,Adult,4,100,159000,636000
CU2044,TRX1345,Adult,2,100,159000,318000
CU2045,TRX1345,Child,5,70,111000,555000
CU2046,TRX1345,Toddler,1,0,0,0
CU2047,TRX1346,Adult,2,100,219000,438000
CU2048,TRX1346,Child,1,70,153000,153000
CU2049,TRX1347,Adult,4,100,119000,476000
CU2050,TRX1348,Adult,4,100,159000,636000
CU2051,TRX1349,Adult,2,100,219000,438000
CU2052,TRX1349,Child,2,70,153000,306000
CU2053,TRX1349,Senior,1,80,175000,175000
CU2054,TRX1349,Toddler,1,0,0,0
CU2055,TRX1350,Adult,3,100,219000,657000
CU2056,TRX1351,Adult,1,100,159000,159000
CU2057,TRX1351,Child,1,70,111000,111000
CU2058,TRX1352,Adult,1,100,159000,159000
CU2059,TRX1352,Child,4,70,111000,444000
CU2060,TRX1353,Adult,4,100,159000,636000
CU2061,TRX1354,Adult,2,100,159000,318000
CU2062,TRX1354,Child,2,70,111000,222000
CU2063,TRX1355,Adult,2,100,119000,238000
CU2064,TRX1355,Child,1,70,83000,83000
CU2065,TRX1355,Senior,1,80,95000,95000
CU2066,TRX1356,Adult,6,100,159000,954000
CU2067,TRX1357,Adult,2,100,159000,318000
CU2068,TRX1358,Adult,2,100,119000,238000
CU2069,TRX1359,Adult,7,100,159000,1113000
CU2070,TRX1360,Adult,3,100,159000,477000
CU2071,TRX1361,Adult,2,100,119000,238000
CU2072,TRX1361,Senior,1,80,95000,95000
CU2073,TRX1362,Adult,1,100,139000,139000
CU2074,TRX1362,Senior,1,80,111000,111000
CU2075,TRX1363,Adult,2,100,179000,358000
CU2076,TRX1364,Adult,3,100,179000,537000
CU2077,TRX1364,Senior,2,80,143000,286000
CU2078,TRX1365,Adult,5,100,179000,895000
CU2079,TRX1366,Adult,2,100,139000,278000
CU2080,TRX1367,Adult,1,100,139000,139000
CU2081,TRX1367,Child,1,70,97000,97000
CU2082,TRX1368,Adult,2,100,139000,278000
CU2083,TRX1369,Adult,3,100,139000,417000
CU2084,TRX1370,Adult,2,100,239000,478000
CU2085,TRX1371,Adult,7,100,179000,1253000
CU2086,TRX1372,Adult,1,100,179000,179000
CU2087,TRX1372,Child,1,70,125000,125000
CU2088,TRX1373,Adult,9,100,139000,1251000
CU2089,TRX1374,Adult,2,100,139000,278000
CU2090,TRX1374,Child,1,70,97000,97000
CU2091,TRX1375,Adult,5,100,139000,695000
CU2092,TRX1376,Adult,3,100,139000,417000
CU2093,TRX1377,Adult,3,100,239000,717000
CU2094,TRX1378,Adult,2,100,179000,358000
CU2095,TRX1378,Child,2,70,125000,250000
CU2096,TRX1379,Adult,2,100,179000,358000
CU2097,TRX1380,Adult,5,100,179000,895000
CU2098,TRX1381,Adult,3,100,139000,417000
CU2099,TRX1381,Senior,2,80,111000,222000
CU2100,TRX1382,Adult,4,100,179000,716000
CU2101,TRX1383,Adult,2,100,139000,278000
CU2102,TRX1383,Child,4,70,97000,388000
CU2103,TRX1384,Adult,2,100,179000,358000
CU2104,TRX1384,Senior,1,80,143000,143000
CU2105,TRX1385,Adult,2,100,179000,358000
CU2106,TRX1386,Adult,8,100,239000,1912000
CU2107,TRX1387,Adult,2,100,139000,278000
CU2108,TRX1388,Adult,5,100,239000,1195000
CU2109,TRX1389,Adult,1,100,139000,139000
CU2110,TRX1389,Child,3,70,97000,291000
CU2111,TRX1390,Adult,3,100,179000,537000
CU2112,TRX1391,Adult,2,100,179000,358000
CU2113,TRX1391,Child,4,70,125000,500000
CU2114,TRX1392,Adult,2,100,139000,278000
CU2115,TRX1392,Child,1,70,97000,97000
CU2116,TRX1393,Adult,4,100,99000,396000
CU2117,TRX1394,Adult,3,100,99000,297000
CU2118,TRX1395,Adult,2,100,99000,198000
CU2119,TRX1396,Adult,5,100,199000,995000
CU2120,TRX1396,Senior,2,80,159000,318000
CU2121,TRX1397,Adult,2,100,99000,198000
CU2122,TRX1398,Adult,1,100,139000,139000
CU2123,TRX1398,Child,1,70,97000,97000
CU2124,TRX1399,Adult,2,100,139000,278000
CU2125,TRX1399,Child,6,70,97000,582000
CU2126,TRX1400,Adult,2,100,139000,278000
CU2127,TRX1400,Child,5,70,97000,485000
CU2128,TRX1401,Adult,6,100,139000,834000
CU2129,TRX1402,Adult,2,100,99000,198000
CU2130,TRX1402,Child,3,70,69000,207000
CU2131,TRX1403,Adult,2,100,99000,198000
CU2132,TRX1404,Adult,3,100,99000,297000
CU2133,TRX1404,Child,3,70,69000,207000
CU2134,TRX1405,Adult,2,100,99000,198000
CU2135,TRX1405,Child,1,70,69000,69000
CU2136,TRX1406,Adult,1,100,139000,139000
CU2137,TRX1406,Senior,2,80,111000,222000
CU2138,TRX1407,Adult,1,100,99000,99000
CU2139,TRX1407,Child,4,70,69000,276000
CU2140,TRX1408,Adult,4,100,139000,556000
CU2141,TRX1409,Adult,2,100,139000,278000
CU2142,TRX1410,Adult,8,100,99000,792000
CU2143,TRX1411,Adult,2,100,99000,198000
CU2144,TRX1412,Adult,2,100,99000,198000
CU2145,TRX1413,Adult,5,100,199000,995000
CU2146,TRX1414,Adult,2,100,139000,278000
CU2147,TRX1415,Adult,2,100,99000,198000
CU2148,TRX1415,Child,3,70,69000,207000
CU2149,TRX1416,Adult,7,100,99000,693000
CU2150,TRX1417,Adult,4,100,119000,476000
CU2151,TRX1418,Adult,2,100,159000,318000
CU2152,TRX1419,Adult,1,100,119000,119000
CU2153,TRX1419,Senior,1,80,95000,95000
CU2154,TRX1420,Adult,2,100,119000,238000
CU2155,TRX1421,Adult,2,100,159000,318000
CU2156,TRX1421,Senior,1,80,127000,127000
CU2157,TRX1422,Adult,1,100,119000,119000
CU2158,TRX1422,Senior,1,80,95000,95000
CU2159,TRX1423,Adult,6,100,119000,714000
CU2160,TRX1424,Adult,1,100,219000,219000
CU2161,TRX1425,Senior,1,80,175000,175000
CU2162,TRX1426,Adult,3,100,159000,477000
CU2163,TRX1426,Child,9,70,111000,999000
CU2164,TRX1427,Adult,2,100,159000,318000
CU2165,TRX1427,Child,2,70,111000,222000
CU2166,TRX1428,Adult,3,100,119000,357000
CU2167,TRX1429,Adult,2,100,119000,238000
CU2168,TRX1429,Child,2,70,83000,166000
CU2169,TRX1429,Senior,1,80,95000,95000
CU2170,TRX1430,Adult,5,100,119000,595000
CU2171,TRX1431,Adult,5,100,99000,495000
CU2172,TRX1432,Adult,5,100,99000,495000
CU2173,TRX1433,Adult,7,100,139000,973000
CU2174,TRX1434,Adult,1,100,99000,99000
CU2175,TRX1435,Adult,6,100,99000,594000
CU2176,TRX1436,Adult,3,100,99000,297000
CU2177,TRX1437,Adult,2,100,139000,278000
CU2178,TRX1437,Toddler,1,0,0,0
CU2179,TRX1438,Adult,4,100,199000,796000
CU2180,TRX1439,Adult,6,100,99000,594000
CU2181,TRX1440,Adult,1,100,139000,139000
CU2182,TRX1440,Child,1,70,97000,97000
CU2183,TRX1441,Adult,1,100,99000,99000
CU2184,TRX1441,Senior,2,80,79000,158000
CU2185,TRX1442,Adult,4,100,139000,556000
CU2186,TRX1443,Adult,7,100,99000,693000
CU2187,TRX1444,Adult,1,100,199000,199000
CU2188,TRX1445,Adult,2,100,139000,278000
CU2189,TRX1445,Child,1,70,97000,97000
CU2190,TRX1445,Toddler,1,0,0,0
CU2191,TRX1446,Adult,1,100,99000,99000
CU2192,TRX1446,Senior,1,80,79000,79000
CU2193,TRX1447,Adult,1,100,99000,99000
CU2194,TRX1448,Adult,2,100,99000,198000
CU2195,TRX1449,Adult,4,100,139000,556000
CU2196,TRX1450,Adult,4,100,119000,476000
CU2197,TRX1450,Child,1,70,83000,83000
CU2198,TRX1450,Senior,2,80,95000,190000
CU2199,TRX1451,Adult,4,100,159000,636000
CU2200,TRX1452,Adult,4,100,219000,876000
CU2201,TRX1453,Adult,4,100,119000,476000
CU2202,TRX1454,Adult,2,100,119000,238000
CU2203,TRX1454,Child,4,70,83000,332000
CU2204,TRX1455,Adult,1,100,119000,119000
CU2205,TRX1455,Child,1,70,83000,83000
CU2206,TRX1456,Adult,3,100,119000,357000
CU2207,TRX1457,Adult,7,100,159000,1113000
CU2208,TRX1458,Adult,2,100,159000,318000
CU2209,TRX1459,Adult,3,100,119000,357000
CU2210,TRX1460,Adult,6,100,159000,954000
CU2211,TRX1461,Adult,2,100,119000,238000
CU2212,TRX1461,Child,1,70,83000,83000
CU2213,TRX1462,Adult,6,100,119000,714000
CU2214,TRX1463,Adult,2,100,119000,238000
CU2215,TRX1463,Child,1,70,83000,83000
CU2216,TRX1464,Adult,3,100,219000,657000
CU2217,TRX1465,Adult,4,100,159000,636000
CU2218,TRX1466,Adult,2,100,119000,238000
CU2219,TRX1466,Child,7,70,83000,581000
CU2220,TRX1466,Toddler,1,0,0,0
CU2221,TRX1467,Adult,8,100,159000,1272000
CU2222,TRX1468,Adult,6,100,159000,954000
CU2223,TRX1469,Adult,2,100,99000,198000
CU2224,TRX1469,Child,4,70,69000,276000
CU2225,TRX1469,Senior,1,80,79000,79000
CU2226,TRX1469,Toddler,1,0,0,0
CU2227,TRX1470,Adult,4,100,99000,396000
CU2228,TRX1471,Adult,3,100,99000,297000
CU2229,TRX1472,Adult,3,100,99000,297000
CU2230,TRX1473,Adult,2,100,139000,278000
CU2231,TRX1473,Child,1,70,97000,97000
CU2232,TRX1473,Toddler,1,0,0,0
CU2233,TRX1474,Adult,1,100,139000,139000
CU2234,TRX1475,Adult,2,100,139000,278000
CU2235,TRX1475,Child,4,70,97000,388000
CU2236,TRX1476,Adult,3,100,99000,297000
CU2237,TRX1476,Child,1,70,69000,69000
CU2238,TRX1477,Adult,1,100,99000,99000
CU2239,TRX1477,Child,5,70,69000,345000
CU2240,TRX1478,Adult,3,100,139000,417000
CU2241,TRX1479,Adult,3,100,99000,297000
CU2242,TRX1479,Toddler,1,0,0,0
CU2243,TRX1480,Adult,8,100,99000,792000
CU2244,TRX1481,Adult,5,100,99000,495000
CU2245,TRX1482,Adult,1,100,139000,139000
CU2246,TRX1482,Child,1,70,97000,97000
CU2247,TRX1483,Adult,1,100,139000,139000
CU2248,TRX1484,Adult,5,100,99000,495000
CU2249,TRX1485,Adult,2,100,139000,278000
CU2250,TRX1485,Child,1,70,97000,97000
CU2251,TRX1486,Adult,1,100,139000,139000
CU2252,TRX1486,Child,1,70,97000,97000
CU2253,TRX1487,Adult,1,100,99000,99000
CU2254,TRX1487,Senior,1,80,79000,79000
CU2255,TRX1488,Adult,2,100,99000,198000
CU2256,TRX1489,Adult,2,100,139000,278000
CU2257,TRX1490,Adult,4,100,139000,556000
CU2258,TRX1491,Adult,4,100,119000,476000
CU2259,TRX1492,Adult,1,100,159000,159000
CU2260,TRX1492,Child,1,70,111000,111000
CU2261,TRX1493,Adult,4,100,119000,476000
CU2262,TRX1494,Adult,1,100,119000,119000
CU2263,TRX1494,Child,2,70,83000,166000
CU2264,TRX1494,Toddler,1,0,0,0
CU2265,TRX1495,Adult,2,100,159000,318000
CU2266,TRX1495,Senior,1,80,127000,127000
CU2267,TRX1496,Adult,2,100,119000,238000
CU2268,TRX1497,Adult,4,100,159000,636000
CU2269,TRX1498,Adult,3,100,159000,477000
CU2270,TRX1499,Adult,1,100,119000,119000
CU2271,TRX1500,Adult,3,100,159000,477000
CU2272,TRX1500,Child,2,70,111000,222000
CU2273,TRX1501,Adult,4,100,159000,636000
CU2274,TRX1502,Adult,1,100,119000,119000
CU2275,TRX1502,Child,1,70,83000,83000
CU2276,TRX1503,Adult,2,100,119000,238000
CU2277,TRX1503,Child,1,70,83000,83000
CU2278,TRX1504,Adult,4,100,119000,476000
CU2279,TRX1505,Adult,1,100,119000,119000
CU2280,TRX1505,Child,1,70,83000,83000
CU2281,TRX1506,Adult,5,100,159000,795000
CU2282,TRX1507,Adult,2,100,219000,438000
CU2283,TRX1507,Child,1,70,153000,153000
CU2284,TRX1507,Senior,1,80,175000,175000
CU2285,TRX1508,Adult,1,100,159000,159000
CU2286,TRX1508,Senior,1,80,127000,127000
CU2287,TRX1509,Adult,1,100,159000,159000
CU2288,TRX1510,Adult,3,100,119000,357000
CU2289,TRX1511,Adult,2,100,119000,238000
CU2290,TRX1512,Adult,1,100,159000,159000
CU2291,TRX1512,Toddler,1,0,0,0
CU2292,TRX1513,Adult,4,100,119000,476000
CU2293,TRX1514,Adult,6,100,159000,954000
CU2294,TRX1515,Adult,2,100,219000,438000
CU2295,TRX1516,Adult,2,100,119000,238000
CU2296,TRX1516,Child,1,70,83000,83000
CU2297,TRX1516,Toddler,1,0,0,0
CU2298,TRX1517,Adult,2,100,219000,438000
CU2299,TRX1518,Adult,3,100,119000,357000
CU2300,TRX1519,Adult,2,100,159000,318000
CU2301,TRX1520,Adult,1,100,159000,159000
CU2302,TRX1520,Toddler,1,0,0,0
CU2303,TRX1521,Adult,2,100,159000,318000
CU2304,TRX1521,Senior,2,80,127000,254000
CU2305,TRX1522,Adult,2,100,139000,278000
CU2306,TRX1523,Adult,7,100,139000,973000
CU2307,TRX1524,Adult,2,100,139000,278000
CU2308,TRX1525,Adult,1,100,139000,139000
CU2309,TRX1525,Senior,1,80,111000,111000
CU2310,TRX1526,Adult,2,100,99000,198000
CU2311,TRX1527,Adult,2,100,139000,278000
CU2312,TRX1528,Adult,2,100,99000,198000
CU2313,TRX1528,Child,1,70,69000,69000
CU2314,TRX1529,Adult,1,100,139000,139000
CU2315,TRX1530,Adult,6,100,99000,594000
CU2316,TRX1531,Adult,3,100,99000,297000
CU2317,TRX1532,Adult,7,100,99000,693000
CU2318,TRX1533,Adult,4,100,99000,396000
CU2319,TRX1534,Adult,2,100,139000,278000
CU2320,TRX1535,Adult,4,100,199000,796000
CU2321,TRX1536,Adult,1,100,99000,99000
CU2322,TRX1537,Adult,2,100,199000,398000
CU2323,TRX1538,Adult,2,100,99000,198000
CU2324,TRX1539,Adult,1,100,139000,139000
CU2325,TRX1539,Child,1,70,97000,97000
CU2326,TRX1540,Adult,2,100,139000,278000
CU2327,TRX1540,Child,2,70,97000,194000
CU2328,TRX1540,Senior,1,80,111000,111000
CU2329,TRX1541,Adult,3,100,139000,417000
CU2330,TRX1542,Adult,2,100,99000,198000
CU2331,TRX1542,Child,1,70,69000,69000
CU2332,TRX1543,Adult,6,100,199000,1194000
CU2333,TRX1544,Adult,1,100,139000,139000
CU2334,TRX1544,Senior,1,80,111000,111000
CU2335,TRX1545,Adult,3,100,159000,477000
CU2336,TRX1546,Adult,2,100,159000,318000
CU2337,TRX1547,Adult,1,100,159000,159000
CU2338,TRX1547,Child,2,70,111000,222000
CU2339,TRX1548,Adult,6,100,159000,954000
CU2340,TRX1549,Adult,2,100,119000,238000
CU2341,TRX1550,Adult,1,100,219000,219000
CU2342,TRX1550,Child,4,70,153000,612000
CU2343,TRX1551,Adult,4,100,119000,476000
CU2344,TRX1552,Adult,3,100,219000,657000
CU2345,TRX1553,Adult,3,100,119000,357000
CU2346,TRX1554,Adult,3,100,219000,657000
CU2347,TRX1554,Child,1,70,153000,153000
CU2348,TRX1554,Senior,1,80,175000,175000
CU2349,TRX1555,Adult,2,100,159000,318000
CU2350,TRX1556,Adult,2,100,119000,238000
CU2351,TRX1557,Adult,1,100,159000,159000
CU2352,TRX1558,Adult,2,100,219000,438000
CU2353,TRX1558,Child,1,70,153000,153000
CU2354,TRX1558,Toddler,1,0,0,0
CU2355,TRX1559,Adult,5,100,159000,795000
CU2356,TRX1560,Adult,3,100,159000,477000
CU2357,TRX1561,Adult,2,100,159000,318000
CU2358,TRX1562,Adult,2,100,119000,238000
CU2359,TRX1562,Child,2,70,83000,166000
CU2360,TRX1563,Adult,8,100,159000,1272000
CU2361,TRX1564,Adult,1,100,219000,219000
CU2362,TRX1564,Child,1,70,153000,153000
CU2363,TRX1565,Adult,7,100,119000,833000
CU2364,TRX1566,Adult,2,100,159000,318000
CU2365,TRX1566,Child,2,70,111000,222000
CU2366,TRX1566,Senior,1,80,127000,127000
CU2367,TRX1566,Toddler,1,0,0,0
CU2368,TRX1567,Adult,2,100,159000,318000
CU2369,TRX1567,Senior,1,80,127000,127000
CU2370,TRX1568,Adult,5,100,119000,595000
CU2371,TRX1569,Adult,1,100,99000,99000
CU2372,TRX1569,Child,1,70,69000,69000
CU2373,TRX1570,Adult,2,100,99000,198000
CU2374,TRX1571,Adult,2,100,99000,198000
CU2375,TRX1571,Child,2,70,69000,138000
CU2376,TRX1572,Adult,2,100,99000,198000
CU2377,TRX1572,Senior,2,80,79000,158000
CU2378,TRX1573,Adult,2,100,99000,198000
CU2379,TRX1573,Child,2,70,69000,138000
CU2380,TRX1573,Senior,1,80,79000,79000
CU2381,TRX1573,Toddler,1,0,0,0
CU2382,TRX1574,Adult,2,100,99000,198000
CU2383,TRX1575,Adult,5,100,99000,495000
CU2384,TRX1576,Adult,4,100,139000,556000
CU2385,TRX1577,Adult,2,100,139000,278000
CU2386,TRX1578,Adult,2,100,99000,198000
CU2387,TRX1578,Child,3,70,69000,207000
CU2388,TRX1579,Adult,4,100,139000,556000
CU2389,TRX1579,Senior,1,80,111000,111000
CU2390,TRX1580,Adult,4,100,99000,396000
CU2391,TRX1581,Adult,2,100,99000,198000
CU2392,TRX1582,Adult,3,100,139000,417000
CU2393,TRX1583,Adult,2,100,99000,198000
CU2394,TRX1583,Child,2,70,69000,138000
CU2395,TRX1583,Senior,1,80,79000,79000
CU2396,TRX1583,Toddler,1,0,0,0
CU2397,TRX1584,Adult,2,100,99000,198000
CU2398,TRX1584,Senior,2,80,79000,158000
CU2399,TRX1585,Adult,2,100,139000,278000
CU2400,TRX1585,Child,2,70,97000,194000
CU2401,TRX1585,Senior,1,80,111000,111000
CU2402,TRX1585,Toddler,1,0,0,0
CU2403,TRX1586,Adult,4,100,99000,396000
CU2404,TRX1587,Adult,2,100,99000,198000
CU2405,TRX1587,Child,2,70,69000,138000
CU2406,TRX1587,Senior,1,80,79000,79000
CU2407,TRX1587,Toddler,1,0,0,0
CU2408,TRX1588,Adult,2,100,139000,278000
CU2409,TRX1589,Adult,4,100,99000,396000
CU2410,TRX1590,Adult,3,100,99000,297000
CU2411,TRX1591,Adult,1,100,199000,199000
CU2412,TRX1591,Child,2,70,139000,278000
CU2413,TRX1592,Adult,1,100,139000,139000
CU2414,TRX1593,Adult,2,100,139000,278000
CU2415,TRX1594,Adult,4,100,99000,396000
CU2416,TRX1595,Adult,4,100,199000,796000
CU2417,TRX1596,Adult,4,100,99000,396000
CU2418,TRX1597,Adult,2,100,99000,198000
CU2419,TRX1597,Senior,1,80,79000,79000
CU2420,TRX1598,Adult,7,100,99000,693000
CU2421,TRX1599,Adult,2,100,199000,398000
CU2422,TRX1600,Adult,12,100,139000,1668000
CU2423,TRX1601,Adult,1,100,139000,139000
CU2424,TRX1601,Toddler,1,0,0,0
CU2425,TRX1602,Adult,2,100,119000,238000
CU2426,TRX1602,Child,1,70,83000,83000
CU2427,TRX1603,Adult,2,100,159000,318000
CU2428,TRX1604,Adult,3,100,219000,657000
CU2429,TRX1605,Adult,4,100,119000,476000
CU2430,TRX1606,Adult,2,100,219000,438000
CU2431,TRX1607,Adult,2,100,159000,318000
CU2432,TRX1607,Child,1,70,111000,111000
CU2433,TRX1608,Adult,2,100,219000,438000
CU2434,TRX1609,Adult,4,100,119000,476000
CU2435,TRX1610,Adult,2,100,119000,238000
CU2436,TRX1610,Child,2,70,83000,166000
CU2437,TRX1611,Adult,4,100,119000,476000
CU2438,TRX1612,Senior,1,80,95000,95000
CU2439,TRX1613,Adult,3,100,159000,477000
CU2440,TRX1614,Adult,4,100,119000,476000
CU2441,TRX1615,Adult,2,100,119000,238000
CU2442,TRX1615,Child,4,70,83000,332000
CU2443,TRX1616,Adult,4,100,119000,476000
CU2444,TRX1617,Adult,3,100,119000,357000
CU2445,TRX1617,Child,7,70,83000,581000
CU2446,TRX1618,Adult,6,100,219000,1314000
CU2447,TRX1619,Adult,3,100,119000,357000
CU2448,TRX1619,Child,4,70,83000,332000
CU2449,TRX1620,Adult,2,100,159000,318000
CU2450,TRX1620,Child,2,70,111000,222000
CU2451,TRX1621,Adult,1,100,119000,119000
CU2452,TRX1622,Adult,3,100,219000,657000
CU2453,TRX1622,Child,3,70,153000,459000
CU2454,TRX1623,Adult,5,100,219000,1095000
CU2455,TRX1624,Adult,2,100,159000,318000
CU2456,TRX1625,Adult,4,100,219000,876000
CU2457,TRX1626,Adult,3,100,219000,657000
CU2458,TRX1627,Adult,3,100,159000,477000
CU2459,TRX1627,Child,5,70,111000,555000
CU2460,TRX1628,Adult,2,100,119000,238000
CU2461,TRX1628,Child,1,70,83000,83000
CU2462,TRX1629,Adult,1,100,119000,119000
CU2463,TRX1629,Child,1,70,83000,83000
CU2464,TRX1630,Adult,3,100,159000,477000
CU2465,TRX1631,Adult,1,100,119000,119000
CU2466,TRX1632,Adult,1,100,219000,219000
CU2467,TRX1632,Child,1,70,153000,153000
CU2468,TRX1632,Toddler,1,0,0,0
CU2469,TRX1633,Adult,1,100,119000,119000
CU2470,TRX1633,Child,1,70,83000,83000
CU2471,TRX1634,Adult,4,100,219000,876000
CU2472,TRX1635,Adult,4,100,119000,476000
CU2473,TRX1636,Adult,1,100,119000,119000
CU2474,TRX1636,Child,9,70,83000,747000
CU2475,TRX1637,Adult,6,100,119000,714000
CU2476,TRX1638,Adult,1,100,119000,119000
CU2477,TRX1639,Adult,1,100,219000,219000
CU2478,TRX1639,Child,2,70,153000,306000
CU2479,TRX1639,Toddler,1,0,0,0
CU2480,TRX1640,Adult,9,100,219000,1971000
CU2481,TRX1641,Adult,2,100,159000,318000
CU2482,TRX1641,Child,3,70,111000,333000
CU2483,TRX1641,Senior,1,80,127000,127000
CU2484,TRX1641,Toddler,1,0,0,0
CU2485,TRX1642,Adult,5,100,159000,795000
CU2486,TRX1643,Adult,6,100,159000,954000
CU2487,TRX1644,Adult,2,100,159000,318000
CU2488,TRX1644,Child,2,70,111000,222000
CU2489,TRX1645,Adult,4,100,159000,636000
CU2490,TRX1646,Adult,2,100,219000,438000
CU2491,TRX1647,Adult,2,100,159000,318000
CU2492,TRX1648,Adult,2,100,159000,318000
CU2493,TRX1648,Child,3,70,111000,333000
CU2494,TRX1649,Adult,2,100,119000,238000
CU2495,TRX1649,Child,5,70,83000,415000
CU2496,TRX1650,Adult,4,100,159000,636000
CU2497,TRX1651,Adult,3,100,119000,357000
CU2498,TRX1652,Adult,2,100,159000,318000
CU2499,TRX1653,Adult,1,100,159000,159000
CU2500,TRX1653,Child,2,70,111000,222000
CU2501,TRX1654,Adult,7,100,219000,1533000
CU2502,TRX1655,Adult,1,100,119000,119000
CU2503,TRX1655,Toddler,1,0,0,0
CU2504,TRX1656,Adult,3,100,159000,477000
CU2505,TRX1657,Adult,2,100,119000,238000
CU2506,TRX1658,Adult,3,100,119000,357000
CU2507,TRX1659,Adult,1,100,159000,159000
CU2508,TRX1660,Adult,2,100,159000,318000
CU2509,TRX1661,Adult,4,100,219000,876000
CU2510,TRX1662,Adult,4,100,159000,636000
CU2511,TRX1663,Adult,2,100,159000,318000
CU2512,TRX1663,Child,2,70,111000,222000
CU2513,TRX1663,Toddler,1,0,0,0
CU2514,TRX1664,Adult,5,100,159000,795000
CU2515,TRX1664,Senior,1,80,127000,127000
CU2516,TRX1665,Adult,2,100,219000,438000
CU2517,TRX1666,Adult,4,100,159000,636000
CU2518,TRX1667,Adult,2,100,119000,238000
CU2519,TRX1668,Adult,3,100,159000,477000
CU2520,TRX1669,Adult,1,100,119000,119000
CU2521,TRX1669,Child,2,70,83000,166000
CU2522,TRX1669,Toddler,1,0,0,0
CU2523,TRX1670,Adult,1,100,119000,119000
CU2524,TRX1670,Senior,1,80,95000,95000
CU2525,TRX1671,Adult,4,100,119000,476000
CU2526,TRX1672,Adult,6,100,159000,954000
CU2527,TRX1673,Adult,1,100,159000,159000
CU2528,TRX1673,Senior,1,80,127000,127000
CU2529,TRX1674,Adult,3,100,159000,477000
CU2530,TRX1674,Toddler,1,0,0,0
CU2531,TRX1675,Adult,1,100,159000,159000
CU2532,TRX1675,Child,5,70,111000,555000
CU2533,TRX1676,Adult,1,100,159000,159000
CU2534,TRX1676,Senior,1,80,127000,127000
CU2535,TRX1677,Adult,3,100,119000,357000
CU2536,TRX1678,Adult,6,100,219000,1314000
CU2537,TRX1679,Adult,5,100,219000,1095000
CU2538,TRX1680,Adult,5,100,119000,595000
CU2539,TRX1681,Adult,6,100,159000,954000
CU2540,TRX1682,Adult,4,100,119000,476000
CU2541,TRX1683,Adult,1,100,159000,159000
CU2542,TRX1683,Child,1,70,111000,111000
CU2543,TRX1684,Adult,2,100,159000,318000
CU2544,TRX1685,Adult,2,100,159000,318000
CU2545,TRX1685,Child,4,70,111000,444000
CU2546,TRX1685,Senior,1,80,127000,127000
CU2547,TRX1685,Toddler,1,0,0,0
CU2548,TRX1686,Adult,1,100,119000,119000
CU2549,TRX1686,Senior,1,80,95000,95000
CU2550,TRX1687,Adult,4,100,119000,476000
CU2551,TRX1688,Adult,4,100,159000,636000
CU2552,TRX1688,Senior,2,80,127000,254000
CU2553,TRX1689,Adult,1,100,239000,239000
CU2554,TRX1689,Toddler,1,0,0,0
CU2555,TRX1690,Adult,2,100,139000,278000
CU2556,TRX1691,Adult,3,100,179000,537000
CU2557,TRX1692,Adult,4,100,139000,556000
CU2558,TRX1693,Adult,2,100,239000,478000
CU2559,TRX1693,Senior,2,80,191000,382000
CU2560,TRX1694,Adult,2,100,239000,478000
CU2561,TRX1694,Child,1,70,167000,167000
CU2562,TRX1694,Senior,1,80,191000,191000
CU2563,TRX1695,Adult,6,100,239000,1434000
CU2564,TRX1696,Adult,10,100,239000,2390000
CU2565,TRX1697,Adult,2,100,179000,358000
CU2566,TRX1698,Adult,3,100,179000,537000
CU2567,TRX1699,Adult,1,100,239000,239000
CU2568,TRX1700,Adult,3,100,139000,417000
CU2569,TRX1701,Adult,4,100,179000,716000
CU2570,TRX1702,Adult,3,100,139000,417000
CU2571,TRX1702,Child,1,70,97000,97000
CU2572,TRX1703,Adult,6,100,239000,1434000
CU2573,TRX1704,Adult,2,100,139000,278000
CU2574,TRX1705,Adult,1,100,239000,239000
CU2575,TRX1705,Senior,2,80,191000,382000
CU2576,TRX1706,Adult,1,100,179000,179000
CU2577,TRX1706,Child,2,70,125000,250000
CU2578,TRX1706,Toddler,1,0,0,0
CU2579,TRX1707,Adult,1,100,179000,179000
CU2580,TRX1708,Adult,2,100,139000,278000
CU2581,TRX1709,Adult,2,100,139000,278000
CU2582,TRX1710,Adult,3,100,139000,417000
CU2583,TRX1710,Child,1,70,97000,97000
CU2584,TRX1711,Senior,1,80,191000,191000
CU2585,TRX1712,Adult,4,100,239000,956000
CU2586,TRX1713,Adult,2,100,179000,358000
CU2587,TRX1713,Child,1,70,125000,125000
CU2588,TRX1714,Adult,1,100,139000,139000
CU2589,TRX1714,Child,1,70,97000,97000
CU2590,TRX1715,Adult,5,100,139000,695000
CU2591,TRX1716,Adult,3,100,139000,417000
CU2592,TRX1717,Adult,2,100,139000,278000
CU2593,TRX1718,Adult,8,100,179000,1432000
CU2594,TRX1719,Adult,2,100,179000,358000
CU2595,TRX1719,Child,2,70,125000,250000
CU2596,TRX1720,Adult,6,100,179000,1074000
CU2597,TRX1721,Adult,4,100,179000,716000
CU2598,TRX1722,Adult,2,100,179000,358000
CU2599,TRX1723,Adult,8,100,179000,1432000
CU2600,TRX1724,Adult,1,100,239000,239000
CU2601,TRX1724,Child,2,70,167000,334000
CU2602,TRX1725,Adult,2,100,239000,478000
CU2603,TRX1726,Adult,1,100,139000,139000
CU2604,TRX1726,Child,8,70,97000,776000
CU2605,TRX1726,Toddler,1,0,0,0
CU2606,TRX1727,Adult,2,100,179000,358000
CU2607,TRX1728,Adult,4,100,139000,556000
CU2608,TRX1729,Adult,5,100,139000,695000
CU2609,TRX1730,Adult,3,100,179000,537000
CU2610,TRX1731,Adult,2,100,119000,238000
CU2611,TRX1732,Adult,2,100,119000,238000
CU2612,TRX1732,Child,2,70,83000,166000
CU2613,TRX1733,Adult,10,100,159000,1590000
CU2614,TRX1734,Adult,3,100,159000,477000
CU2615,TRX1734,Child,2,70,111000,222000
CU2616,TRX1735,Adult,2,100,159000,318000
CU2617,TRX1735,Child,1,70,111000,111000
CU2618,TRX1735,Senior,1,80,127000,127000
CU2619,TRX1736,Adult,4,100,119000,476000
CU2620,TRX1736,Senior,1,80,95000,95000
CU2621,TRX1737,Adult,5,100,159000,795000
CU2622,TRX1738,Adult,2,100,159000,318000
CU2623,TRX1738,Child,1,70,111000,111000
CU2624,TRX1738,Toddler,1,0,0,0
CU2625,TRX1739,Adult,5,100,219000,1095000
CU2626,TRX1740,Adult,3,100,119000,357000
CU2627,TRX1741,Adult,3,100,159000,477000
CU2628,TRX1742,Adult,2,100,119000,238000
CU2629,TRX1742,Senior,2,80,95000,190000
CU2630,TRX1743,Adult,2,100,159000,318000
CU2631,TRX1744,Adult,6,100,159000,954000
CU2632,TRX1745,Adult,2,100,159000,318000
CU2633,TRX1745,Child,1,70,111000,111000
CU2634,TRX1746,Adult,2,100,159000,318000
CU2635,TRX1747,Adult,2,100,119000,238000
CU2636,TRX1747,Child,5,70,83000,415000
CU2637,TRX1748,Adult,1,100,159000,159000
CU2638,TRX1748,Child,1,70,111000,111000
CU2639,TRX1749,Adult,2,100,159000,318000
CU2640,TRX1749,Child,1,70,111000,111000
CU2641,TRX1749,Senior,1,80,127000,127000
CU2642,TRX1750,Adult,2,100,119000,238000
CU2643,TRX1750,Child,1,70,83000,83000
CU2644,TRX1750,Senior,1,80,95000,95000
CU2645,TRX1751,Adult,6,100,119000,714000
CU2646,TRX1752,Adult,1,100,219000,219000
CU2647,TRX1752,Child,3,70,153000,459000
CU2648,TRX1753,Adult,3,100,119000,357000
CU2649,TRX1754,Adult,1,100,219000,219000
CU2650,TRX1754,Child,1,70,153000,153000
CU2651,TRX1755,Adult,2,100,119000,238000
CU2652,TRX1756,Adult,4,100,219000,876000
CU2653,TRX1757,Adult,8,100,219000,1752000
CU2654,TRX1758,Adult,2,100,119000,238000
CU2655,TRX1759,Adult,3,100,119000,357000
CU2656,TRX1760,Adult,3,100,219000,657000
CU2657,TRX1761,Adult,6,100,119000,714000
CU2658,TRX1762,Adult,2,100,119000,238000
CU2659,TRX1762,Child,2,70,83000,166000
CU2660,TRX1762,Toddler,1,0,0,0
CU2661,TRX1763,Adult,1,100,119000,119000
CU2662,TRX1764,Adult,8,100,159000,1272000
CU2663,TRX1765,Adult,3,100,159000,477000
CU2664,TRX1765,Child,5,70,111000,555000
CU2665,TRX1766,Adult,2,100,179000,358000
CU2666,TRX1767,Adult,3,100,139000,417000
CU2667,TRX1768,Adult,2,100,239000,478000
CU2668,TRX1768,Toddler,1,0,0,0
CU2669,TRX1769,Adult,6,100,139000,834000
CU2670,TRX1769,Child,1,70,97000,97000
CU2671,TRX1769,Senior,1,80,111000,111000
CU2672,TRX1770,Adult,3,100,179000,537000
CU2673,TRX1770,Senior,1,80,143000,143000
CU2674,TRX1771,Adult,3,100,179000,537000
CU2675,TRX1772,Adult,3,100,139000,417000
CU2676,TRX1773,Adult,2,100,139000,278000
CU2677,TRX1773,Child,2,70,97000,194000
CU2678,TRX1774,Adult,6,100,239000,1434000
CU2679,TRX1774,Senior,1,80,191000,191000
CU2680,TRX1775,Adult,1,100,139000,139000
CU2681,TRX1775,Child,5,70,97000,485000
CU2682,TRX1776,Adult,1,100,139000,139000
CU2683,TRX1776,Child,2,70,97000,194000
CU2684,TRX1777,Adult,2,100,179000,358000
CU2685,TRX1778,Adult,2,100,139000,278000
CU2686,TRX1779,Adult,8,100,139000,1112000
CU2687,TRX1780,Adult,6,100,239000,1434000
CU2688,TRX1781,Adult,2,100,139000,278000
CU2689,TRX1781,Child,1,70,97000,97000
CU2690,TRX1781,Senior,2,80,111000,222000
CU2691,TRX1782,Adult,2,100,139000,278000
CU2692,TRX1783,Adult,2,100,139000,278000
CU2693,TRX1784,Adult,2,100,179000,358000
CU2694,TRX1785,Adult,10,100,179000,1790000
CU2695,TRX1786,Adult,4,100,179000,716000
CU2696,TRX1787,Adult,3,100,139000,417000
CU2697,TRX1788,Adult,1,100,239000,239000
CU2698,TRX1788,Senior,1,80,191000,191000
CU2699,TRX1789,Adult,3,100,139000,417000
CU2700,TRX1789,Child,3,70,97000,291000
CU2701,TRX1790,Adult,5,100,239000,1195000
CU2702,TRX1791,Adult,2,100,139000,278000
CU2703,TRX1792,Adult,4,100,179000,716000
CU2704,TRX1793,Adult,2,100,239000,478000
CU2705,TRX1793,Child,4,70,167000,668000
CU2706,TRX1794,Adult,2,100,139000,278000
CU2707,TRX1795,Adult,8,100,239000,1912000
CU2708,TRX1796,Adult,5,100,179000,895000
CU2709,TRX1797,Adult,1,100,139000,139000
CU2710,TRX1798,Adult,2,100,139000,278000
CU2711,TRX1799,Adult,2,100,179000,358000
CU2712,TRX1799,Child,7,70,125000,875000
CU2713,TRX1800,Adult,4,100,179000,716000
CU2714,TRX1801,Adult,2,100,139000,278000
CU2715,TRX1802,Adult,4,100,139000,556000
CU2716,TRX1802,Senior,2,80,111000,222000
CU2717,TRX1803,Adult,3,100,139000,417000
CU2718,TRX1804,Adult,3,100,139000,417000
CU2719,TRX1805,Adult,3,100,139000,417000
CU2720,TRX1806,Adult,2,100,99000,198000
CU2721,TRX1806,Child,1,70,69000,69000
CU2722,TRX1806,Toddler,1,0,0,0
CU2723,TRX1807,Adult,4,100,99000,396000
CU2724,TRX1808,Adult,5,100,139000,695000
CU2725,TRX1809,Adult,3,100,139000,417000
CU2726,TRX1809,Senior,2,80,111000,222000
CU2727,TRX1810,Adult,3,100,99000,297000
CU2728,TRX1810,Child,2,70,69000,138000
CU2729,TRX1811,Adult,3,100,99000,297000
CU2730,TRX1812,Adult,2,100,99000,198000
CU2731,TRX1813,Adult,2,100,139000,278000
CU2732,TRX1813,Child,6,70,97000,582000
CU2733,TRX1814,Adult,1,100,139000,139000
CU2734,TRX1814,Senior,1,80,111000,111000
CU2735,TRX1815,Adult,2,100,139000,278000
CU2736,TRX1815,Child,1,70,97000,97000
CU2737,TRX1815,Senior,1,80,111000,111000
CU2738,TRX1816,Adult,4,100,139000,556000
CU2739,TRX1817,Adult,3,100,139000,417000
CU2740,TRX1818,Adult,2,100,139000,278000
CU2741,TRX1819,Adult,2,100,159000,318000
CU2742,TRX1820,Adult,6,100,119000,714000
CU2743,TRX1821,Adult,2,100,119000,238000
CU2744,TRX1821,Child,5,70,83000,415000
CU2745,TRX1821,Toddler,1,0,0,0
CU2746,TRX1822,Adult,1,100,159000,159000
CU2747,TRX1822,Senior,1,80,127000,127000
CU2748,TRX1823,Adult,2,100,119000,238000
CU2749,TRX1823,Child,2,70,83000,166000
CU2750,TRX1824,Adult,2,100,159000,318000
CU2751,TRX1824,Child,1,70,111000,111000
CU2752,TRX1824,Senior,1,80,127000,127000
CU2753,TRX1825,Adult,1,100,119000,119000
CU2754,TRX1825,Child,1,70,83000,83000
CU2755,TRX1826,Adult,3,100,159000,477000
CU2756,TRX1826,Senior,2,80,127000,254000
CU2757,TRX1827,Adult,1,100,159000,159000
CU2758,TRX1828,Adult,2,100,159000,318000
CU2759,TRX1829,Adult,1,100,159000,159000
CU2760,TRX1829,Senior,2,80,127000,254000
CU2761,TRX1830,Adult,3,100,119000,357000
CU2762,TRX1831,Adult,2,100,219000,438000
CU2763,TRX1832,Adult,2,100,159000,318000
CU2764,TRX1832,Child,1,70,111000,111000
CU2765,TRX1833,Adult,1,100,119000,119000
CU2766,TRX1834,Adult,2,100,219000,438000
CU2767,TRX1834,Child,2,70,153000,306000
CU2768,TRX1834,Senior,1,80,175000,175000
CU2769,TRX1834,Toddler,1,0,0,0
CU2770,TRX1835,Adult,3,100,219000,657000
CU2771,TRX1835,Child,1,70,153000,153000
CU2772,TRX1836,Adult,7,100,159000,1113000
CU2773,TRX1837,Adult,2,100,99000,198000
CU2774,TRX1838,Adult,4,100,99000,396000
CU2775,TRX1838,Child,1,70,69000,69000
CU2776,TRX1838,Senior,1,80,79000,79000
CU2777,TRX1839,Adult,8,100,139000,1112000
CU2778,TRX1840,Adult,3,100,199000,597000
CU2779,TRX1841,Adult,2,100,99000,198000
CU2780,TRX1842,Adult,5,100,139000,695000
CU2781,TRX1843,Adult,2,100,139000,278000
CU2782,TRX1843,Child,4,70,97000,388000
CU2783,TRX1843,Senior,1,80,111000,111000
CU2784,TRX1843,Toddler,1,0,0,0
CU2785,TRX1844,Adult,2,100,99000,198000
CU2786,TRX1845,Adult,1,100,139000,139000
CU2787,TRX1845,Child,3,70,97000,291000
CU2788,TRX1846,Adult,3,100,199000,597000
CU2789,TRX1847,Adult,2,100,139000,278000
CU2790,TRX1848,Adult,1,100,199000,199000
CU2791,TRX1848,Senior,1,80,159000,159000
CU2792,TRX1849,Adult,4,100,99000,396000
CU2793,TRX1850,Adult,1,100,139000,139000
CU2794,TRX1851,Adult,3,100,99000,297000
CU2795,TRX1852,Adult,2,100,99000,198000
CU2796,TRX1853,Adult,8,100,139000,1112000
CU2797,TRX1854,Adult,7,100,99000,693000
CU2798,TRX1855,Adult,2,100,99000,198000
CU2799,TRX1856,Adult,1,100,99000,99000
CU2800,TRX1856,Senior,2,80,79000,158000
CU2801,TRX1857,Adult,4,100,139000,556000
CU2802,TRX1857,Senior,1,80,111000,111000
CU2803,TRX1858,Adult,2,100,219000,438000
CU2804,TRX1858,Child,1,70,153000,153000
CU2805,TRX1859,Adult,2,100,119000,238000
CU2806,TRX1860,Adult,2,100,119000,238000
CU2807,TRX1860,Child,5,70,83000,415000
CU2808,TRX1861,Adult,1,100,159000,159000
CU2809,TRX1861,Senior,2,80,127000,254000
CU2810,TRX1862,Adult,6,100,119000,714000
CU2811,TRX1863,Adult,2,100,159000,318000
CU2812,TRX1863,Child,4,70,111000,444000
CU2813,TRX1864,Adult,2,100,219000,438000
CU2814,TRX1865,Adult,2,100,219000,438000
CU2815,TRX1865,Child,1,70,153000,153000
CU2816,TRX1866,Adult,2,100,219000,438000
CU2817,TRX1866,Child,1,70,153000,153000
CU2818,TRX1866,Senior,1,80,175000,175000
CU2819,TRX1867,Adult,4,100,159000,636000
CU2820,TRX1868,Adult,9,100,219000,1971000
CU2821,TRX1869,Adult,5,100,119000,595000
CU2822,TRX1870,Adult,2,100,159000,318000
CU2823,TRX1871,Adult,4,100,159000,636000
CU2824,TRX1872,Adult,2,100,139000,278000
CU2825,TRX1873,Adult,3,100,99000,297000
CU2826,TRX1874,Adult,6,100,99000,594000
CU2827,TRX1875,Adult,2,100,139000,278000
CU2828,TRX1876,Adult,1,100,139000,139000
CU2829,TRX1876,Senior,1,80,111000,111000
CU2830,TRX1877,Adult,7,100,199000,1393000
CU2831,TRX1878,Adult,2,100,99000,198000
CU2832,TRX1878,Child,7,70,69000,483000
CU2833,TRX1878,Toddler,1,0,0,0
CU2834,TRX1879,Adult,6,100,99000,594000
CU2835,TRX1880,Adult,2,100,99000,198000
CU2836,TRX1880,Child,1,70,69000,69000
CU2837,TRX1881,Adult,3,100,139000,417000
CU2838,TRX1882,Adult,6,100,99000,594000
CU2839,TRX1883,Adult,5,100,99000,495000
CU2840,TRX1884,Adult,1,100,99000,99000
CU2841,TRX1885,Adult,1,100,99000,99000
CU2842,TRX1885,Toddler,1,0,0,0
CU2843,TRX1886,Adult,3,100,99000,297000
CU2844,TRX1887,Adult,5,100,99000,495000
CU2845,TRX1887,Child,1,70,69000,69000
CU2846,TRX1887,Senior,2,80,79000,158000
CU2847,TRX1888,Adult,8,100,199000,1592000
CU2848,TRX1889,Adult,1,100,99000,99000
CU2849,TRX1889,Senior,1,80,79000,79000
CU2850,TRX1890,Adult,2,100,99000,198000
CU2851,TRX1890,Child,5,70,69000,345000
CU2852,TRX1891,Adult,1,100,139000,139000
CU2853,TRX1891,Senior,2,80,111000,222000
CU2854,TRX1892,Adult,1,100,159000,159000
CU2855,TRX1892,Senior,2,80,127000,254000
CU2856,TRX1893,Adult,4,100,159000,636000
CU2857,TRX1894,Adult,1,100,119000,119000
CU2858,TRX1894,Senior,1,80,95000,95000
CU2859,TRX1895,Adult,1,100,119000,119000
CU2860,TRX1895,Child,1,70,83000,83000
CU2861,TRX1896,Adult,2,100,159000,318000
CU2862,TRX1896,Child,2,70,111000,222000
CU2863,TRX1896,Senior,1,80,127000,127000
CU2864,TRX1896,Toddler,1,0,0,0
CU2865,TRX1897,Adult,1,100,119000,119000
CU2866,TRX1897,Senior,1,80,95000,95000
CU2867,TRX1898,Adult,4,100,159000,636000
CU2868,TRX1899,Adult,1,100,119000,119000
CU2869,TRX1899,Child,2,70,83000,166000
CU2870,TRX1900,Adult,2,100,159000,318000
CU2871,TRX1900,Child,2,70,111000,222000
CU2872,TRX1901,Adult,4,100,219000,876000
CU2873,TRX1902,Adult,2,100,219000,438000
CU2874,TRX1903,Adult,6,100,159000,954000
CU2875,TRX1904,Adult,2,100,119000,238000
CU2876,TRX1904,Child,1,70,83000,83000
CU2877,TRX1904,Senior,1,80,95000,95000
CU2878,TRX1905,Adult,4,100,219000,876000
CU2879,TRX1906,Adult,6,100,159000,954000
CU2880,TRX1907,Adult,2,100,159000,318000
CU2881,TRX1907,Child,3,70,111000,333000
CU2882,TRX1908,Adult,2,100,119000,238000
CU2883,TRX1908,Child,1,70,83000,83000
CU2884,TRX1908,Senior,2,80,95000,190000
CU2885,TRX1909,Adult,2,100,119000,238000
CU2886,TRX1910,Adult,8,100,219000,1752000
CU2887,TRX1911,Adult,2,100,119000,238000
CU2888,TRX1911,Senior,2,80,95000,190000
CU2889,TRX1912,Adult,2,100,159000,318000
CU2890,TRX1913,Adult,1,100,119000,119000
CU2891,TRX1913,Senior,1,80,95000,95000
CU2892,TRX1914,Adult,2,100,159000,318000
CU2893,TRX1914,Senior,1,80,127000,127000
CU2894,TRX1915,Adult,1,100,119000,119000
CU2895,TRX1915,Child,1,70,83000,83000
