id_reservasi,tanggal,jam,id_meja,nama_pemesan,jumlah_orang,tipe_kedatangan,status
RS0001,2026-09-01,11:02,T06,Dian Rahardjo,3,Walk-in,Completed
RS0002,2026-09-01,11:12,T24,Citra Nugroho,6,Walk-in,Completed
RS0003,2026-09-01,11:30,T05,Andi Kurniawan,2,Booking,Completed
RS0004,2026-09-01,11:42,T07,Nia Putra,4,Walk-in,Completed
RS0005,2026-09-01,11:55,T11,Ratna Ramadhan,3,Walk-in,Completed
RS0006,2026-09-01,12:12,T04,Sinta Permana,1,Walk-in,Completed
RS0007,2026-09-01,12:20,T23,Dian Susanto,6,Walk-in,Completed
RS0008,2026-09-01,12:30,T06,Wahyu Nugroho,4,Booking,Cancelled
RS0009,2026-09-01,12:43,T03,Novi Saputra,2,Walk-in,Completed
RS0010,2026-09-01,12:44,T17,Daniel Hartono,6,Walk-in,Completed
RS0011,2026-09-01,12:47,T08,Laras Utomo,3,Walk-in,Completed
RS0012,2026-09-01,13:00,T02,Yoga Wardana,2,Booking,Completed
RS0013,2026-09-01,13:00,T25,Clarissa Halim,5,Booking,No-show
RS0014,2026-09-01,13:25,T01,Bagas Pratama,2,Walk-in,Completed
RS0015,2026-09-01,13:29,T16,Ratna Budiman,4,Walk-in,Completed
RS0016,2026-09-01,15:23,T06,Ratna Ramadhan,4,Walk-in,Completed
RS0017,2026-09-01,15:30,T27,Stefani Halim,8,Booking,No-show
RS0018,2026-09-01,16:13,T01,Kevin Hartono,2,Walk-in,Completed
RS0019,2026-09-01,16:30,T05,Tari Halim,2,Booking,Completed
RS0020,2026-09-01,16:30,T24,Fitri Ramadhan,6,Booking,Completed
RS0021,2026-09-01,16:36,T02,Fitri Utomo,2,Walk-in,Completed
RS0022,2026-09-01,17:30,T03,Budi Lim,2,Booking,Completed
RS0023,2026-09-01,17:30,T09,Jessica Handoko,3,Booking,Completed
RS0024,2026-09-01,17:30,T26,Maya Suryadi,6,Booking,No-show
RS0025,2026-09-01,18:00,T07,Tono Hartono,4,Booking,Completed
RS0026,2026-09-01,18:00,T20,Ayu Halim,4,Booking,Completed
RS0027,2026-09-01,18:15,T01,Hendra Salim,2,Walk-in,Completed
RS0028,2026-09-01,18:20,T27,Laras Chandra,7,Walk-in,Completed
RS0029,2026-09-01,18:25,T06,Novi Suryadi,2,Walk-in,Completed
RS0030,2026-09-01,18:30,T02,Michael Nugroho,2,Booking,Completed
RS0031,2026-09-01,18:39,T25,Hendri Suryadi,6,Walk-in,Completed
RS0032,2026-09-01,19:00,T04,Yuni Permana,2,Booking,Completed
RS0033,2026-09-01,19:00,T05,Fitri Santika,2,Booking,Completed
RS0034,2026-09-01,19:00,T22,Rina Lestari,4,Booking,Completed
RS0035,2026-09-01,19:07,T17,Ratna Lestari,6,Walk-in,Completed
RS0036,2026-09-01,19:17,T23,Tari Handoko,6,Walk-in,Completed
RS0037,2026-09-01,19:28,T29,Tono Budiman,10,Walk-in,Completed
RS0038,2026-09-01,19:30,T06,Dian Lim,3,Booking,Cancelled
RS0039,2026-09-01,19:57,T13,Bayu Siregar,4,Walk-in,Completed
RS0040,2026-09-01,20:30,T24,Arif Saputra,5,Walk-in,Completed
RS0041,2026-09-01,20:30,T28,Candra Budiman,7,Walk-in,Completed
RS0042,2026-09-02,11:12,T01,Siska Siregar,2,Walk-in,Completed
RS0043,2026-09-02,11:20,T26,Hendri Wibowo,6,Walk-in,Completed
RS0044,2026-09-02,11:30,T21,Hadi Simanjuntak,4,Walk-in,Completed
RS0045,2026-09-02,12:00,T18,Hadi Hartono,5,Booking,Completed
RS0046,2026-09-02,12:00,T25,Joko Permana,5,Walk-in,Completed
RS0047,2026-09-02,12:04,T05,Eko Simanjuntak,2,Walk-in,Completed
RS0048,2026-09-02,12:30,T24,Putri Rahardjo,5,Booking,Completed
RS0049,2026-09-02,12:32,T23,Stefani Siregar,5,Walk-in,Completed
RS0050,2026-09-02,12:40,T03,Vina Handoko,1,Walk-in,Completed
RS0051,2026-09-02,12:48,T26,Lestari Kurniawan,5,Walk-in,Completed
RS0052,2026-09-02,13:00,T02,Rina Wijaya,2,Booking,Completed
RS0053,2026-09-02,13:02,T29,Laras Pratama,10,Walk-in,Completed
RS0054,2026-09-02,13:10,T17,Hendra Kusuma,6,Walk-in,Completed
RS0055,2026-09-02,13:58,T01,Mega Kurniawan,2,Walk-in,Completed
RS0056,2026-09-02,14:24,T30,Fitri Permana,10,Walk-in,Completed
RS0057,2026-09-02,14:52,T04,Linda Wijaya,2,Walk-in,Completed
RS0058,2026-09-02,15:30,T08,Mega Permana,4,Booking,Completed
RS0059,2026-09-02,15:57,T03,Michael Kurniawan,2,Walk-in,Completed
RS0060,2026-09-02,16:01,T12,Fajar Lestari,4,Walk-in,Completed
RS0061,2026-09-02,16:04,T01,Faisal Saputra,2,Walk-in,Completed
RS0062,2026-09-02,16:08,T21,Mega Purnomo,3,Walk-in,Completed
RS0063,2026-09-02,16:23,T11,Ika Wardana,4,Walk-in,Completed
RS0064,2026-09-02,16:33,T10,Citra Lim,3,Walk-in,Completed
RS0065,2026-09-02,17:00,T28,Fajar Lim,8,Booking,Completed
RS0066,2026-09-02,17:06,T02,Intan Tan,2,Walk-in,Completed
RS0067,2026-09-02,17:11,T08,Candra Santika,4,Walk-in,Completed
RS0068,2026-09-02,17:30,T04,Doni Wardana,2,Booking,Completed
RS0069,2026-09-02,17:30,T24,Joko Widjaja,5,Booking,Completed
RS0070,2026-09-02,17:30,T28,Hadi Maharani,7,Booking,Cancelled
RS0071,2026-09-02,17:51,T06,Siska Wibowo,3,Walk-in,Completed
RS0072,2026-09-02,17:53,T12,Teguh Maharani,3,Walk-in,Completed
RS0073,2026-09-02,18:00,T22,Jessica Putra,3,Booking,Completed
RS0074,2026-09-02,18:12,T16,Rudi Firmansyah,4,Walk-in,Completed
RS0075,2026-09-02,18:20,T23,Melati Wardana,6,Walk-in,Completed
RS0076,2026-09-02,18:24,T15,Putri Wardana,4,Walk-in,Completed
RS0077,2026-09-02,18:26,T20,Candra Susanto,4,Walk-in,Completed
RS0078,2026-09-02,18:30,T29,Michael Kusuma,10,Booking,Completed
RS0079,2026-09-02,18:35,T01,Maya Setiawan,2,Walk-in,Completed
RS0080,2026-09-02,18:39,T18,Dewi Salim,6,Walk-in,Completed
RS0081,2026-09-02,18:49,T17,Candra Widjaja,5,Walk-in,Completed
RS0082,2026-09-02,18:50,T27,Yuni Ramadhan,8,Walk-in,Completed
RS0083,2026-09-02,19:00,T13,Anisa Hartono,4,Booking,Cancelled
RS0084,2026-09-02,19:00,T28,Jessica Gunawan,7,Booking,Completed
RS0085,2026-09-02,19:36,T08,Joko Wardana,4,Walk-in,Completed
RS0086,2026-09-02,19:43,T26,Mega Utomo,5,Walk-in,Completed
RS0087,2026-09-02,19:48,T02,Vina Salim,2,Walk-in,Completed
RS0088,2026-09-02,20:17,T03,Albert Saputra,1,Walk-in,Completed
RS0089,2026-09-03,11:27,T23,Dimas Santoso,5,Walk-in,Completed
RS0090,2026-09-03,12:14,T24,Hendri Kurniawan,6,Walk-in,Completed
RS0091,2026-09-03,12:30,T20,Melati Wardana,3,Booking,Completed
RS0092,2026-09-03,12:32,T04,Joko Rahardjo,2,Walk-in,Completed
RS0093,2026-09-03,12:38,T30,Hendri Kurniawan,10,Walk-in,Completed
RS0094,2026-09-03,12:55,T17,Kevin Lestari,5,Walk-in,Completed
RS0095,2026-09-03,13:00,T06,Rahma Tan,4,Booking,Completed
RS0096,2026-09-03,13:00,T22,Rahma Nugroho,4,Walk-in,Completed
RS0097,2026-09-03,13:25,T12,Bagas Putra,3,Walk-in,Completed
RS0098,2026-09-03,13:26,T05,Melati Wibowo,2,Walk-in,Completed
RS0099,2026-09-03,13:30,T01,Wahyu Simanjuntak,1,Booking,Completed
RS0100,2026-09-03,13:50,T03,Olivia Wardana,2,Walk-in,Completed
RS0101,2026-09-03,14:00,T29,Wulan Saputra,10,Booking,Completed
RS0102,2026-09-03,14:11,T30,Maya Nugroho,10,Walk-in,Completed
RS0103,2026-09-03,14:30,T16,Vina Wijaya,4,Booking,Completed
RS0104,2026-09-03,15:41,T15,Eko Wardana,4,Walk-in,Completed
RS0105,2026-09-03,16:37,T16,Ratna Kurniawan,3,Walk-in,Completed
RS0106,2026-09-03,16:48,T12,Melati Handoko,3,Walk-in,Completed
RS0107,2026-09-03,17:02,T06,Grace Ramadhan,4,Walk-in,Completed
RS0108,2026-09-03,17:30,T05,Hendra Saputra,2,Booking,Completed
RS0109,2026-09-03,17:37,T10,Linda Hidayat,4,Walk-in,Completed
RS0110,2026-09-03,17:42,T28,Galih Putra,8,Walk-in,Completed
RS0111,2026-09-03,17:43,T02,Michael Ramadhan,2,Walk-in,Completed
RS0112,2026-09-03,17:44,T27,Agus Tan,8,Walk-in,Completed
RS0113,2026-09-03,17:45,T22,Tania Kurniawan,4,Walk-in,Completed
RS0114,2026-09-03,17:52,T11,Linda Santoso,4,Walk-in,Completed
RS0115,2026-09-03,18:00,T25,Stefani Wijaya,6,Booking,Completed
RS0116,2026-09-03,18:05,T26,Candra Wibowo,5,Walk-in,Completed
RS0117,2026-09-03,18:08,T23,Michael Lestari,5,Walk-in,Completed
RS0118,2026-09-03,18:14,T17,Siska Widjaja,6,Walk-in,Completed
RS0119,2026-09-03,18:23,T06,Linda Kusuma,3,Walk-in,Completed
RS0120,2026-09-03,18:23,T29,Imam Suryadi,8,Walk-in,Completed
RS0121,2026-09-03,18:30,T01,Rizky Handoko,2,Booking,Completed
RS0122,2026-09-03,18:30,T19,Hendri Handoko,4,Booking,Completed
RS0123,2026-09-03,18:50,T03,Hadi Nugroho,2,Walk-in,Completed
RS0124,2026-09-03,18:51,T24,Nia Maharani,6,Walk-in,Completed
RS0125,2026-09-03,18:58,T20,Agus Suryadi,4,Walk-in,Completed
RS0126,2026-09-03,19:06,T08,Candra Santika,3,Walk-in,Completed
RS0127,2026-09-03,19:14,T14,Mega Wijaya,3,Walk-in,Completed
RS0128,2026-09-03,19:21,T28,Melati Widjaja,7,Walk-in,Completed
RS0129,2026-09-03,19:30,T04,Samuel Santoso,1,Booking,Completed
RS0130,2026-09-03,20:09,T07,Doni Suryadi,3,Walk-in,Completed
RS0131,2026-09-03,20:29,T05,Dian Gunawan,2,Walk-in,Completed
RS0132,2026-09-03,20:30,T15,Tono Simanjuntak,4,Booking,Completed
RS0133,2026-09-03,20:30,T16,Sinta Susanto,3,Walk-in,Completed
RS0134,2026-09-04,11:27,T07,Hendra Hidayat,4,Walk-in,Completed
RS0135,2026-09-04,11:30,T19,Rahma Saputra,4,Booking,Completed
RS0136,2026-09-04,11:43,T18,Budi Hidayat,6,Walk-in,Completed
RS0137,2026-09-04,11:46,T13,Samuel Ramadhan,3,Walk-in,Completed
RS0138,2026-09-04,11:47,T17,Putri Budiman,5,Walk-in,Completed
RS0139,2026-09-04,12:30,T04,Joko Gunawan,2,Booking,Completed
RS0140,2026-09-04,12:30,T16,Surya Suryadi,3,Booking,Completed
RS0141,2026-09-04,12:30,T28,Tari Susanto,8,Booking,Completed
RS0142,2026-09-04,12:33,T12,Yoga Handoko,3,Walk-in,Completed
RS0143,2026-09-04,12:34,T09,Andi Kusuma,3,Walk-in,Completed
RS0144,2026-09-04,12:54,T22,Laras Wardana,4,Walk-in,Completed
RS0145,2026-09-04,13:00,T01,Ayu Ramadhan,1,Walk-in,Completed
RS0146,2026-09-04,13:00,T03,Kevin Lestari,2,Booking,Completed
RS0147,2026-09-04,13:00,T21,Grace Santika,4,Walk-in,Completed
RS0148,2026-09-04,13:30,T25,Faisal Susanto,5,Booking,Completed
RS0149,2026-09-04,13:30,T27,Andi Lim,8,Booking,Completed
RS0150,2026-09-04,13:32,T05,Ayu Kusuma,2,Walk-in,Completed
RS0151,2026-09-04,13:50,T02,Stefani Gunawan,2,Walk-in,Completed
RS0152,2026-09-04,13:53,T17,Joko Nugroho,6,Walk-in,Completed
RS0153,2026-09-04,14:00,T26,Faisal Widjaja,6,Booking,Completed
RS0154,2026-09-04,14:11,T20,Eko Simanjuntak,4,Walk-in,Completed
RS0155,2026-09-04,14:30,T06,Dewi Kurniawan,4,Booking,Completed
RS0156,2026-09-04,16:03,T06,Hendri Wardana,3,Walk-in,Completed
RS0157,2026-09-04,16:20,T14,Arif Nugroho,3,Walk-in,Completed
RS0158,2026-09-04,16:30,T09,Intan Simanjuntak,4,Booking,Completed
RS0159,2026-09-04,17:00,T03,Putri Salim,1,Booking,Completed
RS0160,2026-09-04,17:00,T17,Agus Nugroho,6,Booking,Completed
RS0161,2026-09-04,17:00,T19,Laras Firmansyah,3,Booking,Completed
RS0162,2026-09-04,17:00,T22,Ratna Simanjuntak,4,Booking,Completed
RS0163,2026-09-04,17:00,T23,Linda Hidayat,6,Booking,Completed
RS0164,2026-09-04,17:00,T28,Eko Firmansyah,8,Booking,Completed
RS0165,2026-09-04,17:11,T05,Yoga Kusuma,2,Walk-in,Completed
RS0166,2026-09-04,17:25,T24,Faisal Santoso,5,Walk-in,Completed
RS0167,2026-09-04,17:30,T02,Vina Kurniawan,2,Booking,Completed
RS0168,2026-09-04,17:30,T11,Mega Suryadi,3,Booking,Completed
RS0169,2026-09-04,17:30,T18,Olivia Handoko,5,Walk-in,Completed
RS0170,2026-09-04,17:30,T21,Agus Maharani,3,Booking,Cancelled
RS0171,2026-09-04,17:35,T25,Vina Lim,6,Walk-in,Completed
RS0172,2026-09-04,17:37,T26,Siska Hidayat,6,Walk-in,Completed
RS0173,2026-09-04,17:48,T15,Agus Kurniawan,4,Walk-in,Completed
RS0174,2026-09-04,17:49,T10,Daniel Siregar,4,Walk-in,Completed
RS0175,2026-09-04,18:00,T04,Jessica Siregar,2,Booking,Completed
RS0176,2026-09-04,18:00,T14,Yoga Putra,3,Booking,Completed
RS0177,2026-09-04,18:00,T16,Linda Halim,3,Booking,Completed
RS0178,2026-09-04,18:02,T20,Tari Firmansyah,4,Walk-in,Completed
RS0179,2026-09-04,18:03,T01,Rahma Susanto,2,Walk-in,Completed
RS0180,2026-09-04,18:22,T27,Wulan Siregar,8,Walk-in,Completed
RS0181,2026-09-04,18:30,T08,Citra Hidayat,4,Booking,Completed
RS0182,2026-09-04,18:30,T13,Reza Pratama,4,Booking,Completed
RS0183,2026-09-04,18:30,T17,Ika Gunawan,5,Booking,Completed
RS0184,2026-09-04,18:30,T18,Michael Santika,5,Booking,Cancelled
RS0185,2026-09-04,18:34,T07,Clarissa Hidayat,4,Walk-in,Completed
RS0186,2026-09-04,18:45,T24,Fitri Putra,5,Walk-in,Completed
RS0187,2026-09-04,18:53,T05,Maya Widjaja,2,Walk-in,Completed
RS0188,2026-09-04,19:00,T07,Sinta Wibowo,2,Booking,Cancelled
RS0189,2026-09-04,19:00,T12,Mega Purnomo,3,Booking,Completed
RS0190,2026-09-04,19:00,T21,Doni Siregar,3,Booking,Completed
RS0191,2026-09-04,19:30,T25,Novi Santoso,5,Booking,Completed
RS0192,2026-09-04,20:17,T03,Rudi Hidayat,2,Walk-in,Completed
RS0193,2026-09-05,11:04,T06,Citra Halim,4,Walk-in,Completed
RS0194,2026-09-05,11:16,T22,Wahyu Saputra,4,Walk-in,Completed
RS0195,2026-09-05,11:30,T13,Intan Rahardjo,3,Booking,Completed
RS0196,2026-09-05,11:30,T16,Lestari Hartono,3,Booking,Cancelled
RS0197,2026-09-05,11:34,T20,Jessica Purnomo,4,Walk-in,Completed
RS0198,2026-09-05,11:56,T16,Dewi Pratama,4,Walk-in,Completed
RS0199,2026-09-05,11:57,T12,Albert Lestari,2,Walk-in,Completed
RS0200,2026-09-05,12:00,T02,Galih Widjaja,1,Booking,Completed
RS0201,2026-09-05,12:00,T04,Samuel Suryadi,2,Booking,Completed
RS0202,2026-09-05,12:00,T14,Vina Nugroho,4,Booking,Completed
RS0203,2026-09-05,12:17,T18,Rudi Ramadhan,6,Walk-in,Completed
RS0204,2026-09-05,12:30,T01,Daniel Chandra,2,Booking,Completed
RS0205,2026-09-05,12:30,T05,Novi Rahardjo,2,Booking,Completed
RS0206,2026-09-05,12:30,T10,Andi Maharani,3,Booking,Completed
RS0207,2026-09-05,12:30,T15,Samuel Susanto,4,Booking,Completed
RS0208,2026-09-05,12:30,T28,Andi Utomo,8,Booking,Completed
RS0209,2026-09-05,12:37,T08,Ika Ramadhan,4,Walk-in,Completed
RS0210,2026-09-05,12:47,T11,Budi Gunawan,3,Walk-in,Completed
RS0211,2026-09-05,12:59,T24,Arif Nugroho,5,Walk-in,Completed
RS0212,2026-09-05,13:00,T07,Budi Rahardjo,3,Booking,Completed
RS0213,2026-09-05,13:00,T27,Rizky Putra,8,Booking,Completed
RS0214,2026-09-05,13:00,T29,Novi Nugroho,10,Booking,No-show
RS0215,2026-09-05,13:24,T06,Bagas Gunawan,2,Walk-in,Completed
RS0216,2026-09-05,13:30,T03,Hendri Santika,2,Booking,Completed
RS0217,2026-09-05,13:30,T29,Daniel Lestari,10,Booking,Completed
RS0218,2026-09-05,13:56,T09,Lestari Rahardjo,4,Walk-in,Completed
RS0219,2026-09-05,14:04,T02,Tono Tan,2,Walk-in,Completed
RS0220,2026-09-05,14:31,T05,Dimas Susanto,2,Walk-in,Completed
RS0221,2026-09-05,14:53,T21,Wahyu Permana,4,Walk-in,Completed
RS0222,2026-09-05,15:00,T01,Hadi Suryadi,2,Booking,Completed
RS0223,2026-09-05,15:00,T06,Rahma Nugroho,3,Booking,Cancelled
RS0224,2026-09-05,15:29,T26,Hendri Wijaya,5,Walk-in,Completed
RS0225,2026-09-05,16:00,T28,Linda Purnomo,7,Booking,Completed
RS0226,2026-09-05,16:30,T07,Linda Pratama,3,Booking,Completed
RS0227,2026-09-05,17:00,T01,Novi Putra,2,Booking,Completed
RS0228,2026-09-05,17:00,T03,Reza Rahardjo,2,Booking,No-show
RS0229,2026-09-05,17:00,T04,Laras Santoso,2,Booking,Completed
RS0230,2026-09-05,17:00,T14,Linda Halim,4,Booking,Completed
RS0231,2026-09-05,17:00,T15,Maya Santika,4,Booking,No-show
RS0232,2026-09-05,17:00,T27,Mega Tan,8,Booking,Completed
RS0233,2026-09-05,17:23,T25,Tania Santika,6,Walk-in,Completed
RS0234,2026-09-05,17:30,T11,Dimas Tan,4,Booking,Completed
RS0235,2026-09-05,17:30,T20,Daniel Suryadi,4,Booking,Completed
RS0236,2026-09-05,17:45,T10,Melati Firmansyah,3,Walk-in,Completed
RS0237,2026-09-05,17:51,T09,Hendra Hidayat,2,Walk-in,Completed
RS0238,2026-09-05,17:54,T13,Michael Kurniawan,4,Walk-in,Completed
RS0239,2026-09-05,18:00,T02,Mega Widjaja,2,Booking,Completed
RS0240,2026-09-05,18:00,T03,Putri Putra,2,Booking,Completed
RS0241,2026-09-05,18:00,T06,Hendra Widjaja,3,Booking,Completed
RS0242,2026-09-05,18:00,T15,Bayu Utomo,3,Booking,Completed
RS0243,2026-09-05,18:00,T17,Sinta Handoko,4,Booking,Cancelled
RS0244,2026-09-05,18:00,T21,Kevin Susanto,3,Booking,Completed
RS0245,2026-09-05,18:00,T24,Rahma Lestari,4,Booking,Cancelled
RS0246,2026-09-05,18:00,T26,Melati Siregar,4,Walk-in,Completed
RS0247,2026-09-05,18:00,T29,Michael Tan,8,Booking,Completed
RS0248,2026-09-05,18:30,T05,Doni Pratama,2,Booking,Completed
RS0249,2026-09-05,18:30,T08,Dian Chandra,2,Booking,Completed
RS0250,2026-09-05,18:30,T16,Tania Nugroho,2,Booking,Completed
RS0251,2026-09-05,18:30,T22,Hadi Santika,4,Booking,Completed
RS0252,2026-09-05,18:30,T28,Melati Wardana,7,Booking,Completed
RS0253,2026-09-05,18:35,T25,Albert Hartono,6,Walk-in,Completed
RS0254,2026-09-05,18:53,T26,Ratna Putra,5,Walk-in,Completed
RS0255,2026-09-05,19:00,T12,Eko Budiman,3,Booking,Completed
RS0256,2026-09-05,19:00,T18,Siska Firmansyah,5,Booking,Completed
RS0257,2026-09-05,19:00,T19,Samuel Santika,4,Booking,Completed
RS0258,2026-09-05,19:00,T23,Nia Permana,5,Booking,Completed
RS0259,2026-09-05,19:00,T24,Eko Simanjuntak,6,Booking,Completed
RS0260,2026-09-05,19:20,T14,Citra Budiman,3,Walk-in,Completed
RS0261,2026-09-05,19:30,T01,Siska Santoso,1,Booking,Completed
RS0262,2026-09-05,19:30,T04,Michael Rahardjo,2,Booking,Completed
RS0263,2026-09-05,19:30,T07,Wulan Permana,4,Booking,Completed
RS0264,2026-09-05,19:30,T11,Faisal Santoso,4,Booking,No-show
RS0265,2026-09-05,19:30,T17,Anisa Santoso,6,Booking,Completed
RS0266,2026-09-05,19:30,T27,Galih Susanto,7,Booking,Completed
RS0267,2026-09-05,19:46,T20,Tania Firmansyah,4,Walk-in,Completed
RS0268,2026-09-05,20:00,T11,Dian Santika,3,Booking,Completed
RS0269,2026-09-06,11:00,T08,Jessica Purnomo,4,Booking,Cancelled
RS0270,2026-09-06,11:27,T05,Olivia Wijaya,2,Walk-in,Completed
RS0271,2026-09-06,11:37,T02,Maya Ramadhan,2,Walk-in,Completed
RS0272,2026-09-06,11:41,T11,Putri Simanjuntak,4,Walk-in,Completed
RS0273,2026-09-06,11:55,T03,Putri Firmansyah,2,Walk-in,Completed
RS0274,2026-09-06,11:57,T13,Lestari Wibowo,4,Walk-in,Completed
RS0275,2026-09-06,12:00,T01,Olivia Pratama,2,Booking,Completed
RS0276,2026-09-06,12:00,T04,Hendri Rahardjo,2,Booking,Completed
RS0277,2026-09-06,12:00,T08,Dewi Wibowo,4,Booking,Completed
RS0278,2026-09-06,12:00,T21,Daniel Permana,2,Booking,Cancelled
RS0279,2026-09-06,12:00,T22,Albert Saputra,4,Booking,Completed
RS0280,2026-09-06,12:18,T19,Galih Pratama,4,Walk-in,Completed
RS0281,2026-09-06,12:24,T27,Yuni Firmansyah,7,Walk-in,Completed
RS0282,2026-09-06,12:27,T09,Siska Widjaja,3,Walk-in,Completed
RS0283,2026-09-06,12:30,T20,Putri Santoso,3,Booking,Cancelled
RS0284,2026-09-06,12:32,T21,Bayu Tan,3,Walk-in,Completed
RS0285,2026-09-06,12:46,T28,Dewi Wijaya,7,Walk-in,Completed
RS0286,2026-09-06,12:57,T26,Rina Putra,6,Walk-in,Completed
RS0287,2026-09-06,13:00,T07,Laras Tan,3,Booking,Completed
RS0288,2026-09-06,13:00,T20,Wulan Nugroho,4,Booking,Completed
RS0289,2026-09-06,13:02,T10,Fajar Tan,4,Walk-in,Completed
RS0290,2026-09-06,13:13,T29,Imam Hidayat,10,Walk-in,Completed
RS0291,2026-09-06,13:34,T13,Michael Hartono,4,Walk-in,Completed
RS0292,2026-09-06,13:39,T06,Rina Budiman,4,Walk-in,Completed
RS0293,2026-09-06,14:00,T04,Faisal Chandra,2,Booking,Completed
RS0294,2026-09-06,14:00,T24,Wulan Setiawan,6,Booking,Completed
RS0295,2026-09-06,14:30,T01,Rizky Tan,2,Booking,Completed
RS0296,2026-09-06,14:30,T23,Mega Widjaja,5,Booking,Completed
RS0297,2026-09-06,14:41,T17,Sinta Budiman,6,Walk-in,Completed
RS0298,2026-09-06,15:30,T27,Rizky Siregar,8,Booking,Completed
RS0299,2026-09-06,15:58,T02,Olivia Rahardjo,2,Walk-in,Completed
RS0300,2026-09-06,16:08,T25,Daniel Purnomo,5,Walk-in,Completed
RS0301,2026-09-06,16:30,T13,Eko Halim,3,Booking,Completed
RS0302,2026-09-06,16:30,T16,Maya Maharani,4,Walk-in,Completed
RS0303,2026-09-06,16:33,T10,Agus Putra,4,Walk-in,Completed
RS0304,2026-09-06,16:39,T18,Michael Chandra,6,Walk-in,Completed
RS0305,2026-09-06,16:41,T09,Rahma Setiawan,4,Walk-in,Completed
RS0306,2026-09-06,17:15,T08,Maya Lim,3,Walk-in,Completed
RS0307,2026-09-06,17:30,T06,Budi Rahardjo,4,Booking,Cancelled
RS0308,2026-09-06,17:30,T06,Michael Nugroho,4,Booking,Completed
RS0309,2026-09-06,17:30,T07,Maya Purnomo,3,Booking,Completed
RS0310,2026-09-06,17:30,T14,Wulan Lestari,3,Booking,Cancelled
RS0311,2026-09-06,17:30,T29,Mega Kusuma,9,Booking,Completed
RS0312,2026-09-06,17:33,T22,Andi Utomo,4,Walk-in,Completed
RS0313,2026-09-06,17:37,T03,Joko Siregar,2,Walk-in,Completed
RS0314,2026-09-06,18:00,T15,Wahyu Handoko,4,Booking,Cancelled
RS0315,2026-09-06,18:00,T22,Wulan Siregar,4,Booking,Cancelled
RS0316,2026-09-06,18:00,T24,Eko Kusuma,6,Booking,Completed
RS0317,2026-09-06,18:18,T02,Fitri Santoso,2,Walk-in,Completed
RS0318,2026-09-06,18:30,T05,Rizky Ramadhan,2,Booking,Completed
RS0319,2026-09-06,18:30,T18,Reza Salim,5,Booking,Completed
RS0320,2026-09-06,18:30,T20,Laras Wibowo,3,Booking,Completed
RS0321,2026-09-06,18:30,T24,Rina Setiawan,6,Booking,Cancelled
RS0322,2026-09-06,18:30,T25,Doni Pratama,5,Booking,Completed
RS0323,2026-09-06,18:31,T01,Andi Kurniawan,2,Walk-in,Completed
RS0324,2026-09-06,18:37,T26,Doni Hidayat,6,Walk-in,Completed
RS0325,2026-09-06,19:00,T04,Reza Purnomo,2,Booking,Completed
RS0326,2026-09-06,19:00,T07,Yuni Gunawan,3,Booking,Completed
RS0327,2026-09-06,19:00,T23,Dewi Maharani,6,Booking,Cancelled
RS0328,2026-09-06,19:10,T23,Dian Purnomo,5,Walk-in,Completed
RS0329,2026-09-06,19:23,T17,Samuel Ramadhan,5,Walk-in,Completed
RS0330,2026-09-06,19:27,T11,Hadi Wijaya,4,Walk-in,Completed
RS0331,2026-09-06,19:32,T14,Budi Kurniawan,4,Walk-in,Completed
RS0332,2026-09-06,20:00,T15,Dimas Budiman,3,Booking,Completed
RS0333,2026-09-06,20:00,T22,Anisa Suryadi,3,Booking,Completed
RS0334,2026-09-06,20:30,T14,Sinta Kusuma,4,Booking,Cancelled
RS0335,2026-09-06,20:30,T24,Wulan Putra,5,Booking,Completed
RS0336,2026-09-07,11:00,T15,Yoga Gunawan,4,Booking,Completed
RS0337,2026-09-07,11:02,T06,Rudi Santoso,3,Walk-in,Completed
RS0338,2026-09-07,11:35,T29,Sinta Widjaja,10,Walk-in,Completed
RS0339,2026-09-07,11:48,T08,Eko Widjaja,4,Walk-in,Completed
RS0340,2026-09-07,12:06,T11,Agus Utomo,3,Walk-in,Completed
RS0341,2026-09-07,12:32,T26,Melati Pratama,6,Walk-in,Completed
RS0342,2026-09-07,12:58,T05,Surya Salim,2,Walk-in,Completed
RS0343,2026-09-07,13:03,T03,Fajar Wibowo,2,Walk-in,Completed
RS0344,2026-09-07,13:03,T12,Agus Lestari,3,Walk-in,Completed
RS0345,2026-09-07,13:09,T01,Eko Ramadhan,2,Walk-in,Completed
RS0346,2026-09-07,13:10,T14,Jessica Siregar,4,Walk-in,Completed
RS0347,2026-09-07,13:21,T16,Linda Pratama,4,Walk-in,Completed
RS0348,2026-09-07,13:30,T02,Candra Santika,2,Booking,Completed
RS0349,2026-09-07,13:49,T15,Fitri Hartono,2,Walk-in,Completed
RS0350,2026-09-07,14:00,T04,Surya Siregar,1,Booking,Completed
RS0351,2026-09-07,15:30,T03,Arif Setiawan,2,Booking,Completed
RS0352,2026-09-07,15:31,T01,Maya Susanto,1,Walk-in,Completed
RS0353,2026-09-07,17:03,T01,Sinta Rahardjo,1,Walk-in,Completed
RS0354,2026-09-07,17:15,T19,Ayu Tan,3,Walk-in,Completed
RS0355,2026-09-07,17:30,T01,Candra Purnomo,2,Booking,Cancelled
RS0356,2026-09-07,18:00,T02,Rahma Susanto,2,Booking,Completed
RS0357,2026-09-07,18:00,T03,Arif Susanto,2,Booking,Completed
RS0358,2026-09-07,18:17,T14,Linda Wibowo,4,Walk-in,Completed
RS0359,2026-09-07,18:23,T05,Teguh Hartono,2,Walk-in,Completed
RS0360,2026-09-07,18:31,T25,Fitri Santoso,5,Walk-in,Completed
RS0361,2026-09-07,18:37,T07,Dimas Rahardjo,4,Walk-in,Completed
RS0362,2026-09-07,18:55,T04,Joko Hidayat,2,Walk-in,Completed
RS0363,2026-09-07,19:05,T17,Novi Kusuma,5,Walk-in,Completed
RS0364,2026-09-07,19:11,T19,Olivia Setiawan,3,Walk-in,Completed
RS0365,2026-09-07,19:15,T11,Jessica Permana,3,Walk-in,Completed
RS0366,2026-09-07,19:20,T13,Melati Chandra,3,Walk-in,Completed
RS0367,2026-09-07,19:22,T26,Citra Gunawan,6,Walk-in,Completed
RS0368,2026-09-07,19:32,T15,Maya Maharani,3,Walk-in,Completed
RS0369,2026-09-07,19:47,T23,Rizky Saputra,6,Walk-in,Completed
RS0370,2026-09-07,20:13,T24,Surya Simanjuntak,6,Walk-in,Completed
RS0371,2026-09-08,11:00,T17,Budi Setiawan,5,Booking,Completed
RS0372,2026-09-08,11:13,T25,Rudi Halim,5,Walk-in,Completed
RS0373,2026-09-08,11:21,T10,Eko Tan,3,Walk-in,Completed
RS0374,2026-09-08,12:03,T01,Melati Saputra,2,Walk-in,Completed
RS0375,2026-09-08,12:03,T03,Rizky Wijaya,2,Walk-in,Completed
RS0376,2026-09-08,12:23,T16,Hadi Tan,4,Walk-in,Completed
RS0377,2026-09-08,12:30,T07,Joko Salim,3,Booking,Completed
RS0378,2026-09-08,12:30,T08,Kevin Budiman,3,Booking,Completed
RS0379,2026-09-08,12:38,T09,Stefani Halim,3,Walk-in,Completed
RS0380,2026-09-08,12:59,T04,Intan Wijaya,2,Walk-in,Completed
RS0381,2026-09-08,13:01,T10,Eko Halim,3,Walk-in,Completed
RS0382,2026-09-08,13:43,T12,Novi Firmansyah,3,Walk-in,Completed
RS0383,2026-09-08,15:28,T27,Ayu Lestari,7,Walk-in,Completed
RS0384,2026-09-08,15:30,T03,Nia Gunawan,2,Booking,Completed
RS0385,2026-09-08,15:33,T28,Fitri Purnomo,7,Walk-in,Completed
RS0386,2026-09-08,16:00,T05,Agus Widjaja,2,Booking,No-show
RS0387,2026-09-08,16:32,T14,Anisa Chandra,3,Walk-in,Completed
RS0388,2026-09-08,16:37,T07,Yuni Wijaya,4,Walk-in,Completed
RS0389,2026-09-08,16:49,T04,Olivia Gunawan,2,Walk-in,Completed
RS0390,2026-09-08,17:00,T02,Bayu Firmansyah,2,Booking,Completed
RS0391,2026-09-08,17:15,T27,Jessica Firmansyah,7,Walk-in,Completed
RS0392,2026-09-08,17:19,T05,Hadi Ramadhan,1,Walk-in,Completed
RS0393,2026-09-08,17:29,T20,Tari Susanto,4,Walk-in,Completed
RS0394,2026-09-08,17:34,T16,Intan Pratama,4,Walk-in,Completed
RS0395,2026-09-08,17:39,T23,Putri Lestari,6,Walk-in,Completed
RS0396,2026-09-08,18:00,T08,Wulan Susanto,3,Booking,Completed
RS0397,2026-09-08,18:06,T26,Ayu Ramadhan,6,Walk-in,Completed
RS0398,2026-09-08,18:20,T07,Hadi Saputra,4,Walk-in,Completed
RS0399,2026-09-08,18:21,T30,Fajar Handoko,12,Walk-in,Completed
RS0400,2026-09-08,18:30,T01,Mega Simanjuntak,2,Booking,Completed
RS0401,2026-09-08,18:30,T21,Melati Lim,4,Booking,Completed
RS0402,2026-09-08,18:30,T24,Yuni Ramadhan,6,Booking,Completed
RS0403,2026-09-08,18:32,T17,Stefani Purnomo,5,Walk-in,Completed
RS0404,2026-09-08,18:36,T03,Lestari Budiman,2,Walk-in,Completed
RS0405,2026-09-08,18:51,T28,Teguh Handoko,7,Walk-in,Completed
RS0406,2026-09-09,11:00,T20,Rahma Santika,4,Booking,Completed
RS0407,2026-09-09,11:21,T21,Tono Purnomo,4,Walk-in,Completed
RS0408,2026-09-09,11:30,T05,Putri Nugroho,2,Booking,Completed
RS0409,2026-09-09,11:35,T04,Dimas Siregar,1,Walk-in,Completed
RS0410,2026-09-09,12:07,T07,Rina Santoso,3,Walk-in,Completed
RS0411,2026-09-09,12:10,T03,Ratna Wardana,2,Walk-in,Completed
RS0412,2026-09-09,12:18,T19,Bayu Chandra,4,Walk-in,Completed
RS0413,2026-09-09,12:53,T22,Dimas Rahardjo,4,Walk-in,Completed
RS0414,2026-09-09,13:08,T01,Sinta Santika,2,Walk-in,Completed
RS0415,2026-09-09,13:24,T02,Candra Permana,2,Walk-in,Completed
RS0416,2026-09-09,13:37,T10,Siska Saputra,4,Walk-in,Completed
RS0417,2026-09-09,13:41,T05,Olivia Susanto,2,Walk-in,Completed
RS0418,2026-09-09,13:52,T04,Linda Pratama,2,Walk-in,Completed
RS0419,2026-09-09,14:13,T07,Arif Lim,4,Walk-in,Completed
RS0420,2026-09-09,15:30,T09,Galih Gunawan,3,Booking,Completed
RS0421,2026-09-09,16:21,T01,Agus Handoko,2,Walk-in,Completed
RS0422,2026-09-09,16:43,T13,Joko Pratama,4,Walk-in,Completed
RS0423,2026-09-09,16:48,T22,Rina Simanjuntak,4,Walk-in,Completed
RS0424,2026-09-09,17:02,T04,Linda Wardana,1,Walk-in,Completed
RS0425,2026-09-09,17:05,T06,Hendri Utomo,4,Walk-in,Completed
RS0426,2026-09-09,17:12,T15,Reza Gunawan,3,Walk-in,Completed
RS0427,2026-09-09,17:19,T10,Michael Utomo,3,Walk-in,Completed
RS0428,2026-09-09,17:25,T26,Rahma Suryadi,5,Walk-in,Completed
RS0429,2026-09-09,17:45,T23,Olivia Permana,6,Walk-in,Completed
RS0430,2026-09-09,17:54,T24,Bayu Ramadhan,5,Walk-in,Completed
RS0431,2026-09-09,18:00,T03,Bayu Santika,2,Booking,Completed
RS0432,2026-09-09,18:03,T08,Bagas Tan,4,Walk-in,Completed
RS0433,2026-09-09,18:30,T14,Siska Pratama,4,Booking,No-show
RS0434,2026-09-09,18:40,T11,Ratna Wibowo,4,Walk-in,Completed
RS0435,2026-09-09,18:50,T09,Hendra Permana,3,Walk-in,Completed
RS0436,2026-09-09,19:00,T17,Linda Wardana,5,Walk-in,Completed
RS0437,2026-09-09,19:00,T21,Novi Suryadi,4,Booking,Completed
RS0438,2026-09-09,19:00,T25,Bayu Handoko,6,Booking,Completed
RS0439,2026-09-09,19:03,T28,Maya Setiawan,8,Walk-in,Completed
RS0440,2026-09-09,19:07,T29,Faisal Santoso,9,Walk-in,Completed
RS0441,2026-09-09,19:09,T16,Fajar Hartono,3,Walk-in,Completed
RS0442,2026-09-09,19:12,T12,Fajar Utomo,4,Walk-in,Completed
RS0443,2026-09-09,19:19,T02,Candra Putra,2,Walk-in,Completed
RS0444,2026-09-09,19:21,T07,Tono Setiawan,4,Walk-in,Completed
RS0445,2026-09-09,19:31,T05,Daniel Santoso,2,Walk-in,Completed
RS0446,2026-09-09,19:39,T22,Tari Kurniawan,3,Walk-in,Completed
RS0447,2026-09-09,19:49,T01,Budi Nugroho,2,Walk-in,Completed
RS0448,2026-09-09,19:51,T26,Melati Nugroho,5,Walk-in,Completed
RS0449,2026-09-09,20:30,T18,Budi Kusuma,6,Walk-in,Completed
RS0450,2026-09-10,11:22,T28,Sinta Wijaya,7,Walk-in,Completed
RS0451,2026-09-10,11:32,T13,Teguh Wardana,4,Walk-in,Completed
RS0452,2026-09-10,11:37,T19,Intan Hidayat,3,Walk-in,Completed
RS0453,2026-09-10,11:54,T04,Rahma Lim,2,Walk-in,Completed
RS0454,2026-09-10,12:02,T21,Candra Simanjuntak,4,Walk-in,Completed
RS0455,2026-09-10,12:08,T20,Dimas Hidayat,3,Walk-in,Completed
RS0456,2026-09-10,12:08,T22,Hadi Susanto,4,Walk-in,Completed
RS0457,2026-09-10,12:32,T03,Galih Santoso,2,Walk-in,Completed
RS0458,2026-09-10,12:36,T09,Budi Wardana,3,Walk-in,Completed
RS0459,2026-09-10,12:46,T18,Wahyu Saputra,5,Walk-in,Completed
RS0460,2026-09-10,12:51,T14,Hendra Rahardjo,3,Walk-in,Completed
RS0461,2026-09-10,13:01,T02,Hendra Simanjuntak,2,Walk-in,Completed
RS0462,2026-09-10,13:19,T01,Kevin Santoso,1,Walk-in,Completed
RS0463,2026-09-10,14:12,T26,Sinta Saputra,6,Walk-in,Completed
RS0464,2026-09-10,14:30,T07,Intan Setiawan,3,Booking,Completed
RS0465,2026-09-10,16:12,T02,Jessica Hidayat,2,Walk-in,Completed
RS0466,2026-09-10,16:30,T01,Putri Putra,2,Booking,No-show
RS0467,2026-09-10,16:30,T06,Dian Widjaja,4,Walk-in,Completed
RS0468,2026-09-10,16:30,T09,Candra Ramadhan,4,Booking,Completed
RS0469,2026-09-10,16:40,T14,Tania Widjaja,4,Walk-in,Completed
RS0470,2026-09-10,17:00,T19,Candra Pratama,4,Booking,Completed
RS0471,2026-09-10,17:07,T17,Intan Santoso,6,Walk-in,Completed
RS0472,2026-09-10,17:23,T28,Mega Kurniawan,8,Walk-in,Completed
RS0473,2026-09-10,17:30,T03,Joko Ramadhan,2,Booking,Completed
RS0474,2026-09-10,17:30,T04,Michael Saputra,2,Booking,Completed
RS0475,2026-09-10,17:30,T07,Tania Handoko,2,Booking,Cancelled
RS0476,2026-09-10,17:38,T13,Fitri Rahardjo,2,Walk-in,Completed
RS0477,2026-09-10,17:41,T23,Intan Hidayat,6,Walk-in,Completed
RS0478,2026-09-10,17:46,T22,Andi Kusuma,2,Walk-in,Completed
RS0479,2026-09-10,17:46,T27,Sinta Santika,7,Walk-in,Completed
RS0480,2026-09-10,17:51,T12,Bayu Permana,1,Walk-in,Completed
RS0481,2026-09-10,17:53,T29,Yoga Handoko,8,Walk-in,Completed
RS0482,2026-09-10,18:00,T21,Hendra Lestari,4,Booking,Cancelled
RS0483,2026-09-10,18:00,T25,Yuni Hidayat,5,Booking,Completed
RS0484,2026-09-10,18:05,T16,Tania Salim,4,Walk-in,Completed
RS0485,2026-09-10,18:12,T20,Agus Lestari,3,Walk-in,Completed
RS0486,2026-09-10,18:30,T05,Wahyu Saputra,2,Booking,Completed
RS0487,2026-09-10,18:41,T06,Ayu Saputra,4,Walk-in,Completed
RS0488,2026-09-10,18:46,T26,Ika Maharani,6,Walk-in,Completed
RS0489,2026-09-10,18:50,T15,Laras Rahardjo,4,Walk-in,Completed
RS0490,2026-09-10,18:59,T18,Rudi Santika,6,Walk-in,Completed
RS0491,2026-09-10,19:00,T01,Rizky Chandra,2,Booking,Completed
RS0492,2026-09-10,19:00,T06,Rizky Wijaya,1,Booking,Cancelled
RS0493,2026-09-10,19:00,T07,Dian Rahardjo,4,Booking,Completed
RS0494,2026-09-10,19:00,T24,Kevin Santoso,5,Booking,Completed
RS0495,2026-09-10,19:30,T13,Dewi Maharani,4,Booking,Completed
RS0496,2026-09-10,19:38,T04,Eko Suryadi,2,Walk-in,Completed
RS0497,2026-09-10,19:46,T28,Melati Hidayat,7,Walk-in,Completed
RS0498,2026-09-11,11:30,T17,Bayu Purnomo,6,Booking,Completed
RS0499,2026-09-11,12:28,T03,Novi Wijaya,1,Walk-in,Completed
RS0500,2026-09-11,12:30,T01,Siska Suryadi,2,Booking,Completed
RS0501,2026-09-11,12:30,T04,Intan Rahardjo,2,Booking,Completed
RS0502,2026-09-11,12:30,T12,Citra Tan,2,Booking,Cancelled
RS0503,2026-09-11,12:30,T16,Daniel Simanjuntak,4,Booking,Completed
RS0504,2026-09-11,13:00,T02,Bagas Salim,2,Booking,Completed
RS0505,2026-09-11,13:00,T25,Rizky Kusuma,5,Booking,Completed
RS0506,2026-09-11,13:09,T05,Wulan Kusuma,2,Walk-in,Completed
RS0507,2026-09-11,13:30,T18,Teguh Gunawan,5,Booking,Completed
RS0508,2026-09-11,13:40,T29,Bayu Wijaya,9,Walk-in,Completed
RS0509,2026-09-11,13:44,T17,Kevin Gunawan,6,Walk-in,Completed
RS0510,2026-09-11,14:00,T09,Faisal Ramadhan,2,Booking,Cancelled
RS0511,2026-09-11,14:30,T15,Clarissa Saputra,4,Booking,Completed
RS0512,2026-09-11,14:40,T21,Laras Santika,4,Walk-in,Completed
RS0513,2026-09-11,15:03,T24,Rizky Gunawan,6,Walk-in,Completed
RS0514,2026-09-11,17:00,T03,Surya Permana,2,Booking,Completed
RS0515,2026-09-11,17:00,T04,Ratna Salim,2,Booking,Completed
RS0516,2026-09-11,17:00,T21,Anisa Lim,3,Booking,Completed
RS0517,2026-09-11,17:00,T26,Samuel Santoso,6,Booking,Completed
RS0518,2026-09-11,17:07,T06,Rizky Simanjuntak,4,Walk-in,Completed
RS0519,2026-09-11,17:12,T14,Rizky Pratama,4,Walk-in,Completed
RS0520,2026-09-11,17:17,T13,Wahyu Firmansyah,2,Walk-in,Completed
RS0521,2026-09-11,17:17,T24,Ratna Hartono,6,Walk-in,Completed
RS0522,2026-09-11,17:30,T02,Arif Rahardjo,1,Booking,No-show
RS0523,2026-09-11,17:35,T28,Laras Suryadi,7,Walk-in,Completed
RS0524,2026-09-11,17:46,T27,Albert Gunawan,8,Walk-in,Completed
RS0525,2026-09-11,17:48,T10,Dimas Permana,4,Walk-in,Completed
RS0526,2026-09-11,17:48,T20,Rahma Firmansyah,4,Walk-in,Completed
RS0527,2026-09-11,18:00,T12,Vina Utomo,3,Booking,Completed
RS0528,2026-09-11,18:09,T11,Novi Chandra,1,Walk-in,Completed
RS0529,2026-09-11,18:11,T17,Fajar Permana,6,Walk-in,Completed
RS0530,2026-09-11,18:13,T15,Tari Widjaja,3,Walk-in,Completed
RS0531,2026-09-11,18:17,T22,Sinta Santoso,2,Walk-in,Completed
RS0532,2026-09-11,18:30,T01,Citra Saputra,2,Booking,Completed
RS0533,2026-09-11,18:30,T02,Fajar Lestari,2,Booking,Completed
RS0534,2026-09-11,18:30,T05,Doni Gunawan,1,Booking,No-show
RS0535,2026-09-11,18:30,T07,Teguh Kurniawan,4,Booking,Completed
RS0536,2026-09-11,18:30,T08,Wulan Susanto,3,Booking,Completed
RS0537,2026-09-11,18:30,T19,Tono Purnomo,3,Booking,Completed
RS0538,2026-09-11,18:40,T03,Tania Hartono,2,Walk-in,Completed
RS0539,2026-09-11,18:43,T29,Vina Halim,8,Walk-in,Completed
RS0540,2026-09-11,18:47,T25,Rahma Suryadi,5,Walk-in,Completed
RS0541,2026-09-11,18:48,T14,Tari Wijaya,2,Walk-in,Completed
RS0542,2026-09-11,18:52,T05,Citra Simanjuntak,2,Walk-in,Completed
RS0543,2026-09-11,18:59,T18,Hendra Pratama,4,Walk-in,Completed
RS0544,2026-09-11,18:59,T23,Rina Widjaja,6,Walk-in,Completed
RS0545,2026-09-11,19:00,T13,Anisa Halim,4,Booking,Completed
RS0546,2026-09-11,19:00,T16,Nia Kusuma,4,Booking,Completed
RS0547,2026-09-11,19:00,T24,Lestari Handoko,6,Booking,Completed
RS0548,2026-09-11,19:00,T26,Novi Wijaya,6,Walk-in,Completed
RS0549,2026-09-11,19:05,T06,Rina Saputra,4,Walk-in,Completed
RS0550,2026-09-11,19:13,T04,Putri Hidayat,2,Walk-in,Completed
RS0551,2026-09-11,19:30,T09,Wahyu Setiawan,3,Booking,Completed
RS0552,2026-09-11,19:30,T10,Dimas Saputra,3,Booking,Completed
RS0553,2026-09-11,19:30,T20,Sinta Saputra,3,Walk-in,Completed
RS0554,2026-09-11,19:44,T15,Yuni Halim,3,Walk-in,Completed
RS0555,2026-09-11,19:58,T08,Dian Gunawan,3,Walk-in,Completed
RS0556,2026-09-11,20:06,T21,Linda Handoko,3,Walk-in,Completed
RS0557,2026-09-11,20:30,T17,Dewi Firmansyah,6,Walk-in,Completed
RS0558,2026-09-12,11:00,T01,Agus Gunawan,2,Booking,Completed
RS0559,2026-09-12,11:15,T17,Sinta Rahardjo,5,Walk-in,Completed
RS0560,2026-09-12,11:30,T06,Tania Ramadhan,4,Booking,Completed
RS0561,2026-09-12,11:30,T20,Faisal Maharani,4,Walk-in,Completed
RS0562,2026-09-12,11:30,T25,Budi Putra,5,Booking,Completed
RS0563,2026-09-12,11:30,T28,Candra Handoko,7,Booking,Completed
RS0564,2026-09-12,11:50,T03,Bagas Suryadi,2,Walk-in,Completed
RS0565,2026-09-12,11:50,T05,Nia Rahardjo,2,Walk-in,Completed
RS0566,2026-09-12,11:58,T02,Joko Siregar,1,Walk-in,Completed
RS0567,2026-09-12,12:00,T08,Yuni Pratama,4,Walk-in,Completed
RS0568,2026-09-12,12:00,T14,Olivia Chandra,4,Booking,Completed
RS0569,2026-09-12,12:00,T21,Surya Halim,4,Booking,Completed
RS0570,2026-09-12,12:15,T16,Albert Setiawan,4,Walk-in,Completed
RS0571,2026-09-12,12:23,T09,Olivia Salim,2,Walk-in,Completed
RS0572,2026-09-12,12:28,T15,Novi Permana,2,Walk-in,Completed
RS0573,2026-09-12,12:30,T11,Grace Chandra,3,Booking,Completed
RS0574,2026-09-12,12:30,T12,Intan Wijaya,3,Booking,Completed
RS0575,2026-09-12,12:30,T29,Wulan Saputra,10,Booking,Completed
RS0576,2026-09-12,12:35,T22,Rudi Hidayat,3,Walk-in,Completed
RS0577,2026-09-12,12:46,T01,Budi Maharani,2,Walk-in,Completed
RS0578,2026-09-12,12:49,T27,Arif Nugroho,8,Walk-in,Completed
RS0579,2026-09-12,13:00,T04,Samuel Chandra,2,Booking,Completed
RS0580,2026-09-12,13:00,T07,Arif Setiawan,3,Booking,Completed
RS0581,2026-09-12,13:00,T10,Lestari Hidayat,4,Booking,Completed
RS0582,2026-09-12,13:00,T13,Tari Purnomo,3,Booking,Completed
RS0583,2026-09-12,13:30,T18,Agus Putra,5,Booking,Completed
RS0584,2026-09-12,13:30,T23,Novi Ramadhan,4,Booking,Cancelled
RS0585,2026-09-12,13:30,T25,Fajar Wibowo,6,Booking,Cancelled
RS0586,2026-09-12,13:37,T02,Tania Suryadi,2,Walk-in,Completed
RS0587,2026-09-12,13:40,T06,Melati Lestari,3,Walk-in,Completed
RS0588,2026-09-12,13:47,T28,Candra Gunawan,7,Walk-in,Completed
RS0589,2026-09-12,14:05,T16,Jessica Widjaja,4,Walk-in,Completed
RS0590,2026-09-12,14:09,T23,Ika Halim,6,Walk-in,Completed
RS0591,2026-09-12,14:18,T09,Reza Salim,4,Walk-in,Completed
RS0592,2026-09-12,14:30,T03,Budi Santika,2,Booking,Completed
RS0593,2026-09-12,14:43,T17,Reza Purnomo,5,Walk-in,Completed
RS0594,2026-09-12,14:55,T24,Faisal Siregar,6,Walk-in,Completed
RS0595,2026-09-12,15:00,T29,Hendri Firmansyah,8,Booking,Cancelled
RS0596,2026-09-12,15:06,T25,Hendri Simanjuntak,5,Walk-in,Completed
RS0597,2026-09-12,15:11,T15,Tania Setiawan,2,Walk-in,Completed
RS0598,2026-09-12,15:13,T05,Grace Gunawan,2,Walk-in,Completed
RS0599,2026-09-12,15:23,T08,Bayu Hartono,4,Walk-in,Completed
RS0600,2026-09-12,16:00,T02,Samuel Salim,2,Booking,Completed
RS0601,2026-09-12,16:00,T12,Stefani Purnomo,3,Booking,Completed
RS0602,2026-09-12,16:00,T22,Grace Ramadhan,4,Booking,Completed
RS0603,2026-09-12,16:00,T26,Siska Santika,5,Booking,Completed
RS0604,2026-09-12,16:18,T14,Grace Tan,3,Walk-in,Completed
RS0605,2026-09-12,16:27,T18,Rahma Lim,6,Walk-in,Completed
RS0606,2026-09-12,16:31,T06,Fitri Widjaja,2,Walk-in,Completed
RS0607,2026-09-12,16:44,T24,Michael Saputra,5,Walk-in,Completed
RS0608,2026-09-12,16:56,T08,Ika Wibowo,4,Walk-in,Completed
RS0609,2026-09-12,17:00,T01,Hadi Kusuma,2,Booking,No-show
RS0610,2026-09-12,17:00,T03,Vina Nugroho,2,Booking,No-show
RS0611,2026-09-12,17:00,T05,Imam Santoso,2,Booking,No-show
RS0612,2026-09-12,17:00,T19,Andi Purnomo,4,Booking,Completed
RS0613,2026-09-12,17:00,T27,Olivia Lestari,8,Booking,Completed
RS0614,2026-09-12,17:07,T21,Kevin Santika,1,Walk-in,Completed
RS0615,2026-09-12,17:30,T11,Joko Santika,4,Booking,Completed
RS0616,2026-09-12,17:30,T16,Linda Budiman,4,Booking,Completed
RS0617,2026-09-12,17:30,T28,Joko Setiawan,7,Booking,Completed
RS0618,2026-09-12,17:30,T29,Putri Hidayat,8,Booking,Cancelled
RS0619,2026-09-12,17:51,T15,Ayu Tan,3,Walk-in,Completed
RS0620,2026-09-12,17:59,T13,Kevin Nugroho,3,Walk-in,Completed
RS0621,2026-09-12,18:00,T01,Joko Kusuma,2,Booking,Completed
RS0622,2026-09-12,18:00,T03,Joko Purnomo,2,Booking,Completed
RS0623,2026-09-12,18:00,T04,Stefani Siregar,2,Booking,Completed
RS0624,2026-09-12,18:00,T05,Teguh Setiawan,2,Booking,Completed
RS0625,2026-09-12,18:00,T09,Tania Susanto,4,Booking,Completed
RS0626,2026-09-12,18:00,T20,Rizky Saputra,4,Booking,Completed
RS0627,2026-09-12,18:08,T23,Rudi Handoko,4,Walk-in,Completed
RS0628,2026-09-12,18:12,T26,Michael Rahardjo,4,Walk-in,Completed
RS0629,2026-09-12,18:30,T02,Anisa Firmansyah,1,Booking,Completed
RS0630,2026-09-12,18:30,T07,Fajar Firmansyah,2,Booking,Completed
RS0631,2026-09-12,18:30,T10,Lestari Halim,4,Booking,Completed
RS0632,2026-09-12,18:30,T12,Sinta Simanjuntak,3,Booking,Completed
RS0633,2026-09-12,18:30,T14,Ika Tan,2,Booking,Cancelled
RS0634,2026-09-12,18:30,T22,Kevin Lim,4,Booking,Completed
RS0635,2026-09-12,18:30,T24,Surya Saputra,6,Booking,Cancelled
RS0636,2026-09-12,18:30,T29,Doni Susanto,9,Booking,Completed
RS0637,2026-09-12,18:37,T28,Wulan Putra,7,Walk-in,Completed
RS0638,2026-09-12,18:57,T27,Doni Utomo,8,Walk-in,Completed
RS0639,2026-09-12,19:00,T05,Mega Saputra,2,Booking,Cancelled
RS0640,2026-09-12,19:00,T19,Wahyu Setiawan,1,Booking,Completed
RS0641,2026-09-12,19:26,T21,Dimas Hidayat,2,Walk-in,Completed
RS0642,2026-09-12,19:30,T17,Budi Handoko,6,Booking,Completed
RS0643,2026-09-12,20:04,T08,Nia Chandra,3,Walk-in,Completed
RS0644,2026-09-12,20:18,T02,Nia Kurniawan,2,Walk-in,Completed
RS0645,2026-09-12,20:24,T05,Tono Lim,2,Walk-in,Completed
RS0646,2026-09-12,20:30,T09,Ratna Santika,4,Booking,Completed
RS0647,2026-09-12,20:30,T24,Kevin Halim,5,Walk-in,Completed
RS0648,2026-09-13,11:16,T07,Yuni Hartono,3,Walk-in,Completed
RS0649,2026-09-13,11:26,T06,Wahyu Wardana,4,Walk-in,Completed
RS0650,2026-09-13,11:30,T02,Bayu Purnomo,2,Booking,Completed
RS0651,2026-09-13,11:30,T15,Mega Wijaya,4,Booking,Cancelled
RS0652,2026-09-13,11:30,T20,Reza Simanjuntak,2,Booking,Cancelled
RS0653,2026-09-13,12:00,T01,Lestari Wijaya,1,Booking,Completed
RS0654,2026-09-13,12:00,T13,Tari Lestari,3,Booking,Completed
RS0655,2026-09-13,12:00,T26,Jessica Lestari,5,Booking,Completed
RS0656,2026-09-13,12:04,T04,Andi Halim,1,Walk-in,Completed
RS0657,2026-09-13,12:04,T05,Agus Wibowo,2,Walk-in,Completed
RS0658,2026-09-13,12:04,T17,Jessica Maharani,6,Walk-in,Completed
RS0659,2026-09-13,12:04,T25,Joko Utomo,5,Walk-in,Completed
RS0660,2026-09-13,12:09,T18,Ika Tan,6,Walk-in,Completed
RS0661,2026-09-13,12:10,T08,Agus Halim,2,Walk-in,Completed
RS0662,2026-09-13,12:18,T16,Yoga Wijaya,4,Walk-in,Completed
RS0663,2026-09-13,12:30,T03,Hendra Simanjuntak,2,Booking,Completed
RS0664,2026-09-13,12:30,T19,Rina Chandra,4,Booking,No-show
RS0665,2026-09-13,12:54,T19,Galih Wardana,3,Walk-in,Completed
RS0666,2026-09-13,12:58,T12,Bagas Santoso,2,Walk-in,Completed
RS0667,2026-09-13,13:00,T14,Jessica Hidayat,4,Booking,No-show
RS0668,2026-09-13,13:00,T28,Arif Setiawan,8,Booking,Completed
RS0669,2026-09-13,13:00,T29,Wulan Santika,9,Booking,Completed
RS0670,2026-09-13,13:04,T11,Intan Kusuma,3,Walk-in,Completed
RS0671,2026-09-13,13:16,T06,Rina Utomo,4,Walk-in,Completed
RS0672,2026-09-13,13:21,T09,Fajar Kusuma,2,Walk-in,Completed
RS0673,2026-09-13,13:22,T20,Laras Utomo,3,Walk-in,Completed
RS0674,2026-09-13,13:30,T07,Wulan Salim,4,Booking,Completed
RS0675,2026-09-13,13:30,T15,Teguh Kusuma,3,Booking,Completed
RS0676,2026-09-13,13:30,T18,Agus Saputra,6,Booking,Completed
RS0677,2026-09-13,13:30,T22,Kevin Tan,4,Booking,Completed
RS0678,2026-09-13,13:30,T24,Andi Santoso,5,Booking,Completed
RS0679,2026-09-13,13:30,T27,Eko Chandra,8,Booking,Completed
RS0680,2026-09-13,13:56,T05,Clarissa Budiman,2,Walk-in,Completed
RS0681,2026-09-13,14:19,T26,Jessica Susanto,5,Walk-in,Completed
RS0682,2026-09-13,14:32,T04,Yoga Lestari,2,Walk-in,Completed
RS0683,2026-09-13,15:10,T29,Melati Putra,9,Walk-in,Completed
RS0684,2026-09-13,15:30,T28,Candra Lestari,7,Booking,Completed
RS0685,2026-09-13,15:56,T16,Hadi Widjaja,4,Walk-in,Completed
RS0686,2026-09-13,16:00,T24,Melati Purnomo,6,Booking,Completed
RS0687,2026-09-13,16:10,T27,Andi Lestari,6,Walk-in,Completed
RS0688,2026-09-13,16:24,T11,Stefani Siregar,4,Walk-in,Completed
RS0689,2026-09-13,16:30,T19,Stefani Setiawan,3,Booking,Cancelled
RS0690,2026-09-13,16:30,T23,Melati Firmansyah,5,Booking,Completed
RS0691,2026-09-13,16:30,T25,Tono Kusuma,6,Booking,No-show
RS0692,2026-09-13,16:52,T14,Yuni Santika,4,Walk-in,Completed
RS0693,2026-09-13,17:00,T04,Lestari Lestari,2,Booking,Completed
RS0694,2026-09-13,17:00,T25,Hadi Lim,6,Booking,Completed
RS0695,2026-09-13,17:00,T26,Grace Widjaja,5,Booking,Completed
RS0696,2026-09-13,17:24,T02,Jessica Wardana,2,Walk-in,Completed
RS0697,2026-09-13,17:30,T17,Rudi Maharani,5,Booking,Completed
RS0698,2026-09-13,17:30,T18,Clarissa Santoso,5,Booking,Completed
RS0699,2026-09-13,17:32,T08,Vina Susanto,3,Walk-in,Completed
RS0700,2026-09-13,17:39,T16,Dewi Nugroho,4,Walk-in,Completed
RS0701,2026-09-13,17:41,T20,Samuel Salim,4,Walk-in,Completed
RS0702,2026-09-13,18:00,T06,Rudi Permana,3,Booking,Completed
RS0703,2026-09-13,18:00,T15,Rudi Wardana,4,Booking,Completed
RS0704,2026-09-13,18:00,T22,Fajar Susanto,3,Booking,Cancelled
RS0705,2026-09-13,18:00,T27,Sinta Budiman,7,Booking,Completed
RS0706,2026-09-13,18:00,T28,Hendri Wibowo,7,Booking,Completed
RS0707,2026-09-13,18:30,T21,Teguh Wardana,3,Booking,No-show
RS0708,2026-09-13,18:30,T23,Tono Salim,5,Booking,No-show
RS0709,2026-09-13,18:34,T05,Wahyu Santoso,2,Walk-in,Completed
RS0710,2026-09-13,18:46,T19,Fitri Gunawan,4,Walk-in,Completed
RS0711,2026-09-13,18:52,T07,Doni Widjaja,2,Walk-in,Completed
RS0712,2026-09-13,18:55,T24,Anisa Kusuma,5,Walk-in,Completed
RS0713,2026-09-13,19:00,T03,Faisal Permana,2,Booking,Completed
RS0714,2026-09-13,19:05,T02,Dimas Susanto,2,Walk-in,Completed
RS0715,2026-09-13,19:15,T04,Tania Purnomo,1,Walk-in,Completed
RS0716,2026-09-13,19:26,T14,Wulan Handoko,2,Walk-in,Completed
RS0717,2026-09-13,19:30,T01,Sinta Santika,2,Booking,Completed
RS0718,2026-09-13,19:30,T23,Hendra Budiman,6,Booking,Completed
RS0719,2026-09-13,19:30,T26,Olivia Setiawan,6,Booking,Completed
RS0720,2026-09-13,19:31,T13,Putri Utomo,1,Walk-in,Completed
RS0721,2026-09-13,20:00,T22,Tono Siregar,3,Booking,Completed
RS0722,2026-09-14,11:30,T24,Lestari Budiman,6,Booking,Completed
RS0723,2026-09-14,12:11,T25,Arif Susanto,6,Walk-in,Completed
RS0724,2026-09-14,12:14,T15,Mega Utomo,4,Walk-in,Completed
RS0725,2026-09-14,12:22,T19,Arif Kurniawan,4,Walk-in,Completed
RS0726,2026-09-14,12:22,T26,Michael Permana,5,Walk-in,Completed
RS0727,2026-09-14,12:48,T05,Andi Salim,2,Walk-in,Completed
RS0728,2026-09-14,12:52,T02,Stefani Purnomo,2,Walk-in,Completed
RS0729,2026-09-14,12:57,T23,Teguh Lestari,5,Walk-in,Completed
RS0730,2026-09-14,13:00,T01,Albert Santoso,2,Booking,Completed
RS0731,2026-09-14,13:15,T04,Maya Lim,2,Walk-in,Completed
RS0732,2026-09-14,14:13,T17,Teguh Santoso,5,Walk-in,Completed
RS0733,2026-09-14,14:43,T28,Tono Maharani,7,Walk-in,Completed
RS0734,2026-09-14,15:00,T03,Rahma Firmansyah,2,Booking,Completed
RS0735,2026-09-14,16:30,T14,Dimas Santika,3,Booking,Completed
RS0736,2026-09-14,17:19,T01,Andi Santoso,2,Walk-in,Completed
RS0737,2026-09-14,17:24,T18,Fajar Rahardjo,5,Walk-in,Completed
RS0738,2026-09-14,17:30,T05,Ika Lim,2,Booking,Completed
RS0739,2026-09-14,17:30,T10,Dian Gunawan,4,Walk-in,Completed
RS0740,2026-09-14,17:34,T24,Eko Simanjuntak,6,Walk-in,Completed
RS0741,2026-09-14,17:59,T04,Samuel Halim,2,Walk-in,Completed
RS0742,2026-09-14,18:00,T11,Fajar Susanto,2,Booking,Cancelled
RS0743,2026-09-14,18:00,T21,Reza Pratama,4,Booking,Completed
RS0744,2026-09-14,18:30,T03,Rahma Siregar,1,Booking,Completed
RS0745,2026-09-14,18:38,T02,Anisa Siregar,2,Walk-in,Completed
RS0746,2026-09-14,18:45,T15,Teguh Firmansyah,3,Walk-in,Completed
RS0747,2026-09-14,19:00,T22,Grace Widjaja,4,Booking,Completed
RS0748,2026-09-14,19:01,T06,Lestari Simanjuntak,3,Walk-in,Completed
RS0749,2026-09-14,19:19,T05,Ika Budiman,2,Walk-in,Completed
RS0750,2026-09-14,19:30,T12,Sinta Siregar,4,Booking,Completed
RS0751,2026-09-14,19:30,T20,Kevin Salim,4,Booking,Cancelled
RS0752,2026-09-14,19:30,T23,Tono Firmansyah,5,Booking,Completed
RS0753,2026-09-14,19:30,T24,Dewi Handoko,5,Booking,Completed
RS0754,2026-09-14,19:44,T08,Galih Susanto,4,Walk-in,Completed
RS0755,2026-09-14,19:58,T01,Yoga Maharani,2,Walk-in,Completed
RS0756,2026-09-14,19:59,T21,Laras Setiawan,3,Walk-in,Completed
RS0757,2026-09-15,11:00,T01,Agus Suryadi,2,Booking,Completed
RS0758,2026-09-15,11:09,T17,Rina Susanto,5,Walk-in,Completed
RS0759,2026-09-15,12:35,T02,Michael Purnomo,2,Walk-in,Completed
RS0760,2026-09-15,13:00,T27,Albert Chandra,8,Booking,Completed
RS0761,2026-09-15,13:06,T06,Jessica Setiawan,4,Walk-in,Completed
RS0762,2026-09-15,13:22,T21,Intan Hartono,4,Walk-in,Completed
RS0763,2026-09-15,13:30,T15,Budi Budiman,4,Booking,Completed
RS0764,2026-09-15,13:35,T29,Hendri Santoso,10,Walk-in,Completed
RS0765,2026-09-15,13:37,T01,Eko Utomo,2,Walk-in,Completed
RS0766,2026-09-15,13:38,T12,Imam Pratama,4,Walk-in,Completed
RS0767,2026-09-15,14:13,T05,Olivia Wardana,1,Walk-in,Completed
RS0768,2026-09-15,16:13,T01,Doni Rahardjo,1,Walk-in,Completed
RS0769,2026-09-15,16:28,T17,Albert Wibowo,5,Walk-in,Completed
RS0770,2026-09-15,16:30,T25,Citra Nugroho,6,Booking,Completed
RS0771,2026-09-15,16:48,T11,Laras Susanto,3,Walk-in,Completed
RS0772,2026-09-15,17:00,T08,Galih Ramadhan,3,Booking,Completed
RS0773,2026-09-15,17:00,T18,Daniel Permana,5,Booking,Completed
RS0774,2026-09-15,17:00,T27,Linda Gunawan,8,Walk-in,Completed
RS0775,2026-09-15,17:30,T19,Citra Ramadhan,4,Booking,Completed
RS0776,2026-09-15,17:30,T26,Grace Lim,6,Booking,Completed
RS0777,2026-09-15,17:30,T29,Ratna Hartono,10,Booking,Completed
RS0778,2026-09-15,17:33,T05,Nia Wijaya,2,Walk-in,Completed
RS0779,2026-09-15,17:39,T03,Budi Chandra,2,Walk-in,Completed
RS0780,2026-09-15,18:00,T23,Clarissa Lestari,5,Booking,Completed
RS0781,2026-09-15,18:02,T04,Candra Handoko,2,Walk-in,Completed
RS0782,2026-09-15,18:04,T07,Anisa Hartono,3,Walk-in,Completed
RS0783,2026-09-15,18:11,T01,Jessica Santoso,2,Walk-in,Completed
RS0784,2026-09-15,18:15,T21,Ayu Permana,4,Walk-in,Completed
RS0785,2026-09-15,18:30,T14,Andi Setiawan,3,Booking,Completed
RS0786,2026-09-15,18:30,T15,Wulan Maharani,3,Booking,Completed
RS0787,2026-09-15,18:30,T20,Clarissa Hartono,4,Booking,Completed
RS0788,2026-09-15,18:45,T29,Intan Budiman,9,Walk-in,Completed
RS0789,2026-09-15,18:51,T02,Yuni Maharani,2,Walk-in,Completed
RS0790,2026-09-15,18:51,T06,Melati Siregar,4,Walk-in,Completed
RS0791,2026-09-15,18:55,T27,Laras Lim,8,Walk-in,Completed
RS0792,2026-09-15,19:00,T09,Reza Hidayat,3,Booking,Completed
RS0793,2026-09-15,19:10,T30,Nia Kurniawan,12,Walk-in,Completed
RS0794,2026-09-15,19:30,T12,Nia Chandra,3,Booking,Completed
RS0795,2026-09-15,19:30,T25,Teguh Saputra,6,Booking,Completed
RS0796,2026-09-15,19:41,T05,Agus Santoso,2,Walk-in,Completed
RS0797,2026-09-15,19:57,T17,Ayu Wijaya,6,Walk-in,Completed
RS0798,2026-09-15,20:05,T22,Jessica Susanto,4,Walk-in,Completed
RS0799,2026-09-16,11:00,T21,Stefani Tan,3,Walk-in,Completed
RS0800,2026-09-16,11:15,T19,Clarissa Putra,3,Walk-in,Completed
RS0801,2026-09-16,11:22,T02,Novi Rahardjo,1,Walk-in,Completed
RS0802,2026-09-16,11:53,T20,Doni Setiawan,3,Walk-in,Completed
RS0803,2026-09-16,11:56,T05,Arif Santika,2,Walk-in,Completed
RS0804,2026-09-16,12:00,T01,Jessica Handoko,2,Booking,Completed
RS0805,2026-09-16,12:17,T07,Grace Susanto,4,Walk-in,Completed
RS0806,2026-09-16,12:29,T04,Ayu Budiman,2,Walk-in,Completed
RS0807,2026-09-16,12:30,T03,Yoga Kurniawan,2,Booking,Completed
RS0808,2026-09-16,12:30,T17,Ayu Susanto,5,Booking,Completed
RS0809,2026-09-16,12:40,T15,Putri Ramadhan,2,Walk-in,Completed
RS0810,2026-09-16,13:12,T26,Doni Hartono,6,Walk-in,Completed
RS0811,2026-09-16,13:24,T09,Albert Salim,3,Walk-in,Completed
RS0812,2026-09-16,13:30,T02,Clarissa Putra,2,Booking,Completed
RS0813,2026-09-16,13:30,T06,Rudi Lestari,4,Booking,Completed
RS0814,2026-09-16,13:44,T13,Putri Permana,3,Walk-in,Completed
RS0815,2026-09-16,13:51,T28,Hadi Maharani,8,Walk-in,Completed
RS0816,2026-09-16,14:32,T01,Melati Putra,2,Walk-in,Completed
RS0817,2026-09-16,15:49,T03,Ratna Lestari,2,Walk-in,Completed
RS0818,2026-09-16,16:55,T20,Rudi Maharani,4,Walk-in,Completed
RS0819,2026-09-16,17:00,T06,Lestari Setiawan,4,Booking,Completed
RS0820,2026-09-16,17:02,T19,Intan Pratama,4,Walk-in,Completed
RS0821,2026-09-16,17:22,T17,Melati Widjaja,5,Walk-in,Completed
RS0822,2026-09-16,17:30,T14,Fajar Permana,3,Booking,Completed
RS0823,2026-09-16,17:47,T28,Yuni Siregar,7,Walk-in,Completed
RS0824,2026-09-16,17:48,T23,Sinta Setiawan,5,Walk-in,Completed
RS0825,2026-09-16,18:00,T02,Citra Lim,2,Booking,Completed
RS0826,2026-09-16,18:00,T04,Bagas Maharani,2,Booking,Completed
RS0827,2026-09-16,18:00,T07,Doni Tan,3,Booking,Completed
RS0828,2026-09-16,18:00,T10,Bagas Widjaja,4,Booking,Completed
RS0829,2026-09-16,18:08,T27,Dimas Setiawan,8,Walk-in,Completed
RS0830,2026-09-16,18:13,T25,Andi Firmansyah,6,Walk-in,Completed
RS0831,2026-09-16,18:24,T01,Dewi Salim,2,Walk-in,Completed
RS0832,2026-09-16,18:26,T09,Wulan Wijaya,4,Walk-in,Completed
RS0833,2026-09-16,18:30,T18,Dimas Nugroho,6,Booking,No-show
RS0834,2026-09-16,18:39,T12,Rina Santika,2,Walk-in,Completed
RS0835,2026-09-16,18:42,T26,Dimas Susanto,6,Walk-in,Completed
RS0836,2026-09-16,18:50,T16,Imam Siregar,4,Walk-in,Completed
RS0837,2026-09-16,19:00,T19,Kevin Rahardjo,4,Booking,Completed
RS0838,2026-09-16,19:30,T05,Melati Budiman,2,Booking,Completed
RS0839,2026-09-16,19:40,T15,Mega Permana,2,Walk-in,Completed
RS0840,2026-09-16,19:50,T21,Fitri Kusuma,4,Walk-in,Completed
RS0841,2026-09-16,20:00,T03,Eko Lestari,2,Booking,Completed
RS0842,2026-09-16,20:30,T04,Arif Suryadi,2,Walk-in,Completed
RS0843,2026-09-16,20:30,T18,Joko Permana,5,Walk-in,Completed
RS0844,2026-09-17,11:31,T09,Wahyu Wijaya,4,Walk-in,Completed
RS0845,2026-09-17,11:46,T04,Doni Halim,2,Walk-in,Completed
RS0846,2026-09-17,12:30,T05,Stefani Salim,2,Booking,Completed
RS0847,2026-09-17,12:33,T10,Citra Hartono,4,Walk-in,Completed
RS0848,2026-09-17,12:40,T01,Michael Chandra,2,Walk-in,Completed
RS0849,2026-09-17,13:23,T02,Ratna Suryadi,2,Walk-in,Completed
RS0850,2026-09-17,13:48,T24,Faisal Widjaja,6,Walk-in,Completed
RS0851,2026-09-17,14:00,T03,Ika Halim,2,Booking,Completed
RS0852,2026-09-17,14:05,T14,Intan Kusuma,4,Walk-in,Completed
RS0853,2026-09-17,14:55,T21,Fajar Halim,4,Walk-in,Completed
RS0854,2026-09-17,15:00,T18,Rudi Rahardjo,6,Booking,Completed
RS0855,2026-09-17,15:38,T05,Doni Simanjuntak,2,Walk-in,Completed
RS0856,2026-09-17,16:13,T12,Tono Wardana,4,Walk-in,Completed
RS0857,2026-09-17,16:38,T07,Reza Setiawan,3,Walk-in,Completed
RS0858,2026-09-17,17:00,T15,Albert Salim,3,Booking,Completed
RS0859,2026-09-17,17:02,T29,Maya Wardana,9,Walk-in,Completed
RS0860,2026-09-17,17:10,T21,Michael Chandra,4,Walk-in,Completed
RS0861,2026-09-17,17:30,T04,Andi Salim,2,Booking,Completed
RS0862,2026-09-17,17:41,T14,Novi Handoko,4,Walk-in,Completed
RS0863,2026-09-17,17:43,T13,Lestari Gunawan,3,Walk-in,Completed
RS0864,2026-09-17,18:00,T01,Budi Salim,2,Booking,Completed
RS0865,2026-09-17,18:00,T02,Surya Siregar,2,Booking,Completed
RS0866,2026-09-17,18:00,T19,Tono Nugroho,2,Booking,Cancelled
RS0867,2026-09-17,18:00,T20,Rizky Budiman,3,Booking,Completed
RS0868,2026-09-17,18:04,T19,Tania Hartono,4,Walk-in,Completed
RS0869,2026-09-17,18:15,T07,Daniel Nugroho,3,Walk-in,Completed
RS0870,2026-09-17,18:17,T23,Tania Kurniawan,5,Walk-in,Completed
RS0871,2026-09-17,18:24,T03,Eko Simanjuntak,2,Walk-in,Completed
RS0872,2026-09-17,18:39,T22,Fitri Purnomo,3,Walk-in,Completed
RS0873,2026-09-17,18:46,T08,Laras Gunawan,2,Walk-in,Completed
RS0874,2026-09-17,18:51,T28,Tari Gunawan,7,Walk-in,Completed
RS0875,2026-09-17,18:54,T09,Eko Wardana,4,Walk-in,Completed
RS0876,2026-09-17,18:55,T16,Bagas Santika,1,Walk-in,Completed
RS0877,2026-09-17,18:59,T04,Michael Budiman,2,Walk-in,Completed
RS0878,2026-09-17,19:00,T05,Anisa Kusuma,2,Booking,Completed
RS0879,2026-09-17,19:00,T18,Novi Wijaya,5,Booking,Completed
RS0880,2026-09-17,19:00,T26,Kevin Rahardjo,6,Walk-in,Completed
RS0881,2026-09-17,19:06,T27,Wahyu Wardana,8,Walk-in,Completed
RS0882,2026-09-17,19:09,T15,Reza Permana,2,Walk-in,Completed
RS0883,2026-09-17,19:57,T02,Maya Kusuma,2,Walk-in,Completed
RS0884,2026-09-17,20:30,T01,Laras Kurniawan,2,Walk-in,Completed
RS0885,2026-09-17,20:30,T03,Doni Maharani,2,Walk-in,Completed
RS0886,2026-09-18,11:00,T04,Doni Hidayat,2,Booking,Completed
RS0887,2026-09-18,11:19,T20,Lestari Santoso,3,Walk-in,Completed
RS0888,2026-09-18,11:30,T01,Tari Wijaya,2,Booking,No-show
RS0889,2026-09-18,11:30,T05,Tono Wardana,2,Booking,Completed
RS0890,2026-09-18,11:30,T12,Tania Setiawan,3,Walk-in,Completed
RS0891,2026-09-18,12:00,T01,Fitri Utomo,1,Booking,Completed
RS0892,2026-09-18,12:00,T22,Linda Purnomo,4,Booking,Completed
RS0893,2026-09-18,12:01,T03,Candra Saputra,2,Walk-in,Completed
RS0894,2026-09-18,12:02,T14,Samuel Suryadi,3,Walk-in,Completed
RS0895,2026-09-18,12:14,T07,Anisa Salim,4,Walk-in,Completed
RS0896,2026-09-18,12:30,T02,Bagas Rahardjo,1,Booking,Completed
RS0897,2026-09-18,12:30,T09,Doni Santoso,4,Booking,Completed
RS0898,2026-09-18,12:30,T28,Ayu Utomo,8,Booking,Completed
RS0899,2026-09-18,12:55,T04,Tono Suryadi,2,Walk-in,Completed
RS0900,2026-09-18,13:00,T18,Novi Salim,6,Booking,Cancelled
RS0901,2026-09-18,13:00,T19,Rina Budiman,4,Booking,Completed
RS0902,2026-09-18,13:00,T27,Ratna Widjaja,7,Walk-in,Completed
RS0903,2026-09-18,13:15,T21,Arif Kurniawan,4,Walk-in,Completed
RS0904,2026-09-18,13:40,T08,Tari Rahardjo,3,Walk-in,Completed
RS0905,2026-09-18,14:00,T22,Fajar Handoko,4,Booking,Completed
RS0906,2026-09-18,14:08,T15,Grace Hartono,3,Walk-in,Completed
RS0907,2026-09-18,14:28,T07,Hadi Wijaya,4,Walk-in,Completed
RS0908,2026-09-18,15:30,T11,Yoga Wardana,4,Booking,Completed
RS0909,2026-09-18,16:30,T12,Lestari Setiawan,4,Booking,Completed
RS0910,2026-09-18,16:30,T13,Grace Halim,3,Booking,Completed
RS0911,2026-09-18,16:40,T25,Fitri Nugroho,5,Walk-in,Completed
RS0912,2026-09-18,16:54,T01,Daniel Simanjuntak,2,Walk-in,Completed
RS0913,2026-09-18,17:00,T02,Candra Gunawan,2,Booking,Completed
RS0914,2026-09-18,17:00,T20,Dimas Nugroho,4,Booking,Completed
RS0915,2026-09-18,17:00,T21,Maya Kusuma,4,Booking,No-show
RS0916,2026-09-18,17:00,T24,Faisal Halim,5,Booking,Completed
RS0917,2026-09-18,17:22,T22,Maya Setiawan,4,Walk-in,Completed
RS0918,2026-09-18,17:24,T04,Fitri Lestari,2,Walk-in,Completed
RS0919,2026-09-18,17:30,T14,Wulan Hartono,4,Booking,Completed
RS0920,2026-09-18,17:30,T26,Michael Widjaja,5,Booking,Completed
RS0921,2026-09-18,17:30,T28,Michael Maharani,7,Booking,No-show
RS0922,2026-09-18,17:40,T08,Surya Putra,3,Walk-in,Completed
RS0923,2026-09-18,17:41,T29,Bagas Susanto,10,Walk-in,Completed
RS0924,2026-09-18,17:45,T05,Samuel Putra,2,Walk-in,Completed
RS0925,2026-09-18,17:57,T10,Wulan Handoko,4,Walk-in,Completed
RS0926,2026-09-18,18:00,T07,Fajar Kusuma,3,Booking,Completed
RS0927,2026-09-18,18:12,T17,Doni Lim,5,Walk-in,Completed
RS0928,2026-09-18,18:25,T19,Fajar Ramadhan,3,Walk-in,Completed
RS0929,2026-09-18,18:28,T29,Imam Susanto,9,Walk-in,Completed
RS0930,2026-09-18,18:30,T02,Citra Tan,2,Booking,Completed
RS0931,2026-09-18,18:30,T18,Michael Simanjuntak,6,Booking,Completed
RS0932,2026-09-18,18:30,T27,Linda Permana,7,Booking,Completed
RS0933,2026-09-18,18:30,T28,Andi Maharani,8,Booking,Completed
RS0934,2026-09-18,18:37,T01,Maya Lestari,1,Walk-in,Completed
RS0935,2026-09-18,18:41,T16,Michael Handoko,2,Walk-in,Completed
RS0936,2026-09-18,19:00,T23,Samuel Santoso,5,Booking,Completed
RS0937,2026-09-18,19:12,T20,Eko Halim,2,Walk-in,Completed
RS0938,2026-09-18,19:25,T25,Maya Wijaya,6,Walk-in,Completed
RS0939,2026-09-18,19:30,T03,Albert Halim,1,Booking,No-show
RS0940,2026-09-18,19:30,T05,Candra Purnomo,2,Walk-in,Completed
RS0941,2026-09-18,19:30,T10,Samuel Santoso,4,Booking,Completed
RS0942,2026-09-18,20:00,T24,Wulan Tan,6,Booking,Completed
RS0943,2026-09-18,20:03,T15,Maya Simanjuntak,4,Walk-in,Completed
RS0944,2026-09-19,11:37,T10,Bayu Putra,4,Walk-in,Completed
RS0945,2026-09-19,12:00,T02,Michael Hartono,2,Booking,Completed
RS0946,2026-09-19,12:00,T06,Rina Handoko,4,Booking,Completed
RS0947,2026-09-19,12:00,T08,Mega Wijaya,4,Booking,Cancelled
RS0948,2026-09-19,12:00,T13,Daniel Hartono,2,Walk-in,Completed
RS0949,2026-09-19,12:00,T18,Siska Widjaja,6,Booking,Completed
RS0950,2026-09-19,12:07,T11,Stefani Wijaya,4,Walk-in,Completed
RS0951,2026-09-19,12:30,T01,Clarissa Nugroho,2,Booking,Completed
RS0952,2026-09-19,12:30,T03,Kevin Saputra,2,Booking,Completed
RS0953,2026-09-19,12:30,T05,Reza Utomo,1,Booking,Completed
RS0954,2026-09-19,12:30,T08,Siska Pratama,4,Booking,Completed
RS0955,2026-09-19,12:30,T12,Stefani Kurniawan,4,Booking,Completed
RS0956,2026-09-19,12:30,T15,Tono Santoso,4,Booking,No-show
RS0957,2026-09-19,12:30,T26,Tania Pratama,5,Booking,No-show
RS0958,2026-09-19,12:31,T14,Citra Utomo,4,Walk-in,Completed
RS0959,2026-09-19,12:34,T20,Eko Halim,3,Walk-in,Completed
RS0960,2026-09-19,12:47,T27,Novi Widjaja,8,Walk-in,Completed
RS0961,2026-09-19,12:55,T09,Maya Rahardjo,4,Walk-in,Completed
RS0962,2026-09-19,13:00,T04,Clarissa Tan,2,Booking,Completed
RS0963,2026-09-19,13:00,T19,Intan Permana,2,Booking,No-show
RS0964,2026-09-19,13:00,T25,Grace Susanto,6,Booking,Completed
RS0965,2026-09-19,13:01,T16,Daniel Salim,2,Walk-in,Completed
RS0966,2026-09-19,13:06,T22,Fajar Tan,2,Walk-in,Completed
RS0967,2026-09-19,13:07,T17,Rahma Salim,5,Walk-in,Completed
RS0968,2026-09-19,13:08,T21,Bagas Hidayat,2,Walk-in,Completed
RS0969,2026-09-19,13:22,T26,Clarissa Santoso,6,Walk-in,Completed
RS0970,2026-09-19,14:00,T02,Mega Permana,2,Booking,Completed
RS0971,2026-09-19,14:00,T07,Samuel Pratama,4,Booking,Completed
RS0972,2026-09-19,14:30,T06,Candra Simanjuntak,4,Booking,Completed
RS0973,2026-09-19,16:00,T03,Melati Suryadi,2,Walk-in,Completed
RS0974,2026-09-19,16:00,T27,Lestari Kusuma,8,Booking,Completed
RS0975,2026-09-19,16:30,T07,Fajar Firmansyah,4,Booking,Completed
RS0976,2026-09-19,16:30,T08,Galih Suryadi,3,Booking,Completed
RS0977,2026-09-19,16:30,T30,Wulan Permana,10,Booking,Cancelled
RS0978,2026-09-19,16:35,T11,Candra Permana,3,Walk-in,Completed
RS0979,2026-09-19,16:53,T19,Putri Widjaja,2,Walk-in,Completed
RS0980,2026-09-19,16:55,T20,Laras Wibowo,2,Walk-in,Completed
RS0981,2026-09-19,17:00,T05,Melati Putra,2,Booking,Completed
RS0982,2026-09-19,17:00,T16,Maya Ramadhan,2,Walk-in,Completed
RS0983,2026-09-19,17:00,T28,Daniel Saputra,8,Booking,Completed
RS0984,2026-09-19,17:06,T13,Fajar Susanto,4,Walk-in,Completed
RS0985,2026-09-19,17:11,T21,Jessica Siregar,2,Walk-in,Completed
RS0986,2026-09-19,17:30,T04,Nia Firmansyah,2,Booking,Completed
RS0987,2026-09-19,17:30,T05,Surya Kusuma,2,Booking,Cancelled
RS0988,2026-09-19,17:30,T17,Joko Handoko,5,Booking,Completed
RS0989,2026-09-19,17:30,T18,Rina Gunawan,5,Booking,Completed
RS0990,2026-09-19,17:30,T30,Michael Handoko,10,Booking,Cancelled
RS0991,2026-09-19,17:50,T08,Faisal Purnomo,3,Walk-in,Completed
RS0992,2026-09-19,17:58,T29,Siska Simanjuntak,9,Walk-in,Completed
RS0993,2026-09-19,18:00,T01,Surya Kurniawan,1,Booking,No-show
RS0994,2026-09-19,18:00,T02,Jessica Wibowo,2,Booking,Completed
RS0995,2026-09-19,18:00,T03,Dimas Wibowo,2,Booking,No-show
RS0996,2026-09-19,18:00,T09,Teguh Chandra,4,Booking,Completed
RS0997,2026-09-19,18:00,T10,Tari Nugroho,4,Booking,Completed
RS0998,2026-09-19,18:00,T12,Hadi Putra,4,Booking,Completed
RS0999,2026-09-19,18:00,T15,Lestari Maharani,4,Booking,Completed
RS1000,2026-09-19,18:00,T25,Sinta Salim,6,Booking,Completed
RS1001,2026-09-19,18:00,T29,Yuni Santoso,9,Booking,No-show
RS1002,2026-09-19,18:08,T11,Ratna Ramadhan,3,Walk-in,Completed
RS1003,2026-09-19,18:12,T21,Bagas Chandra,3,Walk-in,Completed
RS1004,2026-09-19,18:13,T16,Jessica Santoso,2,Walk-in,Completed
RS1005,2026-09-19,18:24,T13,Novi Putra,2,Walk-in,Completed
RS1006,2026-09-19,18:30,T01,Imam Purnomo,2,Booking,Completed
RS1007,2026-09-19,18:30,T07,Grace Wijaya,4,Booking,Completed
RS1008,2026-09-19,18:30,T14,Fajar Pratama,3,Booking,Completed
RS1009,2026-09-19,18:30,T22,Mega Santoso,4,Booking,Completed
RS1010,2026-09-19,18:37,T08,Ika Lestari,1,Walk-in,Completed
RS1011,2026-09-19,18:37,T11,Linda Wibowo,3,Walk-in,Completed
RS1012,2026-09-19,18:42,T26,Anisa Pratama,4,Walk-in,Completed
RS1013,2026-09-19,19:00,T03,Fajar Halim,2,Booking,Completed
RS1014,2026-09-19,19:00,T05,Doni Hartono,2,Booking,Completed
RS1015,2026-09-19,19:00,T06,Albert Maharani,3,Booking,Completed
RS1016,2026-09-19,19:00,T24,Doni Chandra,6,Booking,No-show
RS1017,2026-09-19,19:08,T23,Stefani Hidayat,5,Walk-in,Completed
RS1018,2026-09-19,19:09,T28,Galih Pratama,8,Walk-in,Completed
RS1019,2026-09-19,19:20,T02,Bayu Rahardjo,2,Walk-in,Completed
RS1020,2026-09-19,19:30,T04,Mega Pratama,2,Booking,Completed
RS1021,2026-09-19,19:30,T10,Hadi Permana,3,Booking,Completed
RS1022,2026-09-19,19:30,T17,Maya Wibowo,6,Booking,Cancelled
RS1023,2026-09-19,19:30,T19,Tari Utomo,4,Booking,Completed
RS1024,2026-09-19,19:30,T20,Yoga Nugroho,4,Booking,Completed
RS1025,2026-09-19,19:38,T30,Maya Santoso,12,Walk-in,Completed
RS1026,2026-09-19,20:06,T25,Samuel Wibowo,6,Walk-in,Completed
RS1027,2026-09-19,20:30,T23,Yoga Firmansyah,5,Booking,Cancelled
RS1028,2026-09-20,11:30,T01,Dewi Pratama,1,Walk-in,Completed
RS1029,2026-09-20,11:30,T11,Rizky Maharani,3,Booking,Completed
RS1030,2026-09-20,11:33,T14,Albert Kurniawan,2,Walk-in,Completed
RS1031,2026-09-20,11:45,T28,Tari Kusuma,8,Walk-in,Completed
RS1032,2026-09-20,11:47,T20,Hendra Permana,3,Walk-in,Completed
RS1033,2026-09-20,12:00,T02,Rudi Lim,2,Booking,No-show
RS1034,2026-09-20,12:00,T04,Rudi Pratama,2,Booking,Completed
RS1035,2026-09-20,12:00,T05,Nia Simanjuntak,2,Booking,Completed
RS1036,2026-09-20,12:00,T12,Hadi Santika,4,Booking,Completed
RS1037,2026-09-20,12:07,T19,Jessica Lim,3,Walk-in,Completed
RS1038,2026-09-20,12:10,T15,Laras Nugroho,2,Walk-in,Completed
RS1039,2026-09-20,12:23,T26,Galih Utomo,5,Walk-in,Completed
RS1040,2026-09-20,12:30,T02,Melati Hidayat,2,Walk-in,Completed
RS1041,2026-09-20,12:30,T09,Dian Wibowo,3,Booking,Completed
RS1042,2026-09-20,12:30,T10,Citra Hidayat,4,Booking,No-show
RS1043,2026-09-20,12:30,T17,Reza Wibowo,6,Booking,Cancelled
RS1044,2026-09-20,12:30,T22,Hadi Handoko,3,Booking,Completed
RS1045,2026-09-20,12:30,T23,Putri Santoso,4,Booking,Cancelled
RS1046,2026-09-20,13:00,T03,Kevin Ramadhan,2,Booking,Completed
RS1047,2026-09-20,13:00,T09,Sinta Firmansyah,4,Booking,Cancelled
RS1048,2026-09-20,13:00,T09,Linda Ramadhan,4,Booking,Cancelled
RS1049,2026-09-20,13:00,T21,Surya Permana,2,Walk-in,Completed
RS1050,2026-09-20,13:06,T27,Hendra Gunawan,7,Walk-in,Completed
RS1051,2026-09-20,13:11,T13,Michael Tan,2,Walk-in,Completed
RS1052,2026-09-20,13:12,T08,Melati Tan,1,Walk-in,Completed
RS1053,2026-09-20,13:14,T06,Agus Wibowo,3,Walk-in,Completed
RS1054,2026-09-20,13:20,T12,Stefani Kusuma,3,Walk-in,Completed
RS1055,2026-09-20,13:47,T11,Siska Kurniawan,3,Walk-in,Completed
RS1056,2026-09-20,14:00,T08,Melati Simanjuntak,3,Booking,Cancelled
RS1057,2026-09-20,14:00,T10,Ayu Gunawan,4,Booking,Completed
RS1058,2026-09-20,14:03,T07,Tania Kusuma,4,Walk-in,Completed
RS1059,2026-09-20,14:05,T19,Hendra Setiawan,4,Walk-in,Completed
RS1060,2026-09-20,14:24,T05,Yoga Putra,1,Walk-in,Completed
RS1061,2026-09-20,14:26,T15,Reza Utomo,3,Walk-in,Completed
RS1062,2026-09-20,14:30,T01,Dewi Budiman,2,Booking,Completed
RS1063,2026-09-20,14:34,T16,Dimas Chandra,4,Walk-in,Completed
RS1064,2026-09-20,14:49,T02,Hadi Maharani,2,Walk-in,Completed
RS1065,2026-09-20,15:00,T04,Bayu Wibowo,2,Booking,Completed
RS1066,2026-09-20,15:00,T08,Dewi Santoso,4,Booking,Completed
RS1067,2026-09-20,15:30,T03,Intan Halim,1,Booking,Completed
RS1068,2026-09-20,15:30,T28,Anisa Tan,8,Booking,Completed
RS1069,2026-09-20,15:38,T11,Surya Saputra,4,Walk-in,Completed
RS1070,2026-09-20,15:50,T27,Linda Nugroho,8,Walk-in,Completed
RS1071,2026-09-20,16:30,T01,Albert Salim,2,Booking,Completed
RS1072,2026-09-20,16:30,T12,Rudi Lestari,3,Booking,Completed
RS1073,2026-09-20,16:30,T18,Hadi Gunawan,5,Booking,Completed
RS1074,2026-09-20,16:50,T06,Maya Simanjuntak,4,Walk-in,Completed
RS1075,2026-09-20,17:12,T08,Siska Hartono,4,Walk-in,Completed
RS1076,2026-09-20,17:30,T05,Laras Permana,2,Booking,Completed
RS1077,2026-09-20,17:30,T10,Wulan Budiman,4,Booking,Completed
RS1078,2026-09-20,17:30,T14,Imam Permana,3,Booking,Completed
RS1079,2026-09-20,17:30,T25,Yuni Simanjuntak,6,Booking,Completed
RS1080,2026-09-20,17:30,T28,Putri Handoko,7,Booking,No-show
RS1081,2026-09-20,18:00,T13,Grace Tan,4,Booking,Completed
RS1082,2026-09-20,18:00,T22,Fitri Suryadi,3,Booking,Completed
RS1083,2026-09-20,18:08,T02,Rizky Santika,2,Walk-in,Completed
RS1084,2026-09-20,18:15,T04,Vina Simanjuntak,2,Walk-in,Completed
RS1085,2026-09-20,18:18,T27,Lestari Siregar,8,Walk-in,Completed
RS1086,2026-09-20,18:30,T03,Wulan Setiawan,1,Booking,Completed
RS1087,2026-09-20,18:30,T18,Laras Wijaya,6,Booking,Completed
RS1088,2026-09-20,18:30,T23,Stefani Handoko,5,Booking,Completed
RS1089,2026-09-20,18:30,T28,Hendra Salim,8,Booking,Completed
RS1090,2026-09-20,18:42,T21,Kevin Permana,4,Walk-in,Completed
RS1091,2026-09-20,18:43,T11,Sinta Santoso,4,Walk-in,Completed
RS1092,2026-09-20,18:49,T01,Linda Wibowo,2,Walk-in,Completed
RS1093,2026-09-20,18:53,T07,Ika Ramadhan,4,Walk-in,Completed
RS1094,2026-09-20,19:00,T12,Albert Tan,3,Booking,Completed
RS1095,2026-09-20,19:01,T27,Ayu Gunawan,8,Walk-in,Completed
RS1096,2026-09-20,19:30,T09,Bayu Kusuma,3,Booking,Completed
RS1097,2026-09-20,19:30,T22,Dian Wibowo,3,Booking,Cancelled
RS1098,2026-09-20,19:30,T29,Faisal Lestari,9,Booking,No-show
RS1099,2026-09-20,19:33,T26,Dewi Firmansyah,5,Walk-in,Completed
RS1100,2026-09-20,20:29,T05,Laras Permana,2,Walk-in,Completed
RS1101,2026-09-20,20:30,T07,Daniel Kurniawan,3,Booking,Completed
RS1102,2026-09-21,11:15,T26,Tari Santoso,5,Walk-in,Completed
RS1103,2026-09-21,11:33,T03,Ayu Lestari,1,Walk-in,Completed
RS1104,2026-09-21,12:00,T11,Bayu Nugroho,4,Booking,Completed
RS1105,2026-09-21,12:00,T19,Yuni Gunawan,4,Walk-in,Completed
RS1106,2026-09-21,12:03,T05,Wulan Lestari,2,Walk-in,Completed
RS1107,2026-09-21,12:04,T01,Joko Hidayat,2,Walk-in,Completed
RS1108,2026-09-21,12:23,T21,Ika Kusuma,2,Walk-in,Completed
RS1109,2026-09-21,12:28,T13,Wahyu Salim,3,Walk-in,Completed
RS1110,2026-09-21,12:30,T02,Arif Widjaja,2,Booking,Completed
RS1111,2026-09-21,12:30,T04,Vina Gunawan,2,Booking,Completed
RS1112,2026-09-21,12:33,T14,Lestari Widjaja,4,Walk-in,Completed
RS1113,2026-09-21,12:51,T28,Anisa Gunawan,7,Walk-in,Completed
RS1114,2026-09-21,12:57,T27,Imam Rahardjo,8,Walk-in,Completed
RS1115,2026-09-21,13:00,T12,Daniel Gunawan,4,Booking,Completed
RS1116,2026-09-21,13:09,T10,Rizky Saputra,3,Walk-in,Completed
RS1117,2026-09-21,13:15,T24,Ratna Ramadhan,6,Walk-in,Completed
RS1118,2026-09-21,13:30,T05,Yoga Rahardjo,2,Booking,Cancelled
RS1119,2026-09-21,15:30,T28,Vina Suryadi,8,Booking,Completed
RS1120,2026-09-21,16:42,T05,Laras Ramadhan,2,Walk-in,Completed
RS1121,2026-09-21,16:56,T03,Rahma Susanto,2,Walk-in,Completed
RS1122,2026-09-21,17:00,T27,Hadi Halim,8,Booking,Completed
RS1123,2026-09-21,17:26,T29,Candra Santoso,8,Walk-in,Completed
RS1124,2026-09-21,17:34,T26,Joko Ramadhan,6,Walk-in,Completed
RS1125,2026-09-21,17:36,T04,Fitri Putra,2,Walk-in,Completed
RS1126,2026-09-21,17:44,T02,Andi Handoko,2,Walk-in,Completed
RS1127,2026-09-21,18:16,T13,Arif Siregar,4,Walk-in,Completed
RS1128,2026-09-21,18:29,T28,Michael Utomo,8,Walk-in,Completed
RS1129,2026-09-21,18:30,T08,Samuel Nugroho,4,Booking,Cancelled
RS1130,2026-09-21,19:00,T03,Stefani Hidayat,1,Booking,Completed
RS1131,2026-09-21,19:00,T07,Melati Wibowo,4,Booking,Cancelled
RS1132,2026-09-21,19:19,T15,Hadi Handoko,3,Walk-in,Completed
RS1133,2026-09-21,19:30,T27,Tari Lestari,7,Booking,Completed
RS1134,2026-09-21,20:04,T05,Tari Kusuma,2,Walk-in,Completed
RS1135,2026-09-21,20:26,T18,Fajar Kurniawan,5,Walk-in,Completed
RS1136,2026-09-22,11:26,T01,Dimas Ramadhan,2,Walk-in,Completed
RS1137,2026-09-22,11:30,T12,Ika Lim,4,Booking,Completed
RS1138,2026-09-22,11:38,T24,Samuel Handoko,5,Walk-in,Completed
RS1139,2026-09-22,11:57,T06,Bayu Kusuma,4,Walk-in,Completed
RS1140,2026-09-22,12:07,T29,Stefani Wardana,10,Walk-in,Completed
RS1141,2026-09-22,12:11,T28,Rudi Santika,7,Walk-in,Completed
RS1142,2026-09-22,12:30,T16,Rahma Firmansyah,4,Booking,Completed
RS1143,2026-09-22,12:41,T08,Candra Wardana,4,Walk-in,Completed
RS1144,2026-09-22,13:00,T23,Wahyu Utomo,6,Booking,No-show
RS1145,2026-09-22,13:06,T21,Michael Ramadhan,4,Walk-in,Completed
RS1146,2026-09-22,13:17,T05,Fajar Suryadi,2,Walk-in,Completed
RS1147,2026-09-22,14:30,T20,Laras Handoko,4,Booking,Completed
RS1148,2026-09-22,14:30,T27,Faisal Budiman,8,Booking,Completed
RS1149,2026-09-22,15:30,T26,Putri Simanjuntak,6,Booking,Completed
RS1150,2026-09-22,16:30,T03,Rahma Halim,1,Booking,Completed
RS1151,2026-09-22,17:00,T05,Sinta Santika,2,Booking,Completed
RS1152,2026-09-22,17:00,T10,Bayu Simanjuntak,4,Booking,Completed
RS1153,2026-09-22,17:27,T08,Fitri Gunawan,3,Walk-in,Completed
RS1154,2026-09-22,17:39,T02,Ika Wibowo,2,Walk-in,Completed
RS1155,2026-09-22,17:45,T17,Imam Chandra,6,Walk-in,Completed
RS1156,2026-09-22,18:16,T14,Hendri Nugroho,4,Walk-in,Completed
RS1157,2026-09-22,18:16,T28,Daniel Suryadi,8,Walk-in,Completed
RS1158,2026-09-22,18:20,T01,Candra Maharani,1,Walk-in,Completed
RS1159,2026-09-22,18:25,T20,Agus Simanjuntak,4,Walk-in,Completed
RS1160,2026-09-22,18:30,T09,Fajar Wibowo,4,Booking,Completed
RS1161,2026-09-22,18:30,T28,Maya Halim,6,Booking,Cancelled
RS1162,2026-09-22,18:32,T18,Daniel Firmansyah,6,Walk-in,Completed
RS1163,2026-09-22,18:33,T04,Budi Lestari,2,Walk-in,Completed
RS1164,2026-09-22,19:10,T10,Mega Halim,4,Walk-in,Completed
RS1165,2026-09-22,19:22,T24,Tari Simanjuntak,6,Walk-in,Completed
RS1166,2026-09-22,19:26,T13,Fajar Chandra,3,Walk-in,Completed
RS1167,2026-09-22,19:30,T10,Siska Halim,1,Booking,Cancelled
RS1168,2026-09-22,19:45,T12,Teguh Purnomo,4,Walk-in,Completed
RS1169,2026-09-22,19:54,T06,Dian Rahardjo,4,Walk-in,Completed
RS1170,2026-09-22,20:07,T05,Stefani Halim,2,Walk-in,Completed
RS1171,2026-09-23,11:00,T15,Surya Santoso,4,Booking,Completed
RS1172,2026-09-23,12:00,T04,Agus Wibowo,2,Booking,Completed
RS1173,2026-09-23,12:07,T29,Rahma Wibowo,9,Walk-in,Completed
RS1174,2026-09-23,12:08,T13,Yoga Tan,3,Walk-in,Completed
RS1175,2026-09-23,12:17,T01,Agus Lim,1,Walk-in,Completed
RS1176,2026-09-23,12:22,T20,Linda Halim,3,Walk-in,Completed
RS1177,2026-09-23,12:25,T03,Anisa Santoso,2,Walk-in,Completed
RS1178,2026-09-23,12:32,T18,Rahma Santoso,5,Walk-in,Completed
RS1179,2026-09-23,12:45,T02,Anisa Purnomo,1,Walk-in,Completed
RS1180,2026-09-23,12:49,T25,Reza Wibowo,5,Walk-in,Completed
RS1181,2026-09-23,13:00,T10,Michael Salim,3,Booking,Completed
RS1182,2026-09-23,13:35,T05,Andi Gunawan,2,Walk-in,Completed
RS1183,2026-09-23,13:46,T09,Novi Simanjuntak,4,Walk-in,Completed
RS1184,2026-09-23,14:09,T04,Budi Rahardjo,2,Walk-in,Completed
RS1185,2026-09-23,15:14,T23,Clarissa Kurniawan,5,Walk-in,Completed
RS1186,2026-09-23,15:43,T16,Jessica Kusuma,3,Walk-in,Completed
RS1187,2026-09-23,16:00,T21,Samuel Maharani,3,Booking,Completed
RS1188,2026-09-23,16:29,T20,Bagas Utomo,3,Walk-in,Completed
RS1189,2026-09-23,16:30,T25,Maya Hartono,5,Booking,Completed
RS1190,2026-09-23,16:32,T13,Fitri Lim,4,Walk-in,Completed
RS1191,2026-09-23,16:37,T09,Surya Pratama,3,Walk-in,Completed
RS1192,2026-09-23,17:25,T03,Sinta Permana,2,Walk-in,Completed
RS1193,2026-09-23,17:26,T06,Galih Hartono,4,Walk-in,Completed
RS1194,2026-09-23,18:00,T28,Rina Saputra,8,Booking,Completed
RS1195,2026-09-23,18:03,T21,Linda Permana,3,Walk-in,Completed
RS1196,2026-09-23,18:04,T02,Yoga Maharani,2,Walk-in,Completed
RS1197,2026-09-23,18:30,T12,Melati Utomo,3,Walk-in,Completed
RS1198,2026-09-23,18:54,T17,Mega Halim,6,Walk-in,Completed
RS1199,2026-09-23,19:00,T08,Putri Wibowo,2,Booking,Cancelled
RS1200,2026-09-23,19:00,T22,Joko Widjaja,3,Booking,Completed
RS1201,2026-09-23,19:00,T27,Agus Saputra,8,Booking,Cancelled
RS1202,2026-09-23,19:08,T15,Tania Permana,4,Walk-in,Completed
RS1203,2026-09-23,19:09,T25,Intan Santoso,6,Walk-in,Completed
RS1204,2026-09-23,19:28,T09,Laras Pratama,4,Walk-in,Completed
RS1205,2026-09-23,19:30,T23,Novi Wijaya,6,Booking,Completed
RS1206,2026-09-23,19:33,T04,Hendri Wardana,2,Walk-in,Completed
RS1207,2026-09-23,19:38,T06,Rizky Widjaja,3,Walk-in,Completed
RS1208,2026-09-23,19:48,T19,Arif Pratama,4,Walk-in,Completed
RS1209,2026-09-23,20:00,T21,Ayu Simanjuntak,3,Booking,Completed
RS1210,2026-09-23,20:24,T11,Bayu Simanjuntak,4,Walk-in,Completed
RS1211,2026-09-23,20:25,T20,Hendra Purnomo,4,Walk-in,Completed
RS1212,2026-09-23,20:30,T17,Michael Kusuma,5,Booking,Completed
RS1213,2026-09-24,11:00,T27,Fitri Handoko,8,Booking,Completed
RS1214,2026-09-24,11:02,T12,Daniel Gunawan,3,Walk-in,Completed
RS1215,2026-09-24,12:25,T15,Reza Lim,3,Walk-in,Completed
RS1216,2026-09-24,12:25,T17,Eko Wardana,5,Walk-in,Completed
RS1217,2026-09-24,12:28,T03,Faisal Firmansyah,2,Walk-in,Completed
RS1218,2026-09-24,12:30,T24,Budi Santoso,5,Walk-in,Completed
RS1219,2026-09-24,12:35,T26,Linda Suryadi,5,Walk-in,Completed
RS1220,2026-09-24,12:42,T05,Nia Widjaja,2,Walk-in,Completed
RS1221,2026-09-24,12:57,T01,Maya Utomo,2,Walk-in,Completed
RS1222,2026-09-24,12:57,T18,Bayu Handoko,5,Walk-in,Completed
RS1223,2026-09-24,13:04,T02,Agus Salim,1,Walk-in,Completed
RS1224,2026-09-24,13:16,T22,Jessica Handoko,2,Walk-in,Completed
RS1225,2026-09-24,13:25,T28,Ika Setiawan,7,Walk-in,Completed
RS1226,2026-09-24,13:30,T04,Grace Permana,1,Booking,Completed
RS1227,2026-09-24,13:32,T14,Tono Susanto,4,Walk-in,Completed
RS1228,2026-09-24,13:54,T23,Eko Utomo,6,Walk-in,Completed
RS1229,2026-09-24,14:00,T08,Rahma Purnomo,4,Booking,Cancelled
RS1230,2026-09-24,14:12,T05,Hendra Santoso,2,Walk-in,Completed
RS1231,2026-09-24,14:14,T27,Surya Rahardjo,8,Walk-in,Completed
RS1232,2026-09-24,15:00,T17,Citra Saputra,6,Booking,Completed
RS1233,2026-09-24,15:41,T16,Samuel Handoko,4,Walk-in,Completed
RS1234,2026-09-24,15:51,T22,Joko Gunawan,3,Walk-in,Completed
RS1235,2026-09-24,15:52,T01,Tania Utomo,2,Walk-in,Completed
RS1236,2026-09-24,16:33,T06,Faisal Lestari,3,Walk-in,Completed
RS1237,2026-09-24,16:39,T03,Intan Firmansyah,1,Walk-in,Completed
RS1238,2026-09-24,17:00,T11,Bayu Lim,4,Booking,Completed
RS1239,2026-09-24,17:30,T16,Hendra Utomo,4,Booking,Completed
RS1240,2026-09-24,17:30,T17,Dimas Halim,5,Booking,Completed
RS1241,2026-09-24,17:34,T02,Dimas Budiman,2,Walk-in,Completed
RS1242,2026-09-24,17:42,T23,Ika Siregar,6,Walk-in,Completed
RS1243,2026-09-24,18:06,T01,Wahyu Maharani,2,Walk-in,Completed
RS1244,2026-09-24,18:11,T04,Fitri Purnomo,2,Walk-in,Completed
RS1245,2026-09-24,18:15,T25,Albert Pratama,5,Walk-in,Completed
RS1246,2026-09-24,18:19,T18,Bagas Nugroho,6,Walk-in,Completed
RS1247,2026-09-24,18:30,T24,Rahma Rahardjo,6,Booking,No-show
RS1248,2026-09-24,18:36,T09,Anisa Lim,3,Walk-in,Completed
RS1249,2026-09-24,18:41,T05,Maya Pratama,2,Walk-in,Completed
RS1250,2026-09-24,18:47,T20,Jessica Tan,4,Walk-in,Completed
RS1251,2026-09-24,18:51,T07,Stefani Handoko,4,Walk-in,Completed
RS1252,2026-09-24,19:00,T08,Kevin Hartono,3,Booking,Completed
RS1253,2026-09-24,19:00,T14,Fitri Suryadi,4,Booking,Completed
RS1254,2026-09-24,19:01,T24,Grace Kurniawan,5,Walk-in,Completed
RS1255,2026-09-24,19:19,T26,Wulan Santika,5,Walk-in,Completed
RS1256,2026-09-24,19:26,T06,Teguh Salim,4,Walk-in,Completed
RS1257,2026-09-24,19:56,T17,Sinta Saputra,5,Walk-in,Completed
RS1258,2026-09-24,20:30,T25,Michael Putra,5,Booking,Completed
RS1259,2026-09-25,11:00,T05,Galih Utomo,2,Booking,No-show
RS1260,2026-09-25,11:00,T08,Maya Chandra,4,Booking,Completed
RS1261,2026-09-25,11:01,T13,Laras Halim,3,Walk-in,Completed
RS1262,2026-09-25,11:30,T01,Andi Wibowo,2,Booking,Completed
RS1263,2026-09-25,11:30,T16,Citra Permana,4,Booking,Completed
RS1264,2026-09-25,11:30,T27,Siska Chandra,8,Walk-in,Completed
RS1265,2026-09-25,11:55,T04,Bayu Tan,2,Walk-in,Completed
RS1266,2026-09-25,12:00,T22,Dewi Putra,3,Booking,Completed
RS1267,2026-09-25,12:11,T02,Fajar Permana,1,Walk-in,Completed
RS1268,2026-09-25,12:24,T10,Bayu Firmansyah,3,Walk-in,Completed
RS1269,2026-09-25,12:30,T03,Bagas Kurniawan,2,Booking,Completed
RS1270,2026-09-25,12:44,T05,Rahma Utomo,2,Walk-in,Completed
RS1271,2026-09-25,12:50,T08,Ratna Siregar,3,Walk-in,Completed
RS1272,2026-09-25,12:59,T12,Linda Rahardjo,4,Walk-in,Completed
RS1273,2026-09-25,12:59,T28,Siska Santoso,8,Walk-in,Completed
RS1274,2026-09-25,13:30,T18,Fajar Firmansyah,6,Booking,Completed
RS1275,2026-09-25,13:39,T24,Daniel Lim,5,Walk-in,Completed
RS1276,2026-09-25,13:59,T25,Doni Ramadhan,5,Walk-in,Completed
RS1277,2026-09-25,14:00,T23,Imam Permana,5,Booking,Completed
RS1278,2026-09-25,14:56,T17,Intan Gunawan,5,Walk-in,Completed
RS1279,2026-09-25,15:00,T28,Novi Pratama,8,Booking,Completed
RS1280,2026-09-25,16:00,T05,Bayu Widjaja,2,Booking,Completed
RS1281,2026-09-25,16:02,T16,Maya Utomo,2,Walk-in,Completed
RS1282,2026-09-25,16:21,T26,Wahyu Handoko,6,Walk-in,Completed
RS1283,2026-09-25,16:30,T11,Yuni Tan,4,Booking,Completed
RS1284,2026-09-25,16:32,T15,Dewi Santoso,2,Walk-in,Completed
RS1285,2026-09-25,16:33,T10,Olivia Santoso,3,Walk-in,Completed
RS1286,2026-09-25,16:53,T14,Anisa Kurniawan,4,Walk-in,Completed
RS1287,2026-09-25,17:00,T01,Nia Santika,2,Booking,Completed
RS1288,2026-09-25,17:00,T03,Daniel Kurniawan,2,Booking,Completed
RS1289,2026-09-25,17:00,T04,Vina Suryadi,2,Booking,Completed
RS1290,2026-09-25,17:27,T22,Fitri Tan,3,Walk-in,Completed
RS1291,2026-09-25,17:30,T02,Maya Saputra,2,Booking,Completed
RS1292,2026-09-25,17:30,T06,Reza Tan,4,Booking,Completed
RS1293,2026-09-25,17:30,T25,Yoga Suryadi,6,Booking,Completed
RS1294,2026-09-25,17:37,T07,Doni Wijaya,2,Walk-in,Completed
RS1295,2026-09-25,17:47,T21,Michael Pratama,2,Walk-in,Completed
RS1296,2026-09-25,18:00,T09,Hadi Permana,4,Booking,Completed
RS1297,2026-09-25,18:00,T15,Fitri Ramadhan,3,Booking,Completed
RS1298,2026-09-25,18:00,T20,Dewi Rahardjo,3,Booking,Completed
RS1299,2026-09-25,18:01,T19,Tono Handoko,4,Walk-in,Completed
RS1300,2026-09-25,18:06,T12,Rina Chandra,2,Walk-in,Completed
RS1301,2026-09-25,18:07,T10,Arif Purnomo,2,Walk-in,Completed
RS1302,2026-09-25,18:13,T24,Candra Lestari,4,Walk-in,Completed
RS1303,2026-09-25,18:14,T07,Citra Permana,1,Walk-in,Completed
RS1304,2026-09-25,18:28,T18,Dimas Santika,4,Walk-in,Completed
RS1305,2026-09-25,18:30,T05,Samuel Wardana,2,Booking,Completed
RS1306,2026-09-25,18:30,T13,Lestari Tan,4,Booking,Completed
RS1307,2026-09-25,18:30,T23,Eko Widjaja,6,Booking,Completed
RS1308,2026-09-25,18:38,T22,Rina Simanjuntak,2,Walk-in,Completed
RS1309,2026-09-25,18:42,T17,Yuni Siregar,4,Walk-in,Completed
RS1310,2026-09-25,18:44,T06,Agus Ramadhan,4,Walk-in,Completed
RS1311,2026-09-25,18:56,T14,Melati Salim,2,Walk-in,Completed
RS1312,2026-09-25,19:00,T01,Michael Firmansyah,2,Booking,Completed
RS1313,2026-09-25,19:00,T04,Stefani Purnomo,2,Booking,Completed
RS1314,2026-09-25,19:00,T08,Lestari Purnomo,3,Booking,Completed
RS1315,2026-09-25,19:00,T16,Grace Widjaja,4,Booking,Completed
RS1316,2026-09-25,19:00,T26,Putri Siregar,5,Booking,No-show
RS1317,2026-09-25,19:02,T29,Melati Permana,9,Walk-in,Completed
RS1318,2026-09-25,19:07,T12,Reza Hartono,3,Walk-in,Completed
RS1319,2026-09-25,19:15,T19,Imam Chandra,3,Walk-in,Completed
RS1320,2026-09-25,19:17,T03,Stefani Saputra,2,Walk-in,Completed
RS1321,2026-09-25,19:30,T11,Wahyu Maharani,4,Booking,Completed
RS1322,2026-09-25,19:30,T25,Jessica Wardana,4,Booking,Cancelled
RS1323,2026-09-25,19:30,T26,Candra Pratama,5,Walk-in,Completed
RS1324,2026-09-26,11:00,T02,Tania Kusuma,2,Booking,Completed
RS1325,2026-09-26,11:14,T21,Rizky Salim,3,Walk-in,Completed
RS1326,2026-09-26,11:19,T26,Fitri Wibowo,5,Walk-in,Completed
RS1327,2026-09-26,11:30,T27,Linda Susanto,6,Booking,Cancelled
RS1328,2026-09-26,11:41,T22,Budi Wardana,3,Walk-in,Completed
RS1329,2026-09-26,11:53,T19,Joko Kurniawan,2,Walk-in,Completed
RS1330,2026-09-26,12:00,T01,Andi Widjaja,2,Booking,Completed
RS1331,2026-09-26,12:00,T04,Surya Siregar,2,Booking,Completed
RS1332,2026-09-26,12:00,T23,Sinta Lim,6,Booking,Completed
RS1333,2026-09-26,12:00,T28,Olivia Hidayat,8,Booking,Completed
RS1334,2026-09-26,12:00,T29,Imam Purnomo,10,Booking,Cancelled
RS1335,2026-09-26,12:26,T09,Melati Handoko,3,Walk-in,Completed
RS1336,2026-09-26,12:27,T06,Andi Kurniawan,1,Walk-in,Completed
RS1337,2026-09-26,12:30,T02,Albert Pratama,2,Booking,Completed
RS1338,2026-09-26,12:30,T08,Nia Hidayat,4,Booking,Completed
RS1339,2026-09-26,12:30,T10,Siska Tan,4,Booking,Completed
RS1340,2026-09-26,12:30,T16,Clarissa Handoko,4,Booking,Completed
RS1341,2026-09-26,12:30,T27,Hadi Santika,7,Booking,Completed
RS1342,2026-09-26,12:38,T25,Yoga Nugroho,6,Walk-in,Completed
RS1343,2026-09-26,12:47,T13,Sinta Simanjuntak,4,Walk-in,Completed
RS1344,2026-09-26,12:47,T21,Fitri Salim,4,Walk-in,Completed
RS1345,2026-09-26,13:00,T07,Ika Nugroho,4,Booking,Completed
RS1346,2026-09-26,13:00,T27,Sinta Simanjuntak,8,Booking,Cancelled
RS1347,2026-09-26,13:00,T29,Fitri Susanto,10,Booking,Completed
RS1348,2026-09-26,13:07,T20,Teguh Gunawan,4,Walk-in,Completed
RS1349,2026-09-26,13:22,T11,Maya Halim,3,Walk-in,Completed
RS1350,2026-09-26,13:22,T18,Novi Purnomo,6,Walk-in,Completed
RS1351,2026-09-26,13:30,T03,Stefani Budiman,2,Booking,Completed
RS1352,2026-09-26,13:30,T05,Clarissa Tan,2,Booking,Completed
RS1353,2026-09-26,13:30,T14,Doni Saputra,4,Booking,No-show
RS1354,2026-09-26,13:30,T15,Galih Wijaya,2,Booking,Completed
RS1355,2026-09-26,13:48,T12,Doni Santika,4,Walk-in,Completed
RS1356,2026-09-26,14:00,T01,Siska Santika,1,Booking,Completed
RS1357,2026-09-26,14:00,T17,Surya Santika,6,Booking,No-show
RS1358,2026-09-26,14:11,T30,Bagas Kurniawan,10,Walk-in,Completed
RS1359,2026-09-26,14:30,T16,Eko Santika,2,Booking,Cancelled
RS1360,2026-09-26,14:30,T27,Melati Kurniawan,7,Booking,Completed
RS1361,2026-09-26,14:48,T09,Tono Pratama,2,Walk-in,Completed
RS1362,2026-09-26,15:00,T04,Intan Budiman,2,Booking,Completed
RS1363,2026-09-26,15:10,T08,Melati Nugroho,4,Walk-in,Completed
RS1364,2026-09-26,15:22,T02,Linda Purnomo,2,Walk-in,Completed
RS1365,2026-09-26,16:00,T16,Eko Chandra,3,Booking,Completed
RS1366,2026-09-26,16:21,T18,Tono Wibowo,6,Walk-in,Completed
RS1367,2026-09-26,16:30,T17,Laras Santika,5,Booking,Completed
RS1368,2026-09-26,16:31,T11,Laras Santika,3,Walk-in,Completed
RS1369,2026-09-26,16:33,T05,Melati Budiman,2,Walk-in,Completed
RS1370,2026-09-26,17:00,T07,Reza Wijaya,4,Booking,Completed
RS1371,2026-09-26,17:00,T20,Candra Suryadi,3,Booking,Completed
RS1372,2026-09-26,17:00,T21,Kevin Suryadi,4,Booking,Completed
RS1373,2026-09-26,17:00,T30,Grace Wijaya,12,Booking,Completed
RS1374,2026-09-26,17:02,T14,Grace Chandra,3,Walk-in,Completed
RS1375,2026-09-26,17:15,T02,Linda Gunawan,2,Walk-in,Completed
RS1376,2026-09-26,17:23,T08,Putri Susanto,2,Walk-in,Completed
RS1377,2026-09-26,17:30,T06,Laras Widjaja,4,Booking,Completed
RS1378,2026-09-26,17:30,T12,Rina Rahardjo,4,Booking,No-show
RS1379,2026-09-26,17:30,T13,Surya Handoko,3,Booking,Completed
RS1380,2026-09-26,17:30,T15,Melati Hartono,1,Booking,Cancelled
RS1381,2026-09-26,17:30,T15,Mega Simanjuntak,3,Booking,Completed
RS1382,2026-09-26,17:30,T19,Tono Salim,4,Booking,Completed
RS1383,2026-09-26,17:39,T16,Sinta Purnomo,2,Walk-in,Completed
RS1384,2026-09-26,17:47,T12,Reza Nugroho,3,Walk-in,Completed
RS1385,2026-09-26,18:00,T04,Maya Kusuma,1,Booking,Completed
RS1386,2026-09-26,18:00,T22,Melati Hartono,4,Booking,Completed
RS1387,2026-09-26,18:04,T14,Reza Wibowo,2,Walk-in,Completed
RS1388,2026-09-26,18:22,T26,Linda Santoso,5,Walk-in,Completed
RS1389,2026-09-26,18:30,T05,Fitri Utomo,2,Booking,Completed
RS1390,2026-09-26,18:30,T09,Tania Halim,3,Booking,Completed
RS1391,2026-09-26,18:30,T10,Doni Santika,4,Booking,Completed
RS1392,2026-09-26,18:30,T25,Michael Saputra,6,Booking,Completed
RS1393,2026-09-26,18:37,T20,Tono Ramadhan,3,Walk-in,Completed
RS1394,2026-09-26,18:38,T23,Hendri Wibowo,6,Walk-in,Completed
RS1395,2026-09-26,18:41,T18,Arif Susanto,4,Walk-in,Completed
RS1396,2026-09-26,18:44,T06,Teguh Setiawan,2,Walk-in,Completed
RS1397,2026-09-26,18:48,T19,Novi Suryadi,1,Walk-in,Completed
RS1398,2026-09-26,18:52,T12,Samuel Nugroho,3,Walk-in,Completed
RS1399,2026-09-26,19:00,T03,Doni Permana,1,Booking,Completed
RS1400,2026-09-26,19:00,T07,Dimas Saputra,4,Booking,Completed
RS1401,2026-09-26,19:00,T21,Dimas Santoso,3,Booking,Completed
RS1402,2026-09-26,19:00,T24,Mega Handoko,5,Booking,Completed
RS1403,2026-09-26,19:04,T15,Jessica Chandra,2,Walk-in,Completed
RS1404,2026-09-26,19:12,T17,Galih Rahardjo,6,Walk-in,Completed
RS1405,2026-09-26,19:15,T27,Fajar Simanjuntak,6,Walk-in,Completed
RS1406,2026-09-26,19:29,T25,Hadi Lim,5,Walk-in,Completed
RS1407,2026-09-26,19:30,T01,Fajar Wijaya,2,Booking,Completed
RS1408,2026-09-26,19:30,T04,Eko Ramadhan,2,Booking,Completed
RS1409,2026-09-26,19:30,T11,Tono Hidayat,3,Booking,Completed
RS1410,2026-09-26,19:30,T29,Olivia Saputra,9,Booking,Completed
RS1411,2026-09-26,19:35,T08,Tono Hidayat,3,Walk-in,Completed
RS1412,2026-09-26,19:53,T13,Samuel Suryadi,3,Walk-in,Completed
RS1413,2026-09-26,20:00,T16,Joko Wijaya,4,Booking,Completed
RS1414,2026-09-26,20:06,T05,Hendra Lim,2,Walk-in,Completed
RS1415,2026-09-26,20:22,T26,Tari Purnomo,6,Walk-in,Completed
RS1416,2026-09-26,20:25,T02,Siska Wijaya,2,Walk-in,Completed
RS1417,2026-09-26,20:30,T18,Intan Halim,6,Booking,Completed
RS1418,2026-09-27,11:00,T02,Dewi Kurniawan,2,Booking,Completed
RS1419,2026-09-27,11:00,T22,Jessica Ramadhan,3,Booking,Completed
RS1420,2026-09-27,11:20,T06,Siska Utomo,4,Walk-in,Completed
RS1421,2026-09-27,11:24,T15,Budi Maharani,3,Walk-in,Completed
RS1422,2026-09-27,11:30,T03,Lestari Wardana,2,Booking,Completed
RS1423,2026-09-27,11:30,T04,Fajar Tan,1,Booking,Completed
RS1424,2026-09-27,11:30,T08,Nia Santika,3,Booking,Completed
RS1425,2026-09-27,11:30,T17,Candra Tan,6,Booking,Completed
RS1426,2026-09-27,11:37,T10,Ika Hidayat,2,Walk-in,Completed
RS1427,2026-09-27,11:42,T14,Kevin Kusuma,4,Walk-in,Completed
RS1428,2026-09-27,11:48,T20,Laras Setiawan,4,Walk-in,Completed
RS1429,2026-09-27,12:00,T05,Rahma Hartono,2,Booking,Completed
RS1430,2026-09-27,12:00,T12,Dimas Ramadhan,4,Booking,Completed
RS1431,2026-09-27,12:00,T13,Hendra Purnomo,4,Booking,Completed
RS1432,2026-09-27,12:00,T16,Fitri Santika,2,Walk-in,Completed
RS1433,2026-09-27,12:00,T19,Daniel Santoso,4,Booking,Completed
RS1434,2026-09-27,12:06,T29,Intan Siregar,9,Walk-in,Completed
RS1435,2026-09-27,12:10,T24,Samuel Tan,6,Walk-in,Completed
RS1436,2026-09-27,12:12,T07,Ika Permana,2,Walk-in,Completed
RS1437,2026-09-27,12:24,T23,Tono Susanto,4,Walk-in,Completed
RS1438,2026-09-27,12:30,T01,Rudi Wardana,2,Booking,Completed
RS1439,2026-09-27,12:30,T09,Hadi Kusuma,4,Booking,Completed
RS1440,2026-09-27,12:30,T11,Wulan Siregar,4,Booking,Completed
RS1441,2026-09-27,12:30,T21,Surya Rahardjo,3,Booking,Completed
RS1442,2026-09-27,12:31,T06,Stefani Setiawan,3,Walk-in,Completed
RS1443,2026-09-27,12:48,T14,Albert Santika,3,Walk-in,Completed
RS1444,2026-09-27,12:48,T15,Agus Kurniawan,3,Walk-in,Completed
RS1445,2026-09-27,12:49,T30,Budi Utomo,10,Walk-in,Completed
RS1446,2026-09-27,13:00,T05,Tania Salim,2,Walk-in,Completed
RS1447,2026-09-27,13:00,T12,Doni Pratama,2,Walk-in,Completed
RS1448,2026-09-27,13:00,T16,Hendra Budiman,4,Booking,Cancelled
RS1449,2026-09-27,13:02,T13,Rina Setiawan,2,Walk-in,Completed
RS1450,2026-09-27,13:08,T18,Novi Chandra,6,Walk-in,Completed
RS1451,2026-09-27,13:24,T25,Andi Salim,5,Walk-in,Completed
RS1452,2026-09-27,13:30,T04,Stefani Kusuma,2,Booking,Completed
RS1453,2026-09-27,13:30,T08,Eko Wijaya,3,Booking,Completed
RS1454,2026-09-27,13:30,T22,Ratna Ramadhan,2,Booking,No-show
RS1455,2026-09-27,13:30,T27,Andi Wardana,8,Booking,Completed
RS1456,2026-09-27,13:34,T26,Vina Hartono,4,Walk-in,Completed
RS1457,2026-09-27,13:35,T20,Dimas Wibowo,4,Walk-in,Completed
RS1458,2026-09-27,13:50,T28,Reza Setiawan,8,Walk-in,Completed
RS1459,2026-09-27,13:54,T19,Wahyu Wibowo,3,Walk-in,Completed
RS1460,2026-09-27,13:56,T22,Anisa Purnomo,4,Walk-in,Completed
RS1461,2026-09-27,14:02,T09,Teguh Halim,4,Walk-in,Completed
RS1462,2026-09-27,14:20,T24,Surya Lim,6,Walk-in,Completed
RS1463,2026-09-27,14:25,T21,Michael Chandra,3,Walk-in,Completed
RS1464,2026-09-27,15:00,T17,Michael Wardana,5,Booking,Completed
RS1465,2026-09-27,15:01,T02,Ayu Wijaya,2,Walk-in,Completed
RS1466,2026-09-27,15:30,T13,Ika Wijaya,4,Booking,Completed
RS1467,2026-09-27,15:56,T19,Dimas Setiawan,4,Walk-in,Completed
RS1468,2026-09-27,16:00,T10,Wahyu Santika,4,Booking,Completed
RS1469,2026-09-27,16:00,T13,Ika Kurniawan,3,Booking,Cancelled
RS1470,2026-09-27,16:30,T05,Tania Halim,2,Booking,Completed
RS1471,2026-09-27,16:30,T14,Surya Widjaja,2,Walk-in,Completed
RS1472,2026-09-27,16:30,T23,Vina Tan,6,Booking,Completed
RS1473,2026-09-27,16:32,T28,Agus Hartono,7,Walk-in,Completed
RS1474,2026-09-27,16:41,T20,Novi Ramadhan,3,Walk-in,Completed
RS1475,2026-09-27,16:46,T11,Budi Handoko,3,Walk-in,Completed
RS1476,2026-09-27,17:00,T22,Hendri Susanto,4,Booking,No-show
RS1477,2026-09-27,17:08,T04,Yuni Siregar,2,Walk-in,Completed
RS1478,2026-09-27,17:18,T12,Grace Susanto,2,Walk-in,Completed
RS1479,2026-09-27,17:30,T01,Fajar Budiman,2,Booking,Completed
RS1480,2026-09-27,17:30,T03,Reza Simanjuntak,2,Booking,No-show
RS1481,2026-09-27,17:30,T09,Putri Santoso,3,Booking,Cancelled
RS1482,2026-09-27,17:30,T19,Teguh Pratama,4,Booking,Cancelled
RS1483,2026-09-27,17:30,T25,Wahyu Gunawan,5,Booking,Completed
RS1484,2026-09-27,17:30,T26,Michael Wijaya,5,Booking,Completed
RS1485,2026-09-27,17:42,T06,Yoga Susanto,2,Walk-in,Completed
RS1486,2026-09-27,17:47,T10,Dimas Kusuma,2,Walk-in,Completed
RS1487,2026-09-27,17:52,T21,Vina Halim,3,Walk-in,Completed
RS1488,2026-09-27,17:54,T05,Hendri Purnomo,2,Walk-in,Completed
RS1489,2026-09-27,18:00,T02,Dian Rahardjo,2,Booking,Completed
RS1490,2026-09-27,18:00,T13,Bayu Tan,3,Booking,Completed
RS1491,2026-09-27,18:00,T18,Eko Suryadi,5,Booking,Completed
RS1492,2026-09-27,18:00,T19,Kevin Siregar,3,Booking,Cancelled
RS1493,2026-09-27,18:00,T27,Vina Halim,7,Booking,Completed
RS1494,2026-09-27,18:00,T29,Surya Rahardjo,9,Booking,Completed
RS1495,2026-09-27,18:09,T09,Rudi Wardana,3,Walk-in,Completed
RS1496,2026-09-27,18:30,T06,Tono Putra,3,Booking,Cancelled
RS1497,2026-09-27,18:30,T08,Albert Santoso,4,Booking,Completed
RS1498,2026-09-27,18:30,T18,Agus Halim,6,Booking,Cancelled
RS1499,2026-09-27,18:30,T19,Budi Lim,3,Booking,Completed
RS1500,2026-09-27,18:30,T24,Kevin Setiawan,5,Booking,Completed
RS1501,2026-09-27,18:37,T16,Joko Wibowo,2,Walk-in,Completed
RS1502,2026-09-27,18:41,T07,Ika Maharani,4,Walk-in,Completed
RS1503,2026-09-27,18:44,T17,Eko Purnomo,5,Walk-in,Completed
RS1504,2026-09-27,18:51,T23,Anisa Wijaya,6,Walk-in,Completed
RS1505,2026-09-27,18:53,T11,Hadi Saputra,3,Walk-in,Completed
RS1506,2026-09-27,19:08,T04,Tania Setiawan,2,Walk-in,Completed
RS1507,2026-09-27,19:23,T28,Samuel Permana,8,Walk-in,Completed
RS1508,2026-09-27,19:30,T03,Dimas Maharani,2,Booking,Completed
RS1509,2026-09-27,19:36,T26,Yoga Santoso,5,Walk-in,Completed
RS1510,2026-09-27,19:57,T13,Maya Tan,4,Walk-in,Completed
RS1511,2026-09-27,20:00,T21,Linda Salim,3,Booking,Completed
RS1512,2026-09-27,20:30,T17,Reza Kusuma,6,Booking,Completed
RS1513,2026-09-28,11:00,T14,Yoga Siregar,4,Booking,Completed
RS1514,2026-09-28,11:04,T19,Surya Salim,3,Walk-in,Completed
RS1515,2026-09-28,11:39,T20,Budi Gunawan,3,Walk-in,Completed
RS1516,2026-09-28,12:00,T02,Clarissa Lim,2,Booking,Completed
RS1517,2026-09-28,12:00,T03,Yoga Siregar,2,Booking,Completed
RS1518,2026-09-28,12:00,T28,Ayu Gunawan,7,Booking,Completed
RS1519,2026-09-28,12:12,T01,Grace Chandra,2,Walk-in,Completed
RS1520,2026-09-28,12:21,T29,Andi Firmansyah,8,Walk-in,Completed
RS1521,2026-09-28,12:30,T27,Tari Permana,7,Booking,Completed
RS1522,2026-09-28,12:32,T18,Laras Handoko,6,Walk-in,Completed
RS1523,2026-09-28,12:48,T26,Lestari Santika,5,Walk-in,Completed
RS1524,2026-09-28,12:55,T04,Melati Saputra,2,Walk-in,Completed
RS1525,2026-09-28,13:00,T23,Laras Ramadhan,6,Booking,Completed
RS1526,2026-09-28,13:04,T22,Jessica Salim,3,Walk-in,Completed
RS1527,2026-09-28,13:07,T13,Rahma Maharani,3,Walk-in,Completed
RS1528,2026-09-28,13:15,T24,Doni Tan,5,Walk-in,Completed
RS1529,2026-09-28,13:29,T06,Tono Wijaya,4,Walk-in,Completed
RS1530,2026-09-28,13:53,T02,Olivia Hidayat,2,Walk-in,Completed
RS1531,2026-09-28,14:30,T28,Daniel Simanjuntak,8,Booking,Completed
RS1532,2026-09-28,15:18,T03,Jessica Tan,2,Walk-in,Completed
RS1533,2026-09-28,16:00,T01,Michael Santika,2,Booking,Completed
RS1534,2026-09-28,16:00,T23,Mega Setiawan,5,Booking,Completed
RS1535,2026-09-28,16:05,T05,Hendra Firmansyah,2,Walk-in,Completed
RS1536,2026-09-28,16:08,T18,Daniel Salim,5,Walk-in,Completed
RS1537,2026-09-28,16:28,T27,Arif Hidayat,7,Walk-in,Completed
RS1538,2026-09-28,17:00,T13,Wahyu Maharani,4,Booking,Completed
RS1539,2026-09-28,17:30,T02,Bayu Simanjuntak,2,Booking,Completed
RS1540,2026-09-28,17:30,T03,Novi Setiawan,2,Booking,Completed
RS1541,2026-09-28,18:00,T05,Dian Gunawan,2,Booking,Completed
RS1542,2026-09-28,18:14,T10,Nia Handoko,3,Walk-in,Completed
RS1543,2026-09-28,18:20,T04,Andi Siregar,2,Walk-in,Completed
RS1544,2026-09-28,18:30,T01,Reza Widjaja,1,Booking,Completed
RS1545,2026-09-28,18:30,T25,Anisa Wardana,6,Booking,Completed
RS1546,2026-09-28,18:34,T30,Novi Lim,12,Walk-in,Completed
RS1547,2026-09-28,18:36,T11,Hadi Hartono,1,Walk-in,Completed
RS1548,2026-09-28,18:37,T07,Putri Maharani,3,Walk-in,Completed
RS1549,2026-09-28,18:40,T08,Hadi Chandra,4,Walk-in,Completed
RS1550,2026-09-28,19:00,T10,Linda Putra,4,Booking,Cancelled
RS1551,2026-09-28,19:30,T22,Samuel Halim,3,Booking,No-show
RS1552,2026-09-28,19:45,T23,Putri Kusuma,5,Walk-in,Completed
RS1553,2026-09-28,20:27,T25,Tania Rahardjo,5,Walk-in,Completed
RS1554,2026-09-29,11:29,T24,Maya Wardana,5,Walk-in,Completed
RS1555,2026-09-29,11:34,T18,Intan Halim,5,Walk-in,Completed
RS1556,2026-09-29,11:54,T27,Fajar Purnomo,7,Walk-in,Completed
RS1557,2026-09-29,12:24,T05,Linda Gunawan,1,Walk-in,Completed
RS1558,2026-09-29,12:26,T17,Budi Siregar,6,Walk-in,Completed
RS1559,2026-09-29,12:33,T22,Novi Simanjuntak,3,Walk-in,Completed
RS1560,2026-09-29,12:40,T21,Dewi Widjaja,3,Walk-in,Completed
RS1561,2026-09-29,13:00,T24,Tania Purnomo,5,Booking,Cancelled
RS1562,2026-09-29,13:00,T25,Maya Utomo,6,Booking,Completed
RS1563,2026-09-29,13:02,T15,Albert Firmansyah,4,Walk-in,Completed
RS1564,2026-09-29,13:08,T01,Intan Setiawan,2,Walk-in,Completed
RS1565,2026-09-29,13:17,T07,Hadi Hidayat,3,Walk-in,Completed
RS1566,2026-09-29,13:21,T16,Eko Suryadi,4,Walk-in,Completed
RS1567,2026-09-29,13:30,T03,Melati Budiman,1,Booking,Completed
RS1568,2026-09-29,13:32,T27,Daniel Simanjuntak,7,Walk-in,Completed
RS1569,2026-09-29,13:42,T13,Teguh Santika,4,Walk-in,Completed
RS1570,2026-09-29,15:23,T04,Dimas Putra,2,Walk-in,Completed
RS1571,2026-09-29,15:28,T02,Siska Halim,1,Walk-in,Completed
RS1572,2026-09-29,16:03,T01,Imam Handoko,2,Walk-in,Completed
RS1573,2026-09-29,16:49,T12,Budi Chandra,4,Walk-in,Completed
RS1574,2026-09-29,16:59,T27,Hendra Hidayat,7,Walk-in,Completed
RS1575,2026-09-29,17:00,T14,Lestari Wardana,4,Booking,Completed
RS1576,2026-09-29,17:30,T15,Maya Kusuma,4,Booking,Completed
RS1577,2026-09-29,17:55,T10,Wahyu Rahardjo,4,Walk-in,Completed
RS1578,2026-09-29,18:00,T01,Albert Hidayat,2,Booking,Completed
RS1579,2026-09-29,18:00,T08,Wulan Suryadi,3,Booking,Completed
RS1580,2026-09-29,18:06,T17,Dian Wardana,6,Walk-in,Completed
RS1581,2026-09-29,18:20,T28,Candra Utomo,7,Walk-in,Completed
RS1582,2026-09-29,18:32,T04,Olivia Saputra,2,Walk-in,Completed
RS1583,2026-09-29,18:38,T22,Rizky Gunawan,3,Walk-in,Completed
RS1584,2026-09-29,18:39,T16,Reza Santoso,3,Walk-in,Completed
RS1585,2026-09-29,18:40,T26,Sinta Santoso,6,Walk-in,Completed
RS1586,2026-09-29,18:47,T18,Albert Hartono,6,Walk-in,Completed
RS1587,2026-09-29,18:47,T21,Citra Chandra,3,Walk-in,Completed
RS1588,2026-09-29,19:27,T09,Rina Widjaja,3,Walk-in,Completed
RS1589,2026-09-29,19:33,T12,Hendri Simanjuntak,4,Walk-in,Completed
RS1590,2026-09-29,19:37,T29,Rizky Hartono,10,Walk-in,Completed
RS1591,2026-09-29,19:53,T25,Samuel Chandra,6,Walk-in,Completed
RS1592,2026-09-29,19:53,T27,Candra Permana,8,Walk-in,Completed
RS1593,2026-09-30,11:00,T11,Grace Pratama,4,Booking,Completed
RS1594,2026-09-30,11:00,T27,Daniel Lim,8,Booking,Completed
RS1595,2026-09-30,11:47,T13,Yuni Hartono,3,Walk-in,Completed
RS1596,2026-09-30,11:53,T06,Eko Chandra,3,Walk-in,Completed
RS1597,2026-09-30,11:53,T12,Hendra Wijaya,4,Walk-in,Completed
RS1598,2026-09-30,11:57,T01,Eko Wardana,1,Walk-in,Completed
RS1599,2026-09-30,12:14,T22,Kevin Putra,4,Walk-in,Completed
RS1600,2026-09-30,12:15,T17,Ayu Setiawan,6,Walk-in,Completed
RS1601,2026-09-30,12:29,T25,Albert Ramadhan,6,Walk-in,Completed
RS1602,2026-09-30,12:30,T09,Fitri Gunawan,3,Booking,Completed
RS1603,2026-09-30,12:30,T19,Andi Ramadhan,4,Booking,Completed
RS1604,2026-09-30,12:43,T28,Bagas Suryadi,8,Walk-in,Completed
RS1605,2026-09-30,12:55,T26,Michael Siregar,5,Walk-in,Completed
RS1606,2026-09-30,13:00,T04,Joko Wibowo,2,Booking,Completed
RS1607,2026-09-30,13:00,T05,Candra Gunawan,1,Booking,Completed
RS1608,2026-09-30,13:00,T10,Citra Santoso,4,Booking,No-show
RS1609,2026-09-30,13:08,T18,Rudi Setiawan,5,Walk-in,Completed
RS1610,2026-09-30,13:10,T07,Rina Wardana,3,Walk-in,Completed
RS1611,2026-09-30,14:00,T03,Maya Permana,2,Booking,Completed
RS1612,2026-09-30,14:30,T02,Rudi Permana,2,Booking,Completed
RS1613,2026-09-30,14:42,T01,Sinta Putra,2,Walk-in,Completed
RS1614,2026-09-30,14:50,T04,Bagas Handoko,2,Walk-in,Completed
RS1615,2026-09-30,16:00,T15,Anisa Lestari,4,Booking,Completed
RS1616,2026-09-30,16:56,T21,Galih Rahardjo,4,Walk-in,Completed
RS1617,2026-09-30,17:00,T08,Teguh Simanjuntak,4,Booking,Completed
RS1618,2026-09-30,17:00,T11,Putri Ramadhan,4,Booking,Completed
RS1619,2026-09-30,17:02,T02,Clarissa Pratama,2,Walk-in,Completed
RS1620,2026-09-30,17:10,T06,Surya Maharani,3,Walk-in,Completed
RS1621,2026-09-30,17:17,T03,Reza Ramadhan,2,Walk-in,Completed
RS1622,2026-09-30,17:26,T01,Putri Santoso,1,Walk-in,Completed
RS1623,2026-09-30,17:30,T09,Agus Budiman,4,Booking,Completed
RS1624,2026-09-30,17:30,T13,Ika Maharani,3,Booking,Completed
RS1625,2026-09-30,17:30,T18,Yoga Santoso,5,Booking,Completed
RS1626,2026-09-30,17:46,T22,Siska Purnomo,4,Walk-in,Completed
RS1627,2026-09-30,17:53,T20,Novi Lestari,2,Walk-in,Completed
RS1628,2026-09-30,17:55,T07,Hendri Wardana,3,Walk-in,Completed
RS1629,2026-09-30,17:58,T19,Bagas Kurniawan,4,Walk-in,Completed
RS1630,2026-09-30,17:59,T23,Olivia Budiman,5,Walk-in,Completed
RS1631,2026-09-30,18:00,T04,Rizky Lim,2,Booking,Completed
RS1632,2026-09-30,18:24,T10,Grace Santoso,4,Walk-in,Completed
RS1633,2026-09-30,18:27,T15,Joko Hidayat,2,Walk-in,Completed
RS1634,2026-09-30,18:28,T08,Rahma Chandra,3,Walk-in,Completed
RS1635,2026-09-30,18:30,T02,Arif Rahardjo,2,Booking,Completed
RS1636,2026-09-30,18:30,T05,Hendra Wibowo,1,Booking,Completed
RS1637,2026-09-30,18:30,T26,Ayu Permana,6,Booking,Completed
RS1638,2026-09-30,18:31,T14,Samuel Hartono,2,Walk-in,Completed
RS1639,2026-09-30,18:36,T21,Ika Utomo,4,Walk-in,Completed
RS1640,2026-09-30,18:44,T11,Fitri Suryadi,4,Walk-in,Completed
RS1641,2026-09-30,18:44,T12,Grace Simanjuntak,2,Walk-in,Completed
RS1642,2026-09-30,18:52,T03,Wulan Santoso,2,Walk-in,Completed
RS1643,2026-09-30,19:00,T16,Rina Putra,3,Booking,Completed
RS1644,2026-09-30,19:25,T01,Arif Putra,2,Walk-in,Completed
RS1645,2026-09-30,19:57,T04,Dian Wibowo,2,Walk-in,Completed
RS1646,2026-09-30,20:30,T15,Dewi Putra,4,Booking,Completed
RS1647,2026-10-01,11:14,T03,Olivia Firmansyah,2,Walk-in,Completed
RS1648,2026-10-01,11:16,T04,Rina Permana,2,Walk-in,Completed
RS1649,2026-10-01,11:16,T27,Novi Saputra,7,Walk-in,Completed
RS1650,2026-10-01,12:00,T01,Melati Halim,2,Booking,Completed
RS1651,2026-10-01,12:00,T12,Samuel Pratama,3,Booking,Completed
RS1652,2026-10-01,12:00,T21,Rizky Kurniawan,4,Booking,No-show
RS1653,2026-10-01,12:01,T02,Michael Hartono,2,Walk-in,Completed
RS1654,2026-10-01,12:03,T08,Hadi Utomo,2,Walk-in,Completed
RS1655,2026-10-01,12:16,T20,Wahyu Budiman,1,Walk-in,Completed
RS1656,2026-10-01,12:39,T25,Dian Nugroho,6,Walk-in,Completed
RS1657,2026-10-01,12:50,T13,Dimas Pratama,3,Walk-in,Completed
RS1658,2026-10-01,12:57,T28,Dian Chandra,7,Walk-in,Completed
RS1659,2026-10-01,13:00,T22,Yuni Halim,4,Booking,Completed
RS1660,2026-10-01,13:10,T03,Kevin Lim,2,Walk-in,Completed
RS1661,2026-10-01,13:17,T14,Grace Chandra,1,Walk-in,Completed
RS1662,2026-10-01,13:17,T15,Bayu Salim,4,Walk-in,Completed
RS1663,2026-10-01,13:30,T01,Citra Santoso,2,Booking,Completed
RS1664,2026-10-01,13:30,T05,Doni Tan,2,Booking,Completed
RS1665,2026-10-01,14:00,T04,Arif Handoko,2,Booking,Completed
RS1666,2026-10-01,14:18,T23,Sinta Salim,5,Walk-in,Completed
RS1667,2026-10-01,14:23,T07,Candra Ramadhan,3,Walk-in,Completed
RS1668,2026-10-01,15:19,T13,Novi Gunawan,3,Walk-in,Completed
RS1669,2026-10-01,16:00,T17,Doni Permana,6,Booking,Completed
RS1670,2026-10-01,16:48,T05,Ayu Hartono,2,Walk-in,Completed
RS1671,2026-10-01,17:00,T14,Hendri Santoso,2,Booking,Cancelled
RS1672,2026-10-01,17:09,T10,Laras Budiman,3,Walk-in,Completed
RS1673,2026-10-01,17:30,T04,Novi Suryadi,2,Booking,Completed
RS1674,2026-10-01,17:30,T26,Dewi Hartono,6,Booking,Completed
RS1675,2026-10-01,17:31,T01,Rahma Budiman,2,Walk-in,Completed
RS1676,2026-10-01,17:32,T06,Vina Pratama,3,Walk-in,Completed
RS1677,2026-10-01,17:42,T18,Olivia Firmansyah,5,Walk-in,Completed
RS1678,2026-10-01,17:50,T14,Agus Budiman,4,Walk-in,Completed
RS1679,2026-10-01,17:53,T15,Laras Hidayat,3,Walk-in,Completed
RS1680,2026-10-01,17:54,T07,Samuel Wibowo,3,Walk-in,Completed
RS1681,2026-10-01,17:59,T17,Daniel Ramadhan,5,Walk-in,Completed
RS1682,2026-10-01,18:00,T02,Hadi Firmansyah,2,Booking,Completed
RS1683,2026-10-01,18:00,T03,Agus Tan,2,Walk-in,Completed
RS1684,2026-10-01,18:00,T10,Tari Siregar,3,Booking,Cancelled
RS1685,2026-10-01,18:14,T21,Dian Rahardjo,1,Walk-in,Completed
RS1686,2026-10-01,18:16,T11,Andi Hartono,4,Walk-in,Completed
RS1687,2026-10-01,18:17,T24,Teguh Firmansyah,5,Walk-in,Completed
RS1688,2026-10-01,18:24,T12,Ratna Santoso,3,Walk-in,Completed
RS1689,2026-10-01,18:30,T25,Tari Firmansyah,5,Booking,No-show
RS1690,2026-10-01,18:39,T05,Mega Saputra,2,Walk-in,Completed
RS1691,2026-10-01,18:42,T08,Yuni Lestari,4,Walk-in,Completed
RS1692,2026-10-01,18:48,T28,Ayu Salim,8,Walk-in,Completed
RS1693,2026-10-01,18:52,T22,Lestari Tan,2,Walk-in,Completed
RS1694,2026-10-01,19:21,T27,Faisal Simanjuntak,7,Walk-in,Completed
RS1695,2026-10-01,20:14,T18,Ika Maharani,6,Walk-in,Completed
RS1696,2026-10-01,20:24,T09,Yoga Susanto,3,Walk-in,Completed
RS1697,2026-10-01,20:30,T24,Clarissa Simanjuntak,5,Walk-in,Completed
RS1698,2026-10-02,11:00,T04,Rina Putra,2,Booking,Completed
RS1699,2026-10-02,11:01,T01,Jessica Budiman,2,Walk-in,Completed
RS1700,2026-10-02,11:30,T10,Budi Kusuma,4,Booking,Completed
RS1701,2026-10-02,11:30,T20,Citra Santoso,4,Booking,Completed
RS1702,2026-10-02,11:55,T17,Hadi Hidayat,6,Walk-in,Completed
RS1703,2026-10-02,12:09,T03,Albert Santoso,2,Walk-in,Completed
RS1704,2026-10-02,12:10,T24,Faisal Chandra,5,Walk-in,Completed
RS1705,2026-10-02,12:19,T06,Ayu Chandra,4,Walk-in,Completed
RS1706,2026-10-02,12:27,T05,Hendra Ramadhan,2,Walk-in,Completed
RS1707,2026-10-02,12:27,T25,Bayu Wijaya,5,Walk-in,Completed
RS1708,2026-10-02,12:30,T07,Melati Hidayat,4,Booking,Completed
RS1709,2026-10-02,12:30,T15,Anisa Ramadhan,3,Booking,Completed
RS1710,2026-10-02,12:30,T21,Rizky Halim,2,Booking,Cancelled
RS1711,2026-10-02,12:30,T23,Agus Ramadhan,5,Booking,Completed
RS1712,2026-10-02,12:30,T26,Sinta Nugroho,6,Booking,Cancelled
RS1713,2026-10-02,12:40,T04,Hadi Siregar,2,Walk-in,Completed
RS1714,2026-10-02,12:41,T18,Reza Wibowo,6,Walk-in,Completed
RS1715,2026-10-02,12:44,T21,Doni Pratama,4,Walk-in,Completed
RS1716,2026-10-02,12:50,T26,Yoga Santika,6,Walk-in,Completed
RS1717,2026-10-02,13:02,T16,Imam Ramadhan,4,Walk-in,Completed
RS1718,2026-10-02,13:16,T01,Teguh Simanjuntak,2,Walk-in,Completed
RS1719,2026-10-02,13:16,T27,Tono Tan,6,Walk-in,Completed
RS1720,2026-10-02,13:20,T11,Vina Wijaya,4,Walk-in,Completed
RS1721,2026-10-02,13:31,T12,Ika Salim,3,Walk-in,Completed
RS1722,2026-10-02,14:00,T19,Mega Ramadhan,3,Booking,Completed
RS1723,2026-10-02,14:16,T03,Budi Setiawan,2,Walk-in,Completed
RS1724,2026-10-02,14:19,T02,Reza Suryadi,1,Walk-in,Completed
RS1725,2026-10-02,15:00,T09,Fajar Kurniawan,4,Booking,Completed
RS1726,2026-10-02,15:10,T16,Agus Siregar,4,Walk-in,Completed
RS1727,2026-10-02,15:30,T28,Citra Handoko,7,Booking,Completed
RS1728,2026-10-02,15:39,T10,Faisal Nugroho,4,Walk-in,Completed
RS1729,2026-10-02,15:39,T14,Daniel Nugroho,3,Walk-in,Completed
RS1730,2026-10-02,16:00,T05,Yuni Hidayat,2,Booking,Completed
RS1731,2026-10-02,16:30,T30,Rudi Purnomo,12,Booking,Completed
RS1732,2026-10-02,16:40,T01,Putri Utomo,2,Walk-in,Completed
RS1733,2026-10-02,16:55,T20,Rina Utomo,3,Walk-in,Completed
RS1734,2026-10-02,17:10,T03,Anisa Widjaja,2,Walk-in,Completed
RS1735,2026-10-02,17:12,T08,Joko Rahardjo,3,Walk-in,Completed
RS1736,2026-10-02,17:20,T11,Grace Wijaya,4,Walk-in,Completed
RS1737,2026-10-02,17:23,T02,Ratna Santika,2,Walk-in,Completed
RS1738,2026-10-02,17:29,T10,Albert Kusuma,3,Walk-in,Completed
RS1739,2026-10-02,17:30,T09,Melati Handoko,4,Booking,Completed
RS1740,2026-10-02,17:30,T13,Arif Pratama,4,Booking,Completed
RS1741,2026-10-02,17:30,T16,Ratna Budiman,4,Booking,Completed
RS1742,2026-10-02,17:34,T04,Olivia Pratama,2,Walk-in,Completed
RS1743,2026-10-02,17:47,T06,Anisa Wibowo,1,Walk-in,Completed
RS1744,2026-10-02,17:56,T19,Andi Susanto,3,Walk-in,Completed
RS1745,2026-10-02,18:00,T14,Anisa Saputra,4,Booking,Completed
RS1746,2026-10-02,18:00,T17,Mega Lim,6,Booking,Completed
RS1747,2026-10-02,18:00,T29,Daniel Permana,10,Booking,Completed
RS1748,2026-10-02,18:04,T22,Agus Saputra,4,Walk-in,Completed
RS1749,2026-10-02,18:13,T26,Dian Setiawan,6,Walk-in,Completed
RS1750,2026-10-02,18:19,T28,Kevin Siregar,7,Walk-in,Completed
RS1751,2026-10-02,18:21,T20,Intan Lestari,4,Walk-in,Completed
RS1752,2026-10-02,18:29,T01,Wulan Kurniawan,1,Walk-in,Completed
RS1753,2026-10-02,18:30,T15,Mega Tan,3,Booking,No-show
RS1754,2026-10-02,18:30,T23,Teguh Kurniawan,6,Booking,Completed
RS1755,2026-10-02,18:30,T24,Teguh Kusuma,5,Booking,Completed
RS1756,2026-10-02,18:43,T03,Rudi Wibowo,2,Walk-in,Completed
RS1757,2026-10-02,18:43,T15,Kevin Simanjuntak,3,Walk-in,Completed
RS1758,2026-10-02,18:47,T18,Yoga Halim,4,Walk-in,Completed
RS1759,2026-10-02,19:00,T07,Ika Susanto,3,Booking,Completed
RS1760,2026-10-02,19:00,T12,Hendra Simanjuntak,3,Booking,Completed
RS1761,2026-10-02,19:00,T21,Andi Lim,3,Booking,Completed
RS1762,2026-10-02,19:02,T08,Dimas Wibowo,1,Walk-in,Completed
RS1763,2026-10-02,19:02,T11,Rizky Wijaya,2,Walk-in,Completed
RS1764,2026-10-02,19:02,T27,Ayu Permana,8,Walk-in,Completed
RS1765,2026-10-02,19:04,T13,Anisa Budiman,4,Walk-in,Completed
RS1766,2026-10-02,19:08,T02,Tono Santoso,2,Walk-in,Completed
RS1767,2026-10-02,19:18,T17,Fitri Budiman,6,Walk-in,Completed
RS1768,2026-10-02,19:25,T06,Tania Tan,4,Walk-in,Completed
RS1769,2026-10-02,19:25,T29,Imam Tan,9,Walk-in,Completed
RS1770,2026-10-02,19:26,T30,Citra Budiman,10,Walk-in,Completed
RS1771,2026-10-02,19:30,T05,Yuni Kusuma,1,Booking,Completed
RS1772,2026-10-02,19:34,T19,Daniel Ramadhan,4,Walk-in,Completed
RS1773,2026-10-02,19:55,T28,Tono Gunawan,7,Walk-in,Completed
RS1774,2026-10-02,20:00,T25,Clarissa Utomo,6,Booking,Completed
RS1775,2026-10-02,20:00,T26,Agus Salim,5,Walk-in,Completed
RS1776,2026-10-02,20:22,T14,Melati Hartono,4,Walk-in,Completed
RS1777,2026-10-03,11:00,T05,Citra Siregar,2,Booking,Completed
RS1778,2026-10-03,11:00,T10,Candra Hartono,4,Booking,Completed
RS1779,2026-10-03,11:30,T04,Jessica Kurniawan,2,Booking,Completed
RS1780,2026-10-03,11:51,T25,Yuni Hidayat,5,Walk-in,Completed
RS1781,2026-10-03,12:00,T03,Linda Tan,2,Booking,Completed
RS1782,2026-10-03,12:00,T09,Novi Putra,3,Booking,Completed
RS1783,2026-10-03,12:00,T11,Kevin Siregar,3,Booking,Completed
RS1784,2026-10-03,12:00,T15,Novi Gunawan,4,Booking,Completed
RS1785,2026-10-03,12:00,T19,Daniel Purnomo,3,Booking,Completed
RS1786,2026-10-03,12:00,T22,Maya Hidayat,2,Booking,Cancelled
RS1787,2026-10-03,12:00,T27,Ayu Siregar,7,Booking,Completed
RS1788,2026-10-03,12:00,T28,Hendri Santoso,7,Booking,Completed
RS1789,2026-10-03,12:03,T21,Imam Permana,3,Walk-in,Completed
RS1790,2026-10-03,12:04,T01,Olivia Santoso,2,Walk-in,Completed
RS1791,2026-10-03,12:06,T02,Putri Siregar,2,Walk-in,Completed
RS1792,2026-10-03,12:17,T12,Dewi Ramadhan,1,Walk-in,Completed
RS1793,2026-10-03,12:22,T22,Joko Wijaya,2,Walk-in,Completed
RS1794,2026-10-03,12:30,T08,Putri Maharani,4,Booking,Completed
RS1795,2026-10-03,12:30,T13,Arif Salim,4,Booking,Completed
RS1796,2026-10-03,12:30,T17,Budi Nugroho,6,Booking,Completed
RS1797,2026-10-03,12:30,T18,Clarissa Siregar,5,Booking,Completed
RS1798,2026-10-03,12:38,T20,Wahyu Simanjuntak,2,Walk-in,Completed
RS1799,2026-10-03,12:41,T06,Rina Kurniawan,4,Walk-in,Completed
RS1800,2026-10-03,12:54,T07,Hendri Kusuma,2,Walk-in,Completed
RS1801,2026-10-03,12:55,T19,Reza Hidayat,2,Walk-in,Completed
RS1802,2026-10-03,13:00,T14,Andi Simanjuntak,3,Booking,Completed
RS1803,2026-10-03,13:00,T16,Reza Hidayat,4,Booking,Completed
RS1804,2026-10-03,13:04,T24,Bagas Santoso,4,Walk-in,Completed
RS1805,2026-10-03,13:11,T25,Imam Pratama,6,Walk-in,Completed
RS1806,2026-10-03,13:14,T02,Putri Wardana,2,Walk-in,Completed
RS1807,2026-10-03,13:30,T04,Stefani Saputra,2,Booking,Completed
RS1808,2026-10-03,13:30,T10,Surya Handoko,4,Booking,Completed
RS1809,2026-10-03,13:30,T23,Bayu Santoso,6,Booking,Completed
RS1810,2026-10-03,13:38,T09,Galih Ramadhan,3,Walk-in,Completed
RS1811,2026-10-03,13:54,T28,Hadi Susanto,6,Walk-in,Completed
RS1812,2026-10-03,14:00,T26,Budi Nugroho,5,Booking,Completed
RS1813,2026-10-03,14:22,T24,Hadi Pratama,5,Walk-in,Completed
RS1814,2026-10-03,14:58,T17,Hadi Susanto,6,Walk-in,Completed
RS1815,2026-10-03,15:30,T02,Fajar Kusuma,2,Booking,Completed
RS1816,2026-10-03,15:30,T03,Kevin Hidayat,2,Booking,Completed
RS1817,2026-10-03,15:30,T07,Vina Wijaya,4,Booking,Completed
RS1818,2026-10-03,15:30,T08,Rizky Maharani,2,Booking,Cancelled
RS1819,2026-10-03,15:58,T27,Putri Wijaya,8,Walk-in,Completed
RS1820,2026-10-03,16:00,T04,Anisa Rahardjo,2,Booking,Completed
RS1821,2026-10-03,16:14,T21,Rudi Wibowo,4,Walk-in,Completed
RS1822,2026-10-03,16:30,T23,Laras Utomo,6,Booking,Completed
RS1823,2026-10-03,16:56,T14,Doni Widjaja,2,Walk-in,Completed
RS1824,2026-10-03,17:00,T01,Melati Maharani,2,Booking,Completed
RS1825,2026-10-03,17:00,T16,Linda Widjaja,3,Booking,Completed
RS1826,2026-10-03,17:30,T04,Laras Maharani,2,Booking,Completed
RS1827,2026-10-03,17:30,T07,Nia Susanto,4,Booking,Cancelled
RS1828,2026-10-03,17:30,T07,Linda Halim,4,Booking,Completed
RS1829,2026-10-03,17:30,T09,Olivia Simanjuntak,4,Booking,No-show
RS1830,2026-10-03,17:30,T19,Andi Kusuma,4,Booking,Completed
RS1831,2026-10-03,17:30,T29,Galih Ramadhan,10,Booking,Completed
RS1832,2026-10-03,17:37,T18,Bagas Pratama,6,Walk-in,Completed
RS1833,2026-10-03,17:41,T08,Putri Widjaja,4,Walk-in,Completed
RS1834,2026-10-03,17:53,T22,Tari Putra,3,Walk-in,Completed
RS1835,2026-10-03,18:00,T05,Hendri Lim,1,Booking,Completed
RS1836,2026-10-03,18:00,T06,Ika Suryadi,3,Booking,Completed
RS1837,2026-10-03,18:00,T10,Lestari Tan,4,Booking,Completed
RS1838,2026-10-03,18:00,T22,Olivia Gunawan,4,Booking,Cancelled
RS1839,2026-10-03,18:08,T15,Andi Suryadi,4,Walk-in,Completed
RS1840,2026-10-03,18:19,T14,Citra Lim,2,Walk-in,Completed
RS1841,2026-10-03,18:23,T24,Laras Lim,6,Walk-in,Completed
RS1842,2026-10-03,18:30,T02,Hendri Kurniawan,2,Booking,Completed
RS1843,2026-10-03,18:30,T03,Nia Santika,1,Booking,Completed
RS1844,2026-10-03,18:30,T20,Agus Susanto,3,Booking,Completed
RS1845,2026-10-03,18:30,T24,Teguh Wijaya,5,Booking,Cancelled
RS1846,2026-10-03,18:32,T23,Vina Susanto,4,Walk-in,Completed
RS1847,2026-10-03,18:50,T07,Faisal Siregar,3,Walk-in,Completed
RS1848,2026-10-03,19:00,T01,Tari Firmansyah,2,Booking,No-show
RS1849,2026-10-03,19:00,T09,Wahyu Nugroho,2,Booking,Completed
RS1850,2026-10-03,19:00,T11,Citra Lim,1,Booking,Completed
RS1851,2026-10-03,19:00,T12,Melati Kurniawan,3,Booking,Completed
RS1852,2026-10-03,19:00,T13,Reza Simanjuntak,4,Booking,Completed
RS1853,2026-10-03,19:00,T17,Fajar Wibowo,5,Booking,Completed
RS1854,2026-10-03,19:00,T21,Anisa Maharani,2,Booking,Completed
RS1855,2026-10-03,19:01,T25,Rizky Susanto,4,Walk-in,Completed
RS1856,2026-10-03,19:03,T22,Arif Putra,2,Walk-in,Completed
RS1857,2026-10-03,19:08,T06,Rina Suryadi,2,Walk-in,Completed
RS1858,2026-10-03,19:27,T26,Laras Purnomo,6,Walk-in,Completed
RS1859,2026-10-03,19:30,T01,Intan Santoso,2,Booking,Completed
RS1860,2026-10-03,19:30,T04,Yoga Purnomo,2,Booking,No-show
RS1861,2026-10-03,19:30,T16,Wulan Purnomo,4,Booking,Completed
RS1862,2026-10-03,19:30,T19,Michael Gunawan,4,Booking,Completed
RS1863,2026-10-03,19:30,T27,Joko Ramadhan,8,Booking,Completed
RS1864,2026-10-03,19:30,T28,Bagas Wijaya,8,Booking,Completed
RS1865,2026-10-03,19:38,T08,Siska Santoso,3,Walk-in,Completed
RS1866,2026-10-03,19:53,T30,Citra Salim,10,Walk-in,Completed
RS1867,2026-10-03,20:00,T01,Daniel Setiawan,2,Booking,Cancelled
RS1868,2026-10-03,20:00,T04,Melati Purnomo,2,Booking,Completed
RS1869,2026-10-03,20:00,T10,Albert Simanjuntak,3,Booking,No-show
RS1870,2026-10-03,20:09,T18,Sinta Gunawan,4,Walk-in,Completed
RS1871,2026-10-03,20:16,T23,Dian Firmansyah,5,Walk-in,Completed
RS1872,2026-10-03,20:21,T10,Kevin Hartono,3,Walk-in,Completed
RS1873,2026-10-04,11:00,T02,Imam Santika,2,Booking,Completed
RS1874,2026-10-04,11:00,T15,Imam Wijaya,2,Booking,Cancelled
RS1875,2026-10-04,11:00,T19,Dewi Maharani,4,Booking,Completed
RS1876,2026-10-04,11:00,T29,Samuel Utomo,10,Booking,Completed
RS1877,2026-10-04,11:30,T13,Tono Santoso,4,Booking,Completed
RS1878,2026-10-04,11:30,T17,Dewi Salim,5,Booking,Completed
RS1879,2026-10-04,11:30,T23,Nia Saputra,5,Booking,Completed
RS1880,2026-10-04,11:47,T24,Bagas Putra,5,Walk-in,Completed
RS1881,2026-10-04,12:00,T07,Kevin Lestari,3,Booking,Completed
RS1882,2026-10-04,12:00,T20,Ayu Handoko,4,Booking,Completed
RS1883,2026-10-04,12:00,T25,Rina Firmansyah,5,Booking,Completed
RS1884,2026-10-04,12:09,T12,Wahyu Salim,3,Walk-in,Completed
RS1885,2026-10-04,12:16,T03,Linda Kusuma,2,Walk-in,Completed
RS1886,2026-10-04,12:19,T09,Imam Gunawan,4,Walk-in,Completed
RS1887,2026-10-04,12:30,T15,Maya Rahardjo,3,Booking,Completed
RS1888,2026-10-04,12:30,T26,Joko Hartono,6,Booking,Completed
RS1889,2026-10-04,12:30,T27,Eko Hidayat,7,Booking,Cancelled
RS1890,2026-10-04,12:36,T05,Hadi Suryadi,2,Walk-in,Completed
RS1891,2026-10-04,12:37,T27,Joko Salim,7,Walk-in,Completed
RS1892,2026-10-04,12:40,T01,Linda Rahardjo,2,Walk-in,Completed
RS1893,2026-10-04,13:00,T10,Rina Siregar,4,Booking,Completed
RS1894,2026-10-04,13:00,T14,Samuel Rahardjo,4,Booking,Completed
RS1895,2026-10-04,13:00,T18,Yuni Maharani,6,Booking,Completed
RS1896,2026-10-04,13:14,T08,Eko Lestari,4,Walk-in,Completed
RS1897,2026-10-04,13:26,T16,Tono Suryadi,3,Walk-in,Completed
RS1898,2026-10-04,13:30,T04,Laras Widjaja,2,Booking,Completed
RS1899,2026-10-04,13:30,T06,Hadi Kusuma,2,Booking,Cancelled
RS1900,2026-10-04,13:37,T02,Ayu Widjaja,2,Walk-in,Completed
RS1901,2026-10-04,13:41,T29,Hendra Saputra,8,Walk-in,Completed
RS1902,2026-10-04,13:44,T21,Melati Wardana,4,Walk-in,Completed
RS1903,2026-10-04,13:52,T22,Vina Ramadhan,2,Walk-in,Completed
RS1904,2026-10-04,14:00,T06,Reza Handoko,3,Booking,Completed
RS1905,2026-10-04,14:30,T19,Samuel Chandra,3,Booking,Completed
RS1906,2026-10-04,15:30,T23,Grace Simanjuntak,5,Booking,Completed
RS1907,2026-10-04,15:30,T26,Hadi Nugroho,6,Booking,Completed
RS1908,2026-10-04,16:00,T02,Bagas Kurniawan,1,Booking,Completed
RS1909,2026-10-04,16:00,T28,Intan Susanto,8,Booking,Completed
RS1910,2026-10-04,16:15,T29,Teguh Hidayat,8,Walk-in,Completed
RS1911,2026-10-04,16:30,T03,Dian Suryadi,2,Booking,No-show
RS1912,2026-10-04,16:30,T20,Faisal Putra,4,Booking,No-show
RS1913,2026-10-04,17:00,T03,Lestari Widjaja,2,Booking,Completed
RS1914,2026-10-04,17:00,T09,Reza Santoso,3,Booking,Completed
RS1915,2026-10-04,17:00,T27,Imam Widjaja,7,Booking,No-show
RS1916,2026-10-04,17:21,T20,Rina Halim,3,Walk-in,Completed
RS1917,2026-10-04,17:30,T10,Olivia Hidayat,4,Booking,Completed
RS1918,2026-10-04,17:30,T23,Candra Budiman,6,Booking,Cancelled
RS1919,2026-10-04,17:30,T27,Grace Budiman,8,Booking,Completed
RS1920,2026-10-04,17:30,T27,Kevin Saputra,6,Booking,Cancelled
RS1921,2026-10-04,17:45,T11,Mega Rahardjo,3,Walk-in,Completed
RS1922,2026-10-04,17:53,T22,Yoga Santoso,3,Walk-in,Completed
RS1923,2026-10-04,18:00,T19,Kevin Lestari,4,Booking,Completed
RS1924,2026-10-04,18:00,T25,Linda Halim,6,Booking,Completed
RS1925,2026-10-04,18:00,T28,Fajar Wijaya,7,Booking,Completed
RS1926,2026-10-04,18:00,T28,Anisa Maharani,6,Booking,Cancelled
RS1927,2026-10-04,18:21,T16,Bagas Putra,3,Walk-in,Completed
RS1928,2026-10-04,18:28,T04,Yoga Nugroho,2,Walk-in,Completed
RS1929,2026-10-04,18:30,T08,Dian Setiawan,4,Booking,Cancelled
RS1930,2026-10-04,18:30,T24,Laras Budiman,6,Booking,Completed
RS1931,2026-10-04,18:30,T29,Eko Gunawan,8,Booking,Completed
RS1932,2026-10-04,18:37,T05,Eko Simanjuntak,2,Walk-in,Completed
RS1933,2026-10-04,18:50,T17,Citra Rahardjo,5,Walk-in,Completed
RS1934,2026-10-04,18:57,T03,Andi Halim,2,Walk-in,Completed
RS1935,2026-10-04,18:58,T27,Daniel Gunawan,8,Walk-in,Completed
RS1936,2026-10-04,19:00,T01,Ayu Hidayat,2,Booking,Completed
RS1937,2026-10-04,19:00,T02,Melati Wibowo,2,Booking,Completed
RS1938,2026-10-04,19:00,T26,Jessica Simanjuntak,6,Booking,Completed
RS1939,2026-10-04,19:00,T30,Hendri Widjaja,10,Booking,Completed
RS1940,2026-10-04,19:01,T13,Intan Halim,4,Walk-in,Completed
RS1941,2026-10-04,19:04,T15,Lestari Wibowo,3,Walk-in,Completed
RS1942,2026-10-04,19:10,T07,Siska Budiman,2,Walk-in,Completed
RS1943,2026-10-04,19:18,T23,Clarissa Hidayat,5,Walk-in,Completed
RS1944,2026-10-04,19:21,T06,Galih Wibowo,2,Walk-in,Completed
RS1945,2026-10-04,19:25,T21,Nia Ramadhan,4,Walk-in,Completed
RS1946,2026-10-04,19:30,T18,Daniel Kurniawan,6,Booking,Completed
RS1947,2026-10-04,19:35,T25,Surya Setiawan,5,Walk-in,Completed
RS1948,2026-10-04,19:41,T04,Andi Gunawan,2,Walk-in,Completed
RS1949,2026-10-04,19:43,T29,Yoga Halim,9,Walk-in,Completed
RS1950,2026-10-04,19:49,T11,Sinta Lestari,2,Walk-in,Completed
RS1951,2026-10-04,19:49,T22,Lestari Santoso,1,Walk-in,Completed
RS1952,2026-10-04,20:00,T05,Dewi Handoko,1,Booking,Cancelled
RS1953,2026-10-04,20:00,T16,Galih Utomo,3,Booking,Cancelled
RS1954,2026-10-04,20:23,T19,Nia Halim,4,Walk-in,Completed
RS1955,2026-10-04,20:30,T03,Wahyu Tan,2,Booking,Completed
RS1956,2026-10-05,12:00,T14,Citra Gunawan,4,Booking,Cancelled
RS1957,2026-10-05,12:19,T23,Eko Chandra,6,Walk-in,Completed
RS1958,2026-10-05,12:31,T09,Arif Hartono,3,Walk-in,Completed
RS1959,2026-10-05,12:31,T22,Anisa Wardana,3,Walk-in,Completed
RS1960,2026-10-05,12:32,T20,Rizky Santoso,3,Walk-in,Completed
RS1961,2026-10-05,12:48,T11,Kevin Budiman,4,Walk-in,Completed
RS1962,2026-10-05,13:00,T10,Rudi Suryadi,3,Booking,Cancelled
RS1963,2026-10-05,13:18,T12,Daniel Saputra,4,Walk-in,Completed
RS1964,2026-10-05,13:22,T26,Rudi Tan,5,Walk-in,Completed
RS1965,2026-10-05,13:27,T25,Laras Kurniawan,5,Walk-in,Completed
RS1966,2026-10-05,13:30,T03,Putri Siregar,2,Booking,Completed
RS1967,2026-10-05,13:30,T18,Rina Salim,5,Booking,Completed
RS1968,2026-10-05,13:34,T14,Ayu Handoko,3,Walk-in,Completed
RS1969,2026-10-05,13:42,T27,Linda Hartono,8,Walk-in,Completed
RS1970,2026-10-05,13:51,T05,Dian Permana,2,Walk-in,Completed
RS1971,2026-10-05,13:55,T13,Hendra Wijaya,4,Walk-in,Completed
RS1972,2026-10-05,14:02,T10,Budi Simanjuntak,4,Walk-in,Completed
RS1973,2026-10-05,15:39,T22,Rahma Lim,3,Walk-in,Completed
RS1974,2026-10-05,16:00,T27,Yoga Nugroho,8,Booking,Cancelled
RS1975,2026-10-05,16:30,T02,Tono Setiawan,2,Booking,Completed
RS1976,2026-10-05,17:06,T03,Maya Handoko,2,Walk-in,Completed
RS1977,2026-10-05,17:13,T18,Vina Setiawan,6,Walk-in,Completed
RS1978,2026-10-05,17:57,T27,Clarissa Gunawan,8,Walk-in,Completed
RS1979,2026-10-05,18:00,T05,Arif Salim,2,Booking,Completed
RS1980,2026-10-05,18:12,T16,Dimas Widjaja,4,Walk-in,Completed
RS1981,2026-10-05,18:14,T06,Eko Nugroho,4,Walk-in,Completed
RS1982,2026-10-05,18:30,T02,Tania Hartono,2,Booking,Completed
RS1983,2026-10-05,18:30,T04,Novi Santika,2,Walk-in,Completed
RS1984,2026-10-05,18:31,T25,Laras Pratama,5,Walk-in,Completed
RS1985,2026-10-05,18:34,T01,Samuel Simanjuntak,1,Walk-in,Completed
RS1986,2026-10-05,18:36,T07,Reza Chandra,3,Walk-in,Completed
RS1987,2026-10-05,18:41,T08,Yuni Budiman,3,Walk-in,Completed
RS1988,2026-10-05,19:16,T03,Sinta Salim,2,Walk-in,Completed
RS1989,2026-10-05,19:27,T14,Budi Nugroho,1,Walk-in,Completed
RS1990,2026-10-05,19:30,T11,Teguh Maharani,3,Booking,Completed
RS1991,2026-10-05,19:30,T24,Rina Hidayat,6,Booking,Completed
RS1992,2026-10-05,19:49,T21,Intan Pratama,4,Walk-in,Completed
RS1993,2026-10-05,20:02,T27,Rudi Suryadi,7,Walk-in,Completed
RS1994,2026-10-06,11:05,T05,Fajar Santika,2,Walk-in,Completed
RS1995,2026-10-06,11:11,T26,Rahma Chandra,6,Walk-in,Completed
RS1996,2026-10-06,11:14,T27,Putri Lim,8,Walk-in,Completed
RS1997,2026-10-06,11:30,T08,Agus Pratama,3,Booking,Completed
RS1998,2026-10-06,11:59,T04,Vina Budiman,2,Walk-in,Completed
RS1999,2026-10-06,12:00,T09,Rahma Chandra,4,Booking,No-show
RS2000,2026-10-06,12:12,T28,Yuni Kusuma,8,Walk-in,Completed
RS2001,2026-10-06,12:13,T25,Putri Putra,5,Walk-in,Completed
RS2002,2026-10-06,12:19,T02,Bayu Wijaya,2,Walk-in,Completed
RS2003,2026-10-06,12:20,T09,Tono Handoko,4,Walk-in,Completed
RS2004,2026-10-06,12:28,T16,Fitri Maharani,3,Walk-in,Completed
RS2005,2026-10-06,12:30,T01,Ratna Wibowo,2,Booking,Completed
RS2006,2026-10-06,12:43,T05,Bagas Widjaja,2,Walk-in,Completed
RS2007,2026-10-06,12:51,T14,Novi Gunawan,4,Walk-in,Completed
RS2008,2026-10-06,12:59,T03,Imam Santoso,1,Walk-in,Completed
RS2009,2026-10-06,13:00,T19,Michael Handoko,3,Booking,Completed
RS2010,2026-10-06,13:32,T04,Michael Wibowo,2,Walk-in,Completed
RS2011,2026-10-06,13:49,T27,Budi Pratama,8,Walk-in,Completed
RS2012,2026-10-06,14:23,T28,Yoga Simanjuntak,7,Walk-in,Completed
RS2013,2026-10-06,15:08,T05,Dian Santika,2,Walk-in,Completed
RS2014,2026-10-06,16:08,T20,Ika Firmansyah,3,Walk-in,Completed
RS2015,2026-10-06,16:40,T24,Vina Simanjuntak,5,Walk-in,Completed
RS2016,2026-10-06,17:00,T06,Stefani Rahardjo,3,Booking,Completed
RS2017,2026-10-06,17:33,T28,Tania Purnomo,7,Walk-in,Completed
RS2018,2026-10-06,17:36,T02,Yuni Hartono,2,Walk-in,Completed
RS2019,2026-10-06,17:40,T10,Citra Salim,3,Walk-in,Completed
RS2020,2026-10-06,17:42,T26,Bayu Suryadi,6,Walk-in,Completed
RS2021,2026-10-06,17:58,T25,Anisa Putra,6,Walk-in,Completed
RS2022,2026-10-06,18:00,T01,Surya Nugroho,2,Booking,Completed
RS2023,2026-10-06,18:35,T19,Wulan Wardana,3,Walk-in,Completed
RS2024,2026-10-06,18:40,T09,Hendri Nugroho,4,Walk-in,Completed
RS2025,2026-10-06,18:51,T16,Olivia Putra,4,Walk-in,Completed
RS2026,2026-10-06,19:00,T29,Candra Ramadhan,9,Booking,Completed
RS2027,2026-10-06,19:18,T24,Faisal Tan,5,Walk-in,Completed
RS2028,2026-10-06,19:29,T04,Michael Hartono,2,Walk-in,Completed
RS2029,2026-10-06,19:34,T10,Lestari Santika,4,Walk-in,Completed
RS2030,2026-10-07,11:00,T05,Bagas Pratama,2,Booking,Completed
RS2031,2026-10-07,11:05,T20,Hadi Suryadi,3,Walk-in,Completed
RS2032,2026-10-07,11:28,T25,Jessica Suryadi,6,Walk-in,Completed
RS2033,2026-10-07,11:42,T03,Budi Lim,2,Walk-in,Completed
RS2034,2026-10-07,12:00,T21,Anisa Nugroho,2,Booking,Cancelled
RS2035,2026-10-07,12:07,T01,Rizky Purnomo,2,Walk-in,Completed
RS2036,2026-10-07,12:12,T28,Doni Handoko,7,Walk-in,Completed
RS2037,2026-10-07,12:28,T29,Citra Nugroho,10,Walk-in,Completed
RS2038,2026-10-07,12:34,T17,Putri Gunawan,6,Walk-in,Completed
RS2039,2026-10-07,12:49,T12,Candra Permana,3,Walk-in,Completed
RS2040,2026-10-07,12:51,T10,Olivia Rahardjo,3,Walk-in,Completed
RS2041,2026-10-07,13:00,T18,Albert Siregar,6,Walk-in,Completed
RS2042,2026-10-07,13:16,T26,Wulan Gunawan,5,Walk-in,Completed
RS2043,2026-10-07,13:18,T02,Wulan Wibowo,1,Walk-in,Completed
RS2044,2026-10-07,13:19,T05,Faisal Ramadhan,2,Walk-in,Completed
RS2045,2026-10-07,13:26,T08,Kevin Hartono,3,Walk-in,Completed
RS2046,2026-10-07,13:57,T27,Ika Lestari,8,Walk-in,Completed
RS2047,2026-10-07,14:44,T29,Rudi Lim,8,Walk-in,Completed
RS2048,2026-10-07,14:48,T04,Teguh Kurniawan,2,Walk-in,Completed
RS2049,2026-10-07,15:30,T28,Nia Rahardjo,7,Booking,Completed
RS2050,2026-10-07,16:51,T21,Sinta Santoso,3,Walk-in,Completed
RS2051,2026-10-07,17:00,T08,Laras Hartono,3,Booking,Completed
RS2052,2026-10-07,17:08,T11,Maya Salim,4,Walk-in,Completed
RS2053,2026-10-07,17:17,T01,Bagas Wibowo,2,Walk-in,Completed
RS2054,2026-10-07,17:17,T02,Putri Utomo,2,Walk-in,Completed
RS2055,2026-10-07,17:30,T04,Jessica Wardana,2,Booking,Completed
RS2056,2026-10-07,17:30,T24,Faisal Chandra,6,Booking,Completed
RS2057,2026-10-07,18:00,T06,Tania Putra,3,Booking,Completed
RS2058,2026-10-07,18:00,T20,Joko Halim,4,Booking,Completed
RS2059,2026-10-07,18:08,T10,Jessica Wibowo,4,Walk-in,Completed
RS2060,2026-10-07,18:16,T12,Rudi Simanjuntak,4,Walk-in,Completed
RS2061,2026-10-07,18:30,T03,Faisal Widjaja,2,Booking,Completed
RS2062,2026-10-07,18:30,T16,Candra Santika,4,Booking,Completed
RS2063,2026-10-07,18:35,T19,Laras Putra,4,Walk-in,Completed
RS2064,2026-10-07,18:35,T23,Dewi Santika,6,Walk-in,Completed
RS2065,2026-10-07,18:40,T18,Doni Santika,6,Walk-in,Completed
RS2066,2026-10-07,18:47,T26,Wahyu Setiawan,5,Walk-in,Completed
RS2067,2026-10-07,18:53,T25,Clarissa Gunawan,5,Walk-in,Completed
RS2068,2026-10-07,18:58,T05,Eko Salim,2,Walk-in,Completed
RS2069,2026-10-07,18:59,T28,Wahyu Ramadhan,8,Walk-in,Completed
RS2070,2026-10-07,19:00,T01,Surya Budiman,2,Booking,Completed
RS2071,2026-10-07,19:00,T14,Rina Kurniawan,4,Walk-in,Completed
RS2072,2026-10-07,19:44,T04,Ika Ramadhan,2,Walk-in,Completed
RS2073,2026-10-07,20:05,T15,Olivia Lim,3,Walk-in,Completed
RS2074,2026-10-07,20:30,T02,Dewi Siregar,2,Walk-in,Completed
