id_transaksi,tanggal,id_reservasi,id_meja,id_paket,id_harga,waktu_mulai,waktu_selesai,durasi_makan_menit,jumlah_orang,subtotal_paket,menit_overtime,biaya_overtime,denda_food_waste,total_bayar,metode_pembayaran
TRX0001,2026-09-01,RS0001,T06,P001,H001,11:08,12:31,83,3,297000,0,0,100000,397000,Kartu Kredit
TRX0002,2026-09-01,RS0002,T24,P002,H005,11:21,12:37,76,6,834000,0,0,0,834000,Cash
TRX0003,2026-09-01,RS0003,T05,P002,H005,11:44,13:02,78,2,236000,0,0,100000,336000,Debit
TRX0004,2026-09-01,RS0004,T07,P003,H009,11:51,13:38,107,4,796000,0,0,100000,896000,Cash
TRX0005,2026-09-01,RS0005,T11,P001,H001,12:04,13:09,65,3,297000,0,0,0,297000,Cash
TRX0006,2026-09-01,RS0006,T04,P001,H001,12:20,14:10,110,1,99000,20,50000,0,149000,QRIS
TRX0007,2026-09-01,RS0007,T23,P001,H001,12:29,13:38,69,6,574000,0,0,200000,774000,Debit
TRX0008,2026-09-01,RS0009,T03,P001,H001,12:50,14:08,78,2,198000,0,0,100000,298000,Debit
TRX0009,2026-09-01,RS0011,T08,P001,H001,12:52,14:32,100,3,297000,10,50000,0,347000,Cash
TRX0010,2026-09-01,RS0010,T17,P001,H001,12:52,14:19,87,6,415000,0,0,150000,565000,Debit
TRX0011,2026-09-01,RS0012,T02,P001,H001,13:08,15:03,115,2,198000,25,50000,0,248000,QRIS
TRX0012,2026-09-01,RS0014,T01,P001,H001,13:34,15:04,90,2,198000,0,0,50000,248000,QRIS
TRX0013,2026-09-01,RS0015,T16,P001,H001,13:36,14:45,69,4,336000,0,0,100000,436000,Debit
TRX0014,2026-09-01,RS0016,T06,P001,H001,15:33,18:03,150,4,396000,60,100000,150000,646000,Kartu Kredit
TRX0015,2026-09-01,RS0018,T01,P002,H005,16:23,17:28,65,2,236000,0,0,100000,336000,Debit
TRX0016,2026-09-01,RS0020,T24,P003,H009,16:39,18:06,87,6,1054000,0,0,0,1054000,Kartu Kredit
TRX0017,2026-09-01,RS0021,T02,P001,H001,16:43,17:40,57,2,178000,0,0,0,178000,Debit
TRX0018,2026-09-01,RS0019,T05,P003,H009,16:45,18:42,117,2,398000,0,0,0,398000,QRIS
TRX0019,2026-09-01,RS0023,T09,P002,H007,17:37,19:05,88,3,429000,0,0,0,429000,Debit
TRX0020,2026-09-01,RS0022,T03,P002,H007,17:50,18:56,66,2,318000,0,0,100000,418000,QRIS
TRX0021,2026-09-01,RS0026,T20,P002,H007,18:05,19:23,78,4,429000,0,0,0,429000,Cash
TRX0022,2026-09-01,RS0025,T07,P002,H007,18:09,19:35,86,4,492000,0,0,150000,642000,Kartu Kredit
TRX0023,2026-09-01,RS0027,T01,P001,H003,18:22,19:31,69,2,238000,0,0,0,238000,Kartu Kredit
TRX0024,2026-09-01,RS0028,T27,P002,H007,18:29,20:04,95,7,1001000,5,50000,50000,1101000,Debit
TRX0025,2026-09-01,RS0029,T06,P002,H007,18:35,20:05,90,2,318000,0,0,150000,468000,QRIS
TRX0026,2026-09-01,RS0030,T02,P001,H003,18:36,19:57,81,2,202000,0,0,0,202000,Cash
TRX0027,2026-09-01,RS0031,T25,P002,H007,18:46,20:02,76,6,954000,0,0,100000,1054000,Cash
TRX0028,2026-09-01,RS0034,T22,P001,H003,19:05,20:13,68,4,404000,0,0,100000,504000,QRIS
TRX0029,2026-09-01,RS0033,T05,P001,H003,19:09,20:28,79,2,214000,0,0,0,214000,Cash
TRX0030,2026-09-01,RS0032,T04,P001,H003,19:13,20:36,83,2,238000,0,0,0,238000,Cash
TRX0031,2026-09-01,RS0035,T17,P002,H007,19:17,20:47,90,6,954000,0,0,0,954000,Debit
TRX0032,2026-09-01,RS0036,T23,P003,H011,19:27,21:19,112,6,1160000,0,0,200000,1360000,Debit
TRX0033,2026-09-01,RS0037,T29,P001,H003,19:36,20:42,66,10,1190000,0,0,0,1190000,Debit
TRX0034,2026-09-01,RS0039,T13,P001,H003,20:04,21:34,90,4,416000,0,0,50000,466000,Debit
TRX0035,2026-09-01,RS0041,T28,P002,H007,20:36,22:04,88,7,1113000,0,0,0,1113000,Debit
TRX0036,2026-09-01,RS0040,T24,P002,H007,20:39,22:20,101,5,795000,11,50000,100000,945000,Kartu Kredit
TRX0037,2026-09-02,RS0042,T01,P001,H001,11:18,12:43,85,2,198000,0,0,0,198000,Cash
TRX0038,2026-09-02,RS0043,T26,P002,H005,11:29,12:36,67,6,708000,0,0,0,708000,QRIS
TRX0039,2026-09-02,RS0044,T21,P001,H001,11:40,12:47,67,4,306000,0,0,0,306000,Kartu Kredit
TRX0040,2026-09-02,RS0046,T25,P001,H001,12:08,14:23,135,5,495000,45,100000,0,595000,Kartu Kredit
TRX0041,2026-09-02,RS0047,T05,P001,H001,12:10,13:40,90,2,168000,0,0,0,168000,Cash
TRX0042,2026-09-02,RS0045,T18,P002,H005,12:20,13:46,86,5,695000,0,0,0,695000,Debit
TRX0043,2026-09-02,RS0049,T23,P002,H005,12:39,14:54,135,5,472000,45,100000,0,572000,Kartu Kredit
TRX0044,2026-09-02,RS0048,T24,P001,H001,12:43,13:54,71,5,405000,0,0,0,405000,Debit
TRX0045,2026-09-02,RS0050,T03,P002,H005,12:48,14:02,74,1,139000,0,0,0,139000,Debit
TRX0046,2026-09-02,RS0051,T26,P002,H005,12:55,14:19,84,5,695000,0,0,50000,745000,QRIS
TRX0047,2026-09-02,RS0053,T29,P002,H005,13:11,14:41,90,10,1390000,0,0,150000,1540000,QRIS
TRX0048,2026-09-02,RS0054,T17,P001,H001,13:18,14:39,81,6,594000,0,0,50000,644000,Debit
TRX0049,2026-09-02,RS0052,T02,P001,H001,13:19,14:22,63,2,198000,0,0,0,198000,Cash
TRX0050,2026-09-02,RS0055,T01,P002,H005,14:05,15:22,77,2,250000,0,0,0,250000,Kartu Kredit
TRX0051,2026-09-02,RS0056,T30,P001,H001,14:29,15:48,79,10,990000,0,0,0,990000,Kartu Kredit
TRX0052,2026-09-02,RS0057,T04,P001,H001,15:02,16:18,76,2,198000,0,0,50000,248000,Debit
TRX0053,2026-09-02,RS0058,T08,P001,H001,15:37,17:00,83,4,306000,0,0,100000,406000,QRIS
TRX0054,2026-09-02,RS0059,T03,P001,H001,16:03,17:21,78,2,198000,0,0,0,198000,Debit
TRX0055,2026-09-02,RS0060,T12,P002,H005,16:09,17:39,90,4,556000,0,0,100000,656000,Kartu Kredit
TRX0056,2026-09-02,RS0062,T21,P002,H005,16:13,17:29,76,3,389000,0,0,0,389000,Kartu Kredit
TRX0057,2026-09-02,RS0061,T01,P001,H001,16:14,17:31,77,2,198000,0,0,50000,248000,Debit
TRX0058,2026-09-02,RS0063,T11,P001,H001,16:29,17:22,53,4,336000,0,0,0,336000,Kartu Kredit
TRX0059,2026-09-02,RS0064,T10,P002,H005,16:43,17:38,55,3,417000,0,0,0,417000,Debit
TRX0060,2026-09-02,RS0065,T28,P001,H003,17:06,18:26,80,8,952000,0,0,0,952000,Debit
TRX0061,2026-09-02,RS0066,T02,P001,H003,17:13,18:15,62,2,238000,0,0,50000,288000,QRIS
TRX0062,2026-09-02,RS0067,T08,P002,H007,17:21,18:51,90,4,636000,0,0,50000,686000,Kartu Kredit
TRX0063,2026-09-02,RS0069,T24,P002,H007,17:43,19:10,87,5,795000,0,0,0,795000,Kartu Kredit
TRX0064,2026-09-02,RS0068,T04,P003,H011,17:49,19:45,116,2,438000,0,0,0,438000,QRIS
TRX0065,2026-09-02,RS0071,T06,P003,H011,18:01,19:42,101,3,657000,0,0,0,657000,Debit
TRX0066,2026-09-02,RS0072,T12,P001,H003,18:02,19:06,64,3,321000,0,0,300000,621000,QRIS
TRX0067,2026-09-02,RS0073,T22,P001,H003,18:07,19:16,69,3,333000,0,0,0,333000,Debit
TRX0068,2026-09-02,RS0074,T16,P001,H003,18:20,19:50,90,4,357000,0,0,100000,457000,Debit
TRX0069,2026-09-02,RS0075,T23,P002,H007,18:25,19:53,88,6,954000,0,0,0,954000,Debit
TRX0070,2026-09-02,RS0076,T15,P003,H011,18:29,20:29,120,4,744000,0,0,0,744000,Kartu Kredit
TRX0071,2026-09-02,RS0077,T20,P002,H007,18:35,19:54,79,4,572000,0,0,0,572000,Debit
TRX0072,2026-09-02,RS0079,T01,P003,H011,18:42,21:07,145,2,438000,25,50000,0,488000,QRIS
TRX0073,2026-09-02,RS0080,T18,P003,H011,18:48,20:18,90,6,1314000,0,0,0,1314000,Debit
TRX0074,2026-09-02,RS0078,T29,P002,H007,18:48,20:12,84,10,1558000,0,0,100000,1658000,Kartu Kredit
TRX0075,2026-09-02,RS0082,T27,P001,H003,18:56,20:19,83,8,952000,0,0,0,952000,Kartu Kredit
TRX0076,2026-09-02,RS0081,T17,P001,H003,18:59,20:20,81,5,535000,0,0,150000,685000,Kartu Kredit
TRX0077,2026-09-02,RS0084,T28,P002,H007,19:08,20:05,57,7,1113000,0,0,0,1113000,QRIS
TRX0078,2026-09-02,RS0085,T08,P001,H003,19:43,20:56,73,4,404000,0,0,0,404000,Kartu Kredit
TRX0079,2026-09-02,RS0086,T26,P001,H003,19:53,21:23,90,5,595000,0,0,0,595000,QRIS
TRX0080,2026-09-02,RS0087,T02,P002,H007,19:57,22:07,130,2,318000,40,100000,50000,468000,Cash
TRX0081,2026-09-02,RS0088,T03,P001,H003,20:26,21:43,77,1,119000,0,0,50000,169000,Cash
TRX0082,2026-09-03,RS0089,T23,P003,H009,11:32,13:28,116,5,995000,0,0,50000,1045000,QRIS
TRX0083,2026-09-03,RS0090,T24,P001,H001,12:22,13:52,90,6,594000,0,0,0,594000,Cash
TRX0084,2026-09-03,RS0091,T20,P002,H005,12:37,14:00,83,3,417000,0,0,0,417000,Debit
TRX0085,2026-09-03,RS0092,T04,P001,H001,12:42,14:12,90,2,198000,0,0,0,198000,QRIS
TRX0086,2026-09-03,RS0093,T30,P001,H001,12:47,14:16,89,10,990000,0,0,0,990000,Cash
TRX0087,2026-09-03,RS0094,T17,P002,H005,13:02,14:32,90,5,695000,0,0,0,695000,QRIS
TRX0088,2026-09-03,RS0095,T06,P003,H009,13:08,14:47,99,4,756000,0,0,100000,856000,Debit
TRX0089,2026-09-03,RS0096,T22,P003,H009,13:08,15:08,120,4,796000,0,0,0,796000,Debit
TRX0090,2026-09-03,RS0098,T05,P002,H005,13:31,14:44,73,2,250000,0,0,0,250000,Cash
TRX0091,2026-09-03,RS0097,T12,P003,H009,13:35,16:35,180,3,517000,60,100000,0,617000,Debit
TRX0092,2026-09-03,RS0099,T01,P003,H009,13:39,15:16,97,1,199000,0,0,50000,249000,Debit
TRX0093,2026-09-03,RS0100,T03,P001,H001,13:55,15:06,71,2,198000,0,0,0,198000,Debit
TRX0094,2026-09-03,RS0101,T29,P001,H001,14:18,15:53,95,10,990000,5,50000,150000,1190000,Debit
TRX0095,2026-09-03,RS0102,T30,P001,H001,14:36,16:06,90,10,970000,0,0,150000,1120000,Kartu Kredit
TRX0096,2026-09-03,RS0103,T16,P003,H009,14:40,16:25,105,4,796000,0,0,100000,896000,Debit
TRX0097,2026-09-03,RS0104,T15,P001,H001,15:49,17:19,90,4,346000,0,0,0,346000,Kartu Kredit
TRX0098,2026-09-03,RS0105,T16,P001,H001,16:43,18:13,90,3,297000,0,0,50000,347000,Cash
TRX0099,2026-09-03,RS0106,T12,P002,H005,16:56,18:09,73,3,333000,0,0,0,333000,Debit
TRX0100,2026-09-03,RS0107,T06,P001,H003,17:12,18:09,57,4,357000,0,0,0,357000,QRIS
TRX0101,2026-09-03,RS0108,T05,P002,H007,17:43,18:53,70,2,318000,0,0,50000,368000,QRIS
TRX0102,2026-09-03,RS0109,T10,P001,H003,17:47,19:17,90,4,476000,0,0,0,476000,Debit
TRX0103,2026-09-03,RS0111,T02,P001,H003,17:48,18:58,70,2,238000,0,0,0,238000,Cash
TRX0104,2026-09-03,RS0110,T28,P001,H003,17:49,18:40,51,8,952000,0,0,0,952000,Cash
TRX0105,2026-09-03,RS0113,T22,P001,H003,17:52,18:49,57,4,404000,0,0,50000,454000,Kartu Kredit
TRX0106,2026-09-03,RS0112,T27,P001,H003,17:52,18:53,61,8,665000,0,0,0,665000,QRIS
TRX0107,2026-09-03,RS0114,T11,P001,H003,17:58,19:17,79,4,404000,0,0,0,404000,Kartu Kredit
TRX0108,2026-09-03,RS0115,T25,P002,H007,18:07,20:22,135,6,954000,45,100000,0,1054000,Kartu Kredit
TRX0109,2026-09-03,RS0116,T26,P002,H007,18:12,19:36,84,5,795000,0,0,0,795000,Debit
TRX0110,2026-09-03,RS0117,T23,P001,H003,18:13,19:58,105,5,595000,15,50000,0,645000,Debit
TRX0111,2026-09-03,RS0118,T17,P001,H003,18:20,19:44,84,6,534000,0,0,0,534000,Cash
TRX0112,2026-09-03,RS0120,T29,P002,H007,18:29,19:46,77,8,889000,0,0,0,889000,QRIS
TRX0113,2026-09-03,RS0119,T06,P001,H003,18:32,19:56,84,3,357000,0,0,0,357000,Kartu Kredit
TRX0114,2026-09-03,RS0121,T01,P003,H011,18:38,19:59,81,2,438000,0,0,0,438000,Debit
TRX0115,2026-09-03,RS0122,T19,P001,H003,18:39,20:09,90,4,404000,0,0,150000,554000,Debit
TRX0116,2026-09-03,RS0123,T03,P002,H007,18:59,20:05,66,2,318000,0,0,0,318000,Cash
TRX0117,2026-09-03,RS0124,T24,P001,H003,19:00,20:25,85,6,714000,0,0,0,714000,QRIS
TRX0118,2026-09-03,RS0125,T20,P003,H011,19:08,20:39,91,4,766000,0,0,0,766000,Cash
TRX0119,2026-09-03,RS0126,T08,P002,H007,19:14,20:29,75,3,477000,0,0,0,477000,Cash
TRX0120,2026-09-03,RS0127,T14,P002,H007,19:21,20:28,67,3,477000,0,0,0,477000,QRIS
TRX0121,2026-09-03,RS0128,T28,P002,H007,19:30,20:33,63,7,921000,0,0,0,921000,QRIS
TRX0122,2026-09-03,RS0129,T04,P002,H007,19:36,21:11,95,1,159000,5,50000,50000,259000,QRIS
TRX0123,2026-09-03,RS0130,T07,P002,H007,20:17,21:47,90,3,477000,0,0,100000,577000,Cash
TRX0124,2026-09-03,RS0133,T16,P002,H007,20:36,21:47,71,3,429000,0,0,50000,479000,QRIS
TRX0125,2026-09-03,RS0131,T05,P002,H007,20:39,21:55,76,2,318000,0,0,50000,368000,QRIS
TRX0126,2026-09-03,RS0132,T15,P001,H003,20:45,22:10,85,4,452000,0,0,50000,502000,QRIS
TRX0127,2026-09-04,RS0134,T07,P002,H005,11:35,12:52,77,4,375000,0,0,0,375000,Kartu Kredit
TRX0128,2026-09-04,RS0135,T19,P003,H009,11:47,13:28,101,4,676000,0,0,0,676000,QRIS
TRX0129,2026-09-04,RS0137,T13,P001,H001,11:51,13:11,80,3,267000,0,0,0,267000,Cash
TRX0130,2026-09-04,RS0136,T18,P002,H005,11:53,13:10,77,6,834000,0,0,100000,934000,Cash
TRX0131,2026-09-04,RS0138,T17,P001,H001,11:56,13:08,72,5,415000,0,0,0,415000,Debit
TRX0132,2026-09-04,RS0140,T16,P001,H001,12:37,13:53,76,3,297000,0,0,100000,397000,Kartu Kredit
TRX0133,2026-09-04,RS0141,T28,P001,H001,12:38,13:53,75,8,553000,0,0,0,553000,Kartu Kredit
TRX0134,2026-09-04,RS0139,T04,P001,H001,12:42,13:56,74,2,198000,0,0,250000,448000,Debit
TRX0135,2026-09-04,RS0143,T09,P002,H005,12:42,14:07,85,3,417000,0,0,0,417000,Debit
TRX0136,2026-09-04,RS0142,T12,P001,H001,12:43,13:54,71,3,267000,0,0,0,267000,QRIS
TRX0137,2026-09-04,RS0144,T22,P002,H005,13:02,14:13,71,4,486000,0,0,150000,636000,QRIS
TRX0138,2026-09-04,RS0145,T01,P001,H001,13:06,14:30,84,1,99000,0,0,0,99000,QRIS
TRX0139,2026-09-04,RS0146,T03,P002,H005,13:07,14:37,90,2,278000,0,0,100000,378000,Debit
TRX0140,2026-09-04,RS0147,T21,P002,H005,13:07,14:36,89,4,556000,0,0,0,556000,QRIS
TRX0141,2026-09-04,RS0150,T05,P002,H005,13:39,14:48,69,2,278000,0,0,0,278000,QRIS
TRX0142,2026-09-04,RS0148,T25,P002,H005,13:39,14:45,66,5,569000,0,0,0,569000,Debit
TRX0143,2026-09-04,RS0149,T27,P002,H005,13:39,15:34,115,8,1112000,25,50000,100000,1262000,QRIS
TRX0144,2026-09-04,RS0151,T02,P001,H001,13:57,15:08,71,2,198000,0,0,0,198000,Debit
TRX0145,2026-09-04,RS0152,T17,P003,H009,14:02,16:02,120,6,1194000,0,0,100000,1294000,Cash
TRX0146,2026-09-04,RS0153,T26,P002,H005,14:10,15:18,68,6,834000,0,0,0,834000,Debit
TRX0147,2026-09-04,RS0154,T20,P002,H005,14:21,15:35,74,4,556000,0,0,150000,706000,Debit
TRX0148,2026-09-04,RS0155,T06,P002,H005,14:40,15:41,61,4,556000,0,0,100000,656000,Debit
TRX0149,2026-09-04,RS0156,T06,P003,H009,16:09,17:34,85,3,597000,0,0,50000,647000,Kartu Kredit
TRX0150,2026-09-04,RS0157,T14,P001,H001,16:26,17:33,67,3,297000,0,0,0,297000,Debit
TRX0151,2026-09-04,RS0158,T09,P001,H001,16:37,18:05,88,4,396000,0,0,0,396000,Kartu Kredit
TRX0152,2026-09-04,RS0160,T17,P001,H003,17:06,18:20,74,6,714000,0,0,100000,814000,Debit
TRX0153,2026-09-04,RS0162,T22,P001,H003,17:09,18:36,87,4,476000,0,0,50000,526000,Cash
TRX0154,2026-09-04,RS0163,T23,P001,H003,17:09,19:24,135,6,499000,45,100000,0,599000,QRIS
TRX0155,2026-09-04,RS0159,T03,P002,H007,17:11,18:41,90,1,159000,0,0,0,159000,Cash
TRX0156,2026-09-04,RS0161,T19,P003,H011,17:14,19:19,125,3,657000,5,50000,50000,757000,QRIS
TRX0157,2026-09-04,RS0164,T28,P001,H003,17:15,18:29,74,8,952000,0,0,0,952000,QRIS
TRX0158,2026-09-04,RS0165,T05,P001,H003,17:18,18:24,66,2,238000,0,0,50000,288000,QRIS
TRX0159,2026-09-04,RS0166,T24,P002,H007,17:32,18:40,68,5,731000,0,0,100000,831000,QRIS
TRX0160,2026-09-04,RS0169,T18,P001,H003,17:39,18:52,73,5,595000,0,0,100000,695000,QRIS
TRX0161,2026-09-04,RS0168,T11,P003,H011,17:40,20:25,165,3,525000,45,100000,0,625000,QRIS
TRX0162,2026-09-04,RS0172,T26,P002,H007,17:44,19:04,80,6,954000,0,0,0,954000,QRIS
TRX0163,2026-09-04,RS0171,T25,P001,H003,17:45,19:15,90,6,714000,0,0,50000,764000,QRIS
TRX0164,2026-09-04,RS0167,T02,P002,H007,17:48,19:18,90,2,318000,0,0,50000,368000,QRIS
TRX0165,2026-09-04,RS0173,T15,P001,H003,17:54,19:24,90,4,428000,0,0,0,428000,QRIS
TRX0166,2026-09-04,RS0174,T10,P003,H011,17:55,19:55,120,4,876000,0,0,50000,926000,QRIS
TRX0167,2026-09-04,RS0176,T14,P001,H003,18:06,19:51,105,3,357000,15,50000,0,407000,QRIS
TRX0168,2026-09-04,RS0177,T16,P001,H003,18:09,19:14,65,3,238000,0,0,150000,388000,Kartu Kredit
TRX0169,2026-09-04,RS0179,T01,P003,H011,18:10,19:46,96,2,372000,0,0,0,372000,QRIS
TRX0170,2026-09-04,RS0175,T04,P003,H011,18:10,19:32,82,2,372000,0,0,0,372000,Kartu Kredit
TRX0171,2026-09-04,RS0178,T20,P001,H003,18:12,19:37,85,4,476000,0,0,0,476000,QRIS
TRX0172,2026-09-04,RS0180,T27,P002,H007,18:29,19:24,55,8,1032000,0,0,0,1032000,Kartu Kredit
TRX0173,2026-09-04,RS0181,T08,P003,H011,18:35,20:18,103,4,678000,0,0,0,678000,Cash
TRX0174,2026-09-04,RS0182,T13,P003,H011,18:36,20:41,125,4,876000,5,50000,100000,1026000,Cash
TRX0175,2026-09-04,RS0183,T17,P002,H007,18:38,20:05,87,5,795000,0,0,50000,845000,Debit
TRX0176,2026-09-04,RS0185,T07,P001,H003,18:40,19:49,69,4,476000,0,0,50000,526000,Debit
TRX0177,2026-09-04,RS0186,T24,P001,H003,18:57,20:24,87,5,595000,0,0,50000,645000,Kartu Kredit
TRX0178,2026-09-04,RS0187,T05,P002,H007,19:02,20:15,73,2,318000,0,0,100000,418000,Debit
TRX0179,2026-09-04,RS0190,T21,P003,H011,19:07,21:01,114,3,657000,0,0,50000,707000,QRIS
TRX0180,2026-09-04,RS0189,T12,P001,H003,19:09,20:12,63,3,357000,0,0,200000,557000,Kartu Kredit
TRX0181,2026-09-04,RS0191,T25,P002,H007,19:46,20:59,73,5,795000,0,0,600000,1395000,QRIS
TRX0182,2026-09-04,RS0192,T03,P001,H003,20:27,21:42,75,2,238000,0,0,0,238000,Debit
TRX0183,2026-09-05,RS0193,T06,P003,H010,11:13,13:05,112,4,876000,0,0,0,876000,QRIS
TRX0184,2026-09-05,RS0194,T22,P002,H006,11:21,12:51,90,4,429000,0,0,0,429000,QRIS
TRX0185,2026-09-05,RS0195,T13,P001,H002,11:35,13:00,85,3,238000,0,0,0,238000,Cash
TRX0186,2026-09-05,RS0197,T20,P001,H002,11:41,13:00,79,4,476000,0,0,0,476000,Debit
TRX0187,2026-09-05,RS0198,T16,P001,H002,12:02,13:23,81,4,476000,0,0,50000,526000,Kartu Kredit
TRX0188,2026-09-05,RS0199,T12,P003,H010,12:04,13:54,110,2,219000,0,0,0,219000,QRIS
TRX0189,2026-09-05,RS0201,T04,P003,H010,12:06,13:44,98,2,438000,0,0,150000,588000,Kartu Kredit
TRX0190,2026-09-05,RS0200,T02,P002,H006,12:12,13:25,73,1,127000,0,0,100000,227000,Cash
TRX0191,2026-09-05,RS0202,T14,P002,H006,12:14,14:44,150,4,604000,60,100000,150000,854000,QRIS
TRX0192,2026-09-05,RS0203,T18,P001,H002,12:22,13:12,50,6,499000,0,0,0,499000,Debit
TRX0193,2026-09-05,RS0205,T05,P002,H006,12:37,14:02,85,2,318000,0,0,0,318000,Kartu Kredit
TRX0194,2026-09-05,RS0206,T10,P003,H010,12:37,14:10,93,3,657000,0,0,150000,807000,Kartu Kredit
TRX0195,2026-09-05,RS0204,T01,P002,H006,12:38,14:02,84,2,318000,0,0,0,318000,Debit
TRX0196,2026-09-05,RS0208,T28,P003,H010,12:39,15:19,160,8,1356000,40,100000,0,1456000,QRIS
TRX0197,2026-09-05,RS0207,T15,P002,H006,12:42,14:06,84,4,636000,0,0,200000,836000,QRIS
TRX0198,2026-09-05,RS0209,T08,P002,H006,12:44,13:49,65,4,636000,0,0,0,636000,Debit
TRX0199,2026-09-05,RS0210,T11,P002,H006,12:52,13:55,63,3,318000,0,0,0,318000,Kartu Kredit
TRX0200,2026-09-05,RS0211,T24,P002,H006,13:04,14:24,80,5,795000,0,0,100000,895000,Debit
TRX0201,2026-09-05,RS0213,T27,P001,H002,13:09,15:24,135,8,736000,45,100000,50000,886000,QRIS
TRX0202,2026-09-05,RS0212,T07,P003,H010,13:14,15:39,145,3,657000,25,50000,50000,757000,QRIS
TRX0203,2026-09-05,RS0215,T06,P003,H010,13:33,16:33,180,2,438000,60,100000,0,538000,Debit
TRX0204,2026-09-05,RS0216,T03,P003,H010,13:40,15:31,111,2,438000,0,0,0,438000,Kartu Kredit
TRX0205,2026-09-05,RS0217,T29,P003,H010,13:49,15:34,105,10,2190000,0,0,100000,2290000,Debit
TRX0206,2026-09-05,RS0218,T09,P001,H002,14:02,15:28,86,4,440000,0,0,100000,540000,QRIS
TRX0207,2026-09-05,RS0219,T02,P002,H006,14:09,15:19,70,2,318000,0,0,0,318000,Kartu Kredit
TRX0208,2026-09-05,RS0220,T05,P003,H010,14:37,16:37,120,2,438000,0,0,0,438000,Cash
TRX0209,2026-09-05,RS0221,T21,P001,H002,14:58,16:12,74,4,428000,0,0,0,428000,QRIS
TRX0210,2026-09-05,RS0222,T01,P002,H006,15:13,16:15,62,2,318000,0,0,0,318000,QRIS
TRX0211,2026-09-05,RS0224,T26,P002,H006,15:37,16:42,65,5,795000,0,0,0,795000,Debit
TRX0212,2026-09-05,RS0225,T28,P003,H010,16:19,17:54,95,7,1050000,0,0,300000,1350000,Cash
TRX0213,2026-09-05,RS0226,T07,P001,H002,16:40,17:56,76,3,333000,0,0,100000,433000,Cash
TRX0214,2026-09-05,RS0229,T04,P003,H012,17:10,18:52,102,2,478000,0,0,0,478000,Debit
TRX0215,2026-09-05,RS0230,T14,P003,H012,17:10,18:57,107,4,956000,0,0,0,956000,Cash
TRX0216,2026-09-05,RS0232,T27,P003,H012,17:13,18:42,89,8,1313000,0,0,0,1313000,Kartu Kredit
TRX0217,2026-09-05,RS0227,T01,P002,H008,17:15,18:41,86,2,358000,0,0,0,358000,Cash
TRX0218,2026-09-05,RS0233,T25,P002,H008,17:31,18:51,80,6,1074000,0,0,100000,1174000,QRIS
TRX0219,2026-09-05,RS0235,T20,P002,H008,17:37,18:57,80,4,716000,0,0,0,716000,QRIS
TRX0220,2026-09-05,RS0234,T11,P003,H012,17:41,19:10,89,4,836000,0,0,0,836000,QRIS
TRX0221,2026-09-05,RS0236,T10,P001,H004,17:50,19:19,89,3,417000,0,0,0,417000,Cash
TRX0222,2026-09-05,RS0237,T09,P001,H004,17:59,19:24,85,2,250000,0,0,50000,300000,QRIS
TRX0223,2026-09-05,RS0238,T13,P003,H012,18:04,20:24,140,4,836000,20,50000,0,886000,Kartu Kredit
TRX0224,2026-09-05,RS0242,T15,P001,H004,18:05,19:55,110,3,417000,20,50000,150000,617000,Kartu Kredit
TRX0225,2026-09-05,RS0247,T29,P001,H004,18:06,19:09,63,8,1112000,0,0,0,1112000,Cash
TRX0226,2026-09-05,RS0241,T06,P001,H004,18:07,19:47,100,3,417000,10,50000,0,467000,QRIS
TRX0227,2026-09-05,RS0240,T03,P002,H008,18:10,19:22,72,2,358000,0,0,0,358000,QRIS
TRX0228,2026-09-05,RS0244,T21,P001,H004,18:10,19:32,82,3,417000,0,0,0,417000,QRIS
TRX0229,2026-09-05,RS0246,T26,P001,H004,18:10,19:24,74,4,556000,0,0,0,556000,Cash
TRX0230,2026-09-05,RS0239,T02,P002,H008,18:20,19:42,82,2,358000,0,0,0,358000,QRIS
TRX0231,2026-09-05,RS0248,T05,P001,H004,18:38,19:35,57,2,278000,0,0,0,278000,QRIS
TRX0232,2026-09-05,RS0252,T28,P001,H004,18:42,20:52,130,7,708000,40,100000,0,808000,QRIS
TRX0233,2026-09-05,RS0250,T16,P002,H008,18:45,20:15,90,2,358000,0,0,100000,458000,QRIS
TRX0234,2026-09-05,RS0251,T22,P003,H012,18:45,20:45,120,4,956000,0,0,0,956000,Kartu Kredit
TRX0235,2026-09-05,RS0249,T08,P001,H004,18:49,20:02,73,2,278000,0,0,50000,328000,Kartu Kredit
TRX0236,2026-09-05,RS0258,T23,P001,H004,19:07,20:28,81,5,695000,0,0,0,695000,QRIS
TRX0237,2026-09-05,RS0255,T12,P003,H012,19:08,21:01,113,3,645000,0,0,100000,745000,Kartu Kredit
TRX0238,2026-09-05,RS0257,T19,P001,H004,19:08,20:26,78,4,556000,0,0,0,556000,Debit
TRX0239,2026-09-05,RS0253,T25,P001,H004,19:12,21:02,110,6,666000,20,50000,0,716000,QRIS
TRX0240,2026-09-05,RS0259,T24,P001,H004,19:14,20:36,82,6,834000,0,0,400000,1234000,QRIS
TRX0241,2026-09-05,RS0256,T18,P001,H004,19:17,20:47,90,5,695000,0,0,100000,795000,Kartu Kredit
TRX0242,2026-09-05,RS0260,T14,P001,H004,19:27,20:42,75,3,417000,0,0,100000,517000,QRIS
TRX0243,2026-09-05,RS0263,T07,P003,H012,19:36,21:20,104,4,645000,0,0,0,645000,Debit
TRX0244,2026-09-05,RS0265,T17,P003,H012,19:36,21:34,118,6,1146000,0,0,100000,1246000,QRIS
TRX0245,2026-09-05,RS0262,T04,P002,H008,19:42,20:50,68,2,358000,0,0,50000,408000,Cash
TRX0246,2026-09-05,RS0254,T26,P002,H008,19:43,21:04,81,5,769000,0,0,0,769000,Debit
TRX0247,2026-09-05,RS0266,T27,P002,H008,19:43,20:58,75,7,1163000,0,0,0,1163000,Kartu Kredit
TRX0248,2026-09-05,RS0261,T01,P002,H008,19:44,21:01,77,1,179000,0,0,0,179000,Kartu Kredit
TRX0249,2026-09-05,RS0267,T20,P002,H008,19:55,20:58,63,4,626000,0,0,0,626000,QRIS
TRX0250,2026-09-05,RS0268,T11,P002,H008,20:17,21:23,66,3,537000,0,0,50000,587000,Debit
TRX0251,2026-09-06,RS0270,T05,P002,H006,11:37,12:49,72,2,318000,0,0,100000,418000,QRIS
TRX0252,2026-09-06,RS0271,T02,P003,H010,11:45,13:26,101,2,372000,0,0,50000,422000,Cash
TRX0253,2026-09-06,RS0272,T11,P001,H002,11:47,12:52,65,4,476000,0,0,100000,576000,QRIS
TRX0254,2026-09-06,RS0273,T03,P001,H002,12:04,13:34,90,2,238000,0,0,100000,338000,Debit
TRX0255,2026-09-06,RS0274,T13,P001,H002,12:07,13:07,60,4,476000,0,0,200000,676000,Cash
TRX0256,2026-09-06,RS0276,T04,P002,H006,12:09,13:20,71,2,318000,0,0,50000,368000,Debit
TRX0257,2026-09-06,RS0277,T08,P001,H002,12:10,13:33,83,4,416000,0,0,150000,566000,Kartu Kredit
TRX0258,2026-09-06,RS0279,T22,P001,H002,12:10,13:24,74,4,416000,0,0,50000,466000,Debit
TRX0259,2026-09-06,RS0275,T01,P002,H006,12:11,13:11,60,2,318000,0,0,50000,368000,Cash
TRX0260,2026-09-06,RS0280,T19,P001,H002,12:23,14:33,130,4,476000,40,100000,300000,876000,Kartu Kredit
TRX0261,2026-09-06,RS0281,T27,P003,H010,12:29,14:11,102,7,1533000,0,0,250000,1783000,QRIS
TRX0262,2026-09-06,RS0282,T09,P002,H006,12:36,14:51,135,3,318000,45,100000,0,418000,QRIS
TRX0263,2026-09-06,RS0284,T21,P001,H002,12:41,14:01,80,3,321000,0,0,0,321000,QRIS
TRX0264,2026-09-06,RS0285,T28,P001,H002,12:54,13:48,54,7,833000,0,0,100000,933000,Debit
TRX0265,2026-09-06,RS0286,T26,P001,H002,13:04,14:32,88,6,714000,0,0,100000,814000,QRIS
TRX0266,2026-09-06,RS0289,T10,P003,H010,13:12,14:46,94,4,766000,0,0,0,766000,Debit
TRX0267,2026-09-06,RS0288,T20,P001,H002,13:14,14:17,63,4,476000,0,0,50000,526000,Kartu Kredit
TRX0268,2026-09-06,RS0287,T07,P002,H006,13:16,14:43,87,3,381000,0,0,100000,481000,QRIS
TRX0269,2026-09-06,RS0290,T29,P002,H006,13:19,14:39,80,10,1526000,0,0,0,1526000,Kartu Kredit
TRX0270,2026-09-06,RS0291,T13,P001,H002,13:39,14:46,67,4,404000,0,0,0,404000,QRIS
TRX0271,2026-09-06,RS0292,T06,P001,H002,13:47,15:11,84,4,404000,0,0,0,404000,Debit
TRX0272,2026-09-06,RS0294,T24,P003,H010,14:11,16:02,111,6,1050000,0,0,100000,1150000,QRIS
TRX0273,2026-09-06,RS0293,T04,P001,H002,14:16,15:34,78,2,238000,0,0,50000,288000,QRIS
TRX0274,2026-09-06,RS0296,T23,P001,H002,14:38,15:42,64,5,487000,0,0,50000,537000,QRIS
TRX0275,2026-09-06,RS0295,T01,P001,H002,14:40,15:56,76,2,238000,0,0,0,238000,QRIS
TRX0276,2026-09-06,RS0297,T17,P001,H002,14:46,16:10,84,6,487000,0,0,50000,537000,Debit
TRX0277,2026-09-06,RS0298,T27,P003,H010,15:50,17:23,93,8,1752000,0,0,0,1752000,Kartu Kredit
TRX0278,2026-09-06,RS0299,T02,P003,H010,16:04,17:29,85,2,394000,0,0,50000,444000,Cash
TRX0279,2026-09-06,RS0300,T25,P001,H002,16:18,17:21,63,5,595000,0,0,0,595000,Kartu Kredit
TRX0280,2026-09-06,RS0302,T16,P001,H002,16:36,17:52,76,4,476000,0,0,0,476000,QRIS
TRX0281,2026-09-06,RS0303,T10,P002,H006,16:42,17:42,60,4,636000,0,0,50000,686000,Kartu Kredit
TRX0282,2026-09-06,RS0301,T13,P001,H002,16:43,18:13,90,3,357000,0,0,0,357000,QRIS
TRX0283,2026-09-06,RS0304,T18,P001,H002,16:44,18:06,82,6,714000,0,0,100000,814000,QRIS
TRX0284,2026-09-06,RS0305,T09,P001,H002,16:47,17:55,68,4,476000,0,0,0,476000,Debit
TRX0285,2026-09-06,RS0306,T08,P002,H008,17:24,19:04,100,3,537000,10,50000,50000,637000,QRIS
TRX0286,2026-09-06,RS0309,T07,P001,H004,17:35,18:38,63,3,417000,0,0,50000,467000,Debit
TRX0287,2026-09-06,RS0311,T29,P001,H004,17:37,18:46,69,9,1251000,0,0,0,1251000,QRIS
TRX0288,2026-09-06,RS0312,T22,P001,H004,17:38,18:34,56,4,486000,0,0,0,486000,QRIS
TRX0289,2026-09-06,RS0313,T03,P001,H004,17:43,19:02,79,2,278000,0,0,0,278000,Debit
TRX0290,2026-09-06,RS0308,T06,P003,H012,17:48,19:26,98,4,956000,0,0,50000,1006000,Cash
TRX0291,2026-09-06,RS0316,T24,P001,H004,18:10,19:40,90,6,527000,0,0,0,527000,Cash
TRX0292,2026-09-06,RS0317,T02,P001,H004,18:23,19:36,73,2,139000,0,0,50000,189000,QRIS
TRX0293,2026-09-06,RS0323,T01,P001,H004,18:39,20:00,81,2,278000,0,0,0,278000,Debit
TRX0294,2026-09-06,RS0318,T05,P002,H008,18:40,19:56,76,2,322000,0,0,0,322000,Debit
TRX0295,2026-09-06,RS0324,T26,P001,H004,18:44,20:19,95,6,583000,5,50000,50000,683000,QRIS
TRX0296,2026-09-06,RS0322,T25,P002,H008,18:45,19:51,66,5,895000,0,0,200000,1095000,Debit
TRX0297,2026-09-06,RS0320,T20,P002,H008,18:46,20:12,86,3,537000,0,0,0,537000,Kartu Kredit
TRX0298,2026-09-06,RS0319,T18,P002,H008,18:50,20:02,72,5,895000,0,0,50000,945000,QRIS
TRX0299,2026-09-06,RS0325,T04,P001,H004,19:06,20:08,62,2,139000,0,0,0,139000,Debit
TRX0300,2026-09-06,RS0326,T07,P001,H004,19:14,20:28,74,3,417000,0,0,0,417000,QRIS
TRX0301,2026-09-06,RS0328,T23,P002,H008,19:19,20:42,83,5,679000,0,0,150000,829000,Kartu Kredit
TRX0302,2026-09-06,RS0329,T17,P003,H012,19:31,21:25,114,5,1195000,0,0,0,1195000,Debit
TRX0303,2026-09-06,RS0330,T11,P002,H008,19:33,20:55,82,4,716000,0,0,0,716000,QRIS
TRX0304,2026-09-06,RS0331,T14,P003,H012,19:42,21:38,116,4,812000,0,0,0,812000,QRIS
TRX0305,2026-09-06,RS0332,T15,P001,H004,20:10,22:20,130,3,417000,40,100000,0,517000,Kartu Kredit
TRX0306,2026-09-06,RS0333,T22,P001,H004,20:20,21:32,72,3,417000,0,0,100000,517000,Cash
TRX0307,2026-09-06,RS0335,T24,P002,H008,20:47,22:12,85,5,895000,0,0,50000,945000,Kartu Kredit
TRX0308,2026-09-07,RS0337,T06,P002,H005,11:12,12:33,81,3,361000,0,0,150000,511000,Cash
TRX0309,2026-09-07,RS0336,T15,P002,H005,11:13,12:32,79,4,556000,0,0,0,556000,Kartu Kredit
TRX0310,2026-09-07,RS0338,T29,P001,H001,11:41,13:11,90,10,990000,0,0,100000,1090000,Cash
TRX0311,2026-09-07,RS0339,T08,P001,H001,11:56,13:51,115,4,336000,25,50000,0,386000,Kartu Kredit
TRX0312,2026-09-07,RS0340,T11,P003,H009,12:12,13:53,101,3,338000,0,0,0,338000,Debit
TRX0313,2026-09-07,RS0341,T26,P001,H001,12:40,14:06,86,6,554000,0,0,200000,754000,Debit
TRX0314,2026-09-07,RS0342,T05,P001,H001,13:06,15:06,120,2,198000,30,50000,100000,348000,Debit
TRX0315,2026-09-07,RS0344,T12,P001,H001,13:09,14:37,88,3,267000,0,0,0,267000,Kartu Kredit
TRX0316,2026-09-07,RS0343,T03,P001,H001,13:10,14:25,75,2,198000,0,0,50000,248000,QRIS
TRX0317,2026-09-07,RS0346,T14,P003,H009,13:17,15:10,113,4,796000,0,0,150000,946000,Kartu Kredit
TRX0318,2026-09-07,RS0345,T01,P002,H005,13:19,15:09,110,2,236000,20,50000,50000,336000,Kartu Kredit
TRX0319,2026-09-07,RS0347,T16,P002,H005,13:28,14:54,86,4,333000,0,0,0,333000,QRIS
TRX0320,2026-09-07,RS0348,T02,P002,H005,13:36,16:16,160,2,250000,70,150000,0,400000,Debit
TRX0321,2026-09-07,RS0349,T15,P001,H001,13:59,15:22,83,2,178000,0,0,0,178000,Kartu Kredit
TRX0322,2026-09-07,RS0350,T04,P001,H001,14:14,15:29,75,1,99000,0,0,50000,149000,Debit
TRX0323,2026-09-07,RS0352,T01,P001,H001,15:36,16:49,73,1,99000,0,0,100000,199000,QRIS
TRX0324,2026-09-07,RS0351,T03,P002,H005,15:36,17:36,120,2,278000,30,50000,0,328000,Kartu Kredit
TRX0325,2026-09-07,RS0353,T01,P003,H011,17:12,19:10,118,1,219000,0,0,100000,319000,QRIS
TRX0326,2026-09-07,RS0354,T19,P003,H011,17:21,18:36,75,3,657000,0,0,100000,757000,QRIS
TRX0327,2026-09-07,RS0357,T03,P001,H003,18:06,19:27,81,2,238000,0,0,0,238000,QRIS
TRX0328,2026-09-07,RS0356,T02,P002,H007,18:15,19:23,68,2,286000,0,0,0,286000,Debit
TRX0329,2026-09-07,RS0358,T14,P001,H003,18:23,19:46,83,4,416000,0,0,150000,566000,Kartu Kredit
TRX0330,2026-09-07,RS0359,T05,P002,H007,18:31,19:58,87,2,270000,0,0,0,270000,Cash
TRX0331,2026-09-07,RS0360,T25,P003,H011,18:37,20:23,106,5,1095000,0,0,0,1095000,QRIS
TRX0332,2026-09-07,RS0361,T07,P001,H003,18:44,20:00,76,4,476000,0,0,150000,626000,Kartu Kredit
TRX0333,2026-09-07,RS0362,T04,P001,H003,19:02,20:32,90,2,214000,0,0,50000,264000,Cash
TRX0334,2026-09-07,RS0363,T17,P002,H007,19:11,20:27,76,5,699000,0,0,50000,749000,Cash
TRX0335,2026-09-07,RS0365,T11,P001,H003,19:20,20:47,87,3,321000,0,0,0,321000,QRIS
TRX0336,2026-09-07,RS0364,T19,P001,H003,19:21,21:06,105,3,357000,15,50000,0,407000,Kartu Kredit
TRX0337,2026-09-07,RS0366,T13,P003,H011,19:30,21:02,92,3,438000,0,0,0,438000,QRIS
TRX0338,2026-09-07,RS0367,T26,P001,H003,19:30,20:52,82,6,714000,0,0,50000,764000,Kartu Kredit
TRX0339,2026-09-07,RS0368,T15,P001,H003,19:41,20:48,67,3,357000,0,0,50000,407000,Cash
TRX0340,2026-09-07,RS0369,T23,P002,H007,19:56,20:57,61,6,954000,0,0,0,954000,Kartu Kredit
TRX0341,2026-09-07,RS0370,T24,P001,H003,20:23,21:53,90,6,654000,0,0,100000,754000,Cash
TRX0342,2026-09-08,RS0371,T17,P002,H005,11:07,12:23,76,5,695000,0,0,100000,795000,QRIS
TRX0343,2026-09-08,RS0372,T25,P002,H005,11:23,13:13,110,5,695000,20,50000,100000,845000,QRIS
TRX0344,2026-09-08,RS0373,T10,P001,H001,11:28,12:47,79,3,267000,0,0,0,267000,Kartu Kredit
TRX0345,2026-09-08,RS0374,T01,P002,H005,12:08,13:21,73,2,278000,0,0,0,278000,Cash
TRX0346,2026-09-08,RS0375,T03,P002,H005,12:08,13:43,95,2,236000,5,50000,50000,336000,Debit
TRX0347,2026-09-08,RS0376,T16,P002,H005,12:33,13:41,68,4,556000,0,0,0,556000,QRIS
TRX0348,2026-09-08,RS0377,T07,P001,H001,12:38,13:47,69,3,297000,0,0,0,297000,Cash
TRX0349,2026-09-08,RS0378,T08,P002,H005,12:40,13:54,74,3,417000,0,0,100000,517000,Cash
TRX0350,2026-09-08,RS0379,T09,P001,H001,12:47,13:58,71,3,297000,0,0,0,297000,Kartu Kredit
TRX0351,2026-09-08,RS0380,T04,P001,H001,13:07,14:31,84,2,178000,0,0,100000,278000,Debit
TRX0352,2026-09-08,RS0381,T10,P002,H005,13:11,14:18,67,3,333000,0,0,50000,383000,Kartu Kredit
TRX0353,2026-09-08,RS0382,T12,P002,H005,13:49,14:52,63,3,375000,0,0,0,375000,QRIS
TRX0354,2026-09-08,RS0383,T27,P001,H001,15:33,16:55,82,7,653000,0,0,0,653000,QRIS
TRX0355,2026-09-08,RS0385,T28,P001,H001,15:42,16:45,63,7,484000,0,0,0,484000,QRIS
TRX0356,2026-09-08,RS0384,T03,P001,H001,15:45,17:01,76,2,168000,0,0,100000,268000,QRIS
TRX0357,2026-09-08,RS0388,T07,P002,H005,16:42,17:52,70,4,333000,0,0,0,333000,Cash
TRX0358,2026-09-08,RS0387,T14,P002,H005,16:42,18:08,86,3,417000,0,0,50000,467000,Debit
TRX0359,2026-09-08,RS0389,T04,P002,H005,16:56,18:22,86,2,236000,0,0,0,236000,QRIS
TRX0360,2026-09-08,RS0390,T02,P001,H003,17:11,19:11,120,2,214000,30,50000,0,264000,Kartu Kredit
TRX0361,2026-09-08,RS0391,T27,P003,H011,17:25,18:56,91,7,1203000,0,0,100000,1303000,QRIS
TRX0362,2026-09-08,RS0392,T05,P002,H007,17:27,18:36,69,1,159000,0,0,50000,209000,QRIS
TRX0363,2026-09-08,RS0393,T20,P003,H011,17:35,19:35,120,4,876000,0,0,100000,976000,QRIS
TRX0364,2026-09-08,RS0394,T16,P001,H003,17:39,20:09,150,4,404000,60,100000,100000,604000,Debit
TRX0365,2026-09-08,RS0395,T23,P003,H011,17:47,19:20,93,6,919000,0,0,100000,1019000,Kartu Kredit
TRX0366,2026-09-08,RS0396,T08,P001,H003,18:08,19:12,64,3,357000,0,0,50000,407000,Cash
TRX0367,2026-09-08,RS0397,T26,P002,H007,18:11,19:29,78,6,954000,0,0,0,954000,Debit
TRX0368,2026-09-08,RS0398,T07,P003,H011,18:28,19:55,87,4,744000,0,0,50000,794000,Cash
TRX0369,2026-09-08,RS0399,T30,P002,H007,18:29,19:51,82,12,1908000,0,0,0,1908000,Cash
TRX0370,2026-09-08,RS0400,T01,P003,H011,18:38,20:36,118,2,438000,0,0,0,438000,Debit
TRX0371,2026-09-08,RS0401,T21,P001,H003,18:40,20:09,89,4,428000,0,0,150000,578000,Kartu Kredit
TRX0372,2026-09-08,RS0402,T24,P002,H007,18:40,20:10,90,6,954000,0,0,150000,1104000,Cash
TRX0373,2026-09-08,RS0404,T03,P002,H007,18:41,20:36,115,2,318000,25,50000,50000,418000,Debit
TRX0374,2026-09-08,RS0403,T17,P002,H007,18:42,19:49,67,5,795000,0,0,0,795000,QRIS
TRX0375,2026-09-08,RS0405,T28,P002,H007,19:01,21:01,120,7,1113000,30,50000,50000,1213000,Kartu Kredit
TRX0376,2026-09-09,RS0406,T20,P001,H001,11:12,12:36,84,4,336000,0,0,100000,436000,Cash
TRX0377,2026-09-09,RS0407,T21,P001,H001,11:29,12:58,89,4,267000,0,0,0,267000,Debit
TRX0378,2026-09-09,RS0408,T05,P002,H005,11:36,12:55,79,2,278000,0,0,0,278000,Debit
TRX0379,2026-09-09,RS0409,T04,P001,H001,11:42,13:01,79,1,99000,0,0,200000,299000,QRIS
TRX0380,2026-09-09,RS0410,T07,P001,H001,12:12,13:28,76,3,198000,0,0,0,198000,QRIS
TRX0381,2026-09-09,RS0411,T03,P003,H009,12:16,14:04,108,2,338000,0,0,0,338000,QRIS
TRX0382,2026-09-09,RS0412,T19,P002,H005,12:23,13:36,73,4,556000,0,0,100000,656000,QRIS
TRX0383,2026-09-09,RS0413,T22,P002,H005,13:01,14:13,72,4,500000,0,0,0,500000,Debit
TRX0384,2026-09-09,RS0414,T01,P002,H005,13:18,14:48,90,2,278000,0,0,100000,378000,Cash
TRX0385,2026-09-09,RS0415,T02,P001,H001,13:29,14:40,71,2,198000,0,0,0,198000,Cash
TRX0386,2026-09-09,RS0416,T10,P001,H001,13:42,14:47,65,4,396000,0,0,0,396000,QRIS
TRX0387,2026-09-09,RS0417,T05,P001,H001,13:48,15:01,73,2,198000,0,0,0,198000,Debit
TRX0388,2026-09-09,RS0418,T04,P001,H001,14:00,15:18,78,2,168000,0,0,0,168000,Debit
TRX0389,2026-09-09,RS0419,T07,P002,H005,14:23,15:41,78,4,375000,0,0,0,375000,QRIS
TRX0390,2026-09-09,RS0420,T09,P002,H005,15:46,16:59,73,3,417000,0,0,0,417000,Debit
TRX0391,2026-09-09,RS0421,T01,P003,H009,16:28,18:14,106,2,398000,0,0,50000,448000,QRIS
TRX0392,2026-09-09,RS0422,T13,P002,H005,16:50,17:59,69,4,556000,0,0,0,556000,QRIS
TRX0393,2026-09-09,RS0423,T22,P001,H001,16:58,18:18,80,4,336000,0,0,0,336000,Cash
TRX0394,2026-09-09,RS0424,T04,P001,H003,17:11,18:41,90,1,119000,0,0,0,119000,Cash
TRX0395,2026-09-09,RS0425,T06,P003,H011,17:15,19:45,150,4,591000,30,50000,0,641000,Kartu Kredit
TRX0396,2026-09-09,RS0426,T15,P003,H011,17:21,19:21,120,3,657000,0,0,100000,757000,Debit
TRX0397,2026-09-09,RS0427,T10,P002,H007,17:28,18:49,81,3,318000,0,0,0,318000,Kartu Kredit
TRX0398,2026-09-09,RS0428,T26,P002,H007,17:35,18:58,83,5,795000,0,0,50000,845000,QRIS
TRX0399,2026-09-09,RS0429,T23,P001,H003,17:51,19:21,90,6,534000,0,0,0,534000,Cash
TRX0400,2026-09-09,RS0430,T24,P001,H003,18:00,19:14,74,5,499000,0,0,100000,599000,Debit
TRX0401,2026-09-09,RS0432,T08,P002,H007,18:11,19:27,76,4,636000,0,0,0,636000,QRIS
TRX0402,2026-09-09,RS0431,T03,P001,H003,18:15,19:41,86,2,238000,0,0,100000,338000,QRIS
TRX0403,2026-09-09,RS0434,T11,P001,H003,18:47,19:56,69,4,476000,0,0,0,476000,Debit
TRX0404,2026-09-09,RS0435,T09,P002,H007,19:00,20:18,78,3,429000,0,0,0,429000,QRIS
TRX0405,2026-09-09,RS0437,T21,P002,H007,19:05,20:18,73,4,556000,0,0,100000,656000,Debit
TRX0406,2026-09-09,RS0436,T17,P001,H003,19:06,20:17,71,5,571000,0,0,50000,621000,Debit
TRX0407,2026-09-09,RS0439,T28,P002,H007,19:12,20:24,72,8,984000,0,0,0,984000,Debit
TRX0408,2026-09-09,RS0440,T29,P001,H003,19:13,20:33,80,9,1011000,0,0,100000,1111000,Debit
TRX0409,2026-09-09,RS0441,T16,P003,H011,19:16,21:16,120,3,657000,0,0,50000,707000,Debit
TRX0410,2026-09-09,RS0438,T25,P003,H011,19:18,21:48,150,6,1160000,30,50000,0,1210000,Debit
TRX0411,2026-09-09,RS0442,T12,P002,H007,19:20,20:33,73,4,636000,0,0,0,636000,Cash
TRX0412,2026-09-09,RS0443,T02,P002,H007,19:29,20:58,89,2,159000,0,0,0,159000,QRIS
TRX0413,2026-09-09,RS0444,T07,P001,H003,19:30,20:36,66,4,416000,0,0,0,416000,QRIS
TRX0414,2026-09-09,RS0445,T05,P002,H007,19:40,20:46,66,2,159000,0,0,0,159000,QRIS
TRX0415,2026-09-09,RS0446,T22,P002,H007,19:47,21:12,85,3,477000,0,0,200000,677000,Kartu Kredit
TRX0416,2026-09-09,RS0447,T01,P002,H007,19:59,21:18,79,2,270000,0,0,50000,320000,Kartu Kredit
TRX0417,2026-09-09,RS0448,T26,P002,H007,20:00,21:06,66,5,795000,0,0,0,795000,Debit
TRX0418,2026-09-09,RS0449,T18,P002,H007,20:37,21:57,80,6,954000,0,0,50000,1004000,Kartu Kredit
TRX0419,2026-09-10,RS0450,T28,P002,H005,11:27,13:57,150,7,945000,60,100000,100000,1145000,QRIS
TRX0420,2026-09-10,RS0451,T13,P001,H001,11:42,13:12,90,4,336000,0,0,0,336000,QRIS
TRX0421,2026-09-10,RS0452,T19,P002,H005,11:43,13:58,135,3,417000,45,100000,0,517000,Debit
TRX0422,2026-09-10,RS0453,T04,P002,H005,12:02,13:12,70,2,278000,0,0,0,278000,QRIS
TRX0423,2026-09-10,RS0454,T21,P002,H005,12:12,13:30,78,4,472000,0,0,0,472000,QRIS
TRX0424,2026-09-10,RS0456,T22,P002,H005,12:14,13:24,70,4,486000,0,0,0,486000,Cash
TRX0425,2026-09-10,RS0455,T20,P001,H001,12:15,13:42,87,3,297000,0,0,0,297000,QRIS
TRX0426,2026-09-10,RS0457,T03,P002,H005,12:42,14:10,88,2,278000,0,0,0,278000,Kartu Kredit
TRX0427,2026-09-10,RS0458,T09,P002,H005,12:42,13:55,73,3,333000,0,0,50000,383000,Debit
TRX0428,2026-09-10,RS0459,T18,P002,H005,12:54,14:12,78,5,695000,0,0,100000,795000,Cash
TRX0429,2026-09-10,RS0460,T14,P002,H005,12:57,14:22,85,3,417000,0,0,0,417000,QRIS
TRX0430,2026-09-10,RS0461,T02,P002,H005,13:07,14:37,90,2,278000,0,0,0,278000,Debit
TRX0431,2026-09-10,RS0462,T01,P001,H001,13:28,14:57,89,1,99000,0,0,0,99000,Cash
TRX0432,2026-09-10,RS0463,T26,P001,H001,14:20,15:50,90,6,504000,0,0,0,504000,Kartu Kredit
TRX0433,2026-09-10,RS0464,T07,P001,H001,14:40,16:00,80,3,257000,0,0,0,257000,QRIS
TRX0434,2026-09-10,RS0465,T02,P001,H001,16:19,18:49,150,2,198000,60,100000,0,298000,QRIS
TRX0435,2026-09-10,RS0467,T06,P001,H001,16:38,17:43,65,4,346000,0,0,0,346000,Cash
TRX0436,2026-09-10,RS0468,T09,P002,H005,16:39,17:35,56,4,375000,0,0,0,375000,Debit
TRX0437,2026-09-10,RS0469,T14,P002,H005,16:49,17:55,66,4,556000,0,0,0,556000,Debit
TRX0438,2026-09-10,RS0470,T19,P002,H007,17:15,18:33,78,4,556000,0,0,100000,656000,QRIS
TRX0439,2026-09-10,RS0471,T17,P002,H007,17:17,18:31,74,6,762000,0,0,0,762000,Cash
TRX0440,2026-09-10,RS0472,T28,P002,H007,17:33,19:03,90,8,873000,0,0,0,873000,Debit
TRX0441,2026-09-10,RS0474,T04,P002,H007,17:42,19:00,78,2,270000,0,0,200000,470000,Debit
TRX0442,2026-09-10,RS0473,T03,P001,H003,17:44,18:53,69,2,238000,0,0,0,238000,QRIS
TRX0443,2026-09-10,RS0476,T13,P001,H003,17:47,19:05,78,2,238000,0,0,0,238000,Kartu Kredit
TRX0444,2026-09-10,RS0477,T23,P002,H007,17:47,18:51,64,6,954000,0,0,0,954000,Debit
TRX0445,2026-09-10,RS0479,T27,P002,H007,17:52,19:12,80,7,873000,0,0,0,873000,Debit
TRX0446,2026-09-10,RS0478,T22,P003,H011,17:53,19:39,106,2,438000,0,0,0,438000,Debit
TRX0447,2026-09-10,RS0481,T29,P002,H007,17:59,19:22,83,8,1240000,0,0,0,1240000,Debit
TRX0448,2026-09-10,RS0480,T12,P001,H003,18:01,19:23,82,1,119000,0,0,0,119000,Cash
TRX0449,2026-09-10,RS0484,T16,P003,H011,18:13,20:13,120,4,876000,0,0,250000,1126000,Cash
TRX0450,2026-09-10,RS0483,T25,P002,H007,18:13,19:35,82,5,795000,0,0,0,795000,Debit
TRX0451,2026-09-10,RS0485,T20,P003,H011,18:18,19:40,82,3,525000,0,0,0,525000,QRIS
TRX0452,2026-09-10,RS0486,T05,P002,H007,18:37,20:07,90,2,318000,0,0,0,318000,Debit
TRX0453,2026-09-10,RS0487,T06,P001,H003,18:48,20:04,76,4,476000,0,0,0,476000,Kartu Kredit
TRX0454,2026-09-10,RS0488,T26,P001,H003,18:54,20:13,79,6,714000,0,0,50000,764000,QRIS
TRX0455,2026-09-10,RS0489,T15,P002,H007,18:55,20:20,85,4,636000,0,0,50000,686000,Cash
TRX0456,2026-09-10,RS0490,T18,P002,H007,19:06,21:01,115,6,762000,25,50000,600000,1412000,QRIS
TRX0457,2026-09-10,RS0493,T07,P001,H003,19:10,20:26,76,4,476000,0,0,0,476000,Debit
TRX0458,2026-09-10,RS0494,T24,P002,H007,19:11,20:32,81,5,795000,0,0,0,795000,Kartu Kredit
TRX0459,2026-09-10,RS0491,T01,P003,H011,19:17,21:08,111,2,438000,0,0,0,438000,QRIS
TRX0460,2026-09-10,RS0495,T13,P001,H003,19:40,21:10,90,4,321000,0,0,0,321000,QRIS
TRX0461,2026-09-10,RS0496,T04,P002,H007,19:43,20:55,72,2,270000,0,0,0,270000,Kartu Kredit
TRX0462,2026-09-10,RS0497,T28,P002,H007,19:55,21:00,65,7,1113000,0,0,0,1113000,Cash
TRX0463,2026-09-11,RS0498,T17,P002,H005,11:36,12:57,81,6,666000,0,0,0,666000,QRIS
TRX0464,2026-09-11,RS0499,T03,P001,H001,12:34,13:56,82,1,99000,0,0,0,99000,QRIS
TRX0465,2026-09-11,RS0501,T04,P001,H001,12:36,14:00,84,2,198000,0,0,0,198000,Debit
TRX0466,2026-09-11,RS0500,T01,P003,H009,12:42,14:47,125,2,199000,5,50000,0,249000,QRIS
TRX0467,2026-09-11,RS0503,T16,P001,H001,12:44,14:01,77,4,267000,0,0,50000,317000,Debit
TRX0468,2026-09-11,RS0505,T25,P001,H001,13:06,14:18,72,5,475000,0,0,0,475000,QRIS
TRX0469,2026-09-11,RS0504,T02,P002,H005,13:11,14:40,89,2,278000,0,0,0,278000,QRIS
TRX0470,2026-09-11,RS0506,T05,P001,H001,13:15,14:39,84,2,198000,0,0,50000,248000,Kartu Kredit
TRX0471,2026-09-11,RS0507,T18,P001,H001,13:41,14:51,70,5,495000,0,0,0,495000,Debit
TRX0472,2026-09-11,RS0508,T29,P003,H009,13:49,15:28,99,9,1791000,0,0,0,1791000,Kartu Kredit
TRX0473,2026-09-11,RS0509,T17,P002,H005,13:52,14:52,60,6,708000,0,0,350000,1058000,Kartu Kredit
TRX0474,2026-09-11,RS0511,T15,P002,H005,14:38,15:44,66,4,472000,0,0,0,472000,QRIS
TRX0475,2026-09-11,RS0512,T21,P002,H005,14:49,16:10,81,4,556000,0,0,0,556000,Debit
TRX0476,2026-09-11,RS0513,T24,P003,H009,15:08,16:39,91,6,1194000,0,0,100000,1294000,Cash
TRX0477,2026-09-11,RS0514,T03,P001,H003,17:09,18:23,74,2,238000,0,0,50000,288000,Debit
TRX0478,2026-09-11,RS0516,T21,P002,H007,17:13,19:53,160,3,477000,70,150000,0,627000,Kartu Kredit
TRX0479,2026-09-11,RS0518,T06,P003,H011,17:15,19:01,106,4,876000,0,0,0,876000,QRIS
TRX0480,2026-09-11,RS0517,T26,P002,H007,17:17,18:37,80,6,651000,0,0,150000,801000,Cash
TRX0481,2026-09-11,RS0515,T04,P003,H011,17:19,19:09,110,2,438000,0,0,0,438000,Debit
TRX0482,2026-09-11,RS0519,T14,P002,H007,17:22,18:23,61,4,636000,0,0,0,636000,Debit
TRX0483,2026-09-11,RS0521,T24,P001,H003,17:23,18:50,87,6,714000,0,0,50000,764000,QRIS
TRX0484,2026-09-11,RS0520,T13,P001,H003,17:26,18:50,84,2,214000,0,0,0,214000,Debit
TRX0485,2026-09-11,RS0523,T28,P002,H007,17:43,19:09,86,7,1113000,0,0,0,1113000,Debit
TRX0486,2026-09-11,RS0524,T27,P001,H003,17:52,19:15,83,8,952000,0,0,0,952000,Kartu Kredit
TRX0487,2026-09-11,RS0526,T20,P002,H007,17:54,19:11,77,4,429000,0,0,0,429000,QRIS
TRX0488,2026-09-11,RS0525,T10,P001,H003,17:57,18:57,60,4,476000,0,0,0,476000,Debit
TRX0489,2026-09-11,RS0529,T17,P001,H003,18:16,19:33,77,6,570000,0,0,350000,920000,QRIS
TRX0490,2026-09-11,RS0530,T15,P002,H007,18:18,19:30,72,3,477000,0,0,0,477000,QRIS
TRX0491,2026-09-11,RS0528,T11,P002,H007,18:19,19:48,89,1,159000,0,0,50000,209000,QRIS
TRX0492,2026-09-11,RS0527,T12,P001,H003,18:19,19:30,71,3,357000,0,0,100000,457000,Kartu Kredit
TRX0493,2026-09-11,RS0531,T22,P001,H003,18:24,19:48,84,2,238000,0,0,0,238000,Debit
TRX0494,2026-09-11,RS0537,T19,P001,H003,18:36,20:01,85,3,357000,0,0,0,357000,QRIS
TRX0495,2026-09-11,RS0532,T01,P002,H007,18:37,20:06,89,2,270000,0,0,0,270000,QRIS
TRX0496,2026-09-11,RS0536,T08,P002,H007,18:39,19:46,67,3,381000,0,0,50000,431000,QRIS
TRX0497,2026-09-11,RS0533,T02,P002,H007,18:45,19:50,65,2,318000,0,0,0,318000,QRIS
TRX0498,2026-09-11,RS0535,T07,P001,H003,18:46,20:12,86,4,476000,0,0,150000,626000,QRIS
TRX0499,2026-09-11,RS0538,T03,P001,H003,18:49,20:09,80,2,238000,0,0,0,238000,Cash
TRX0500,2026-09-11,RS0539,T29,P002,H007,18:49,20:00,71,8,936000,0,0,0,936000,QRIS
TRX0501,2026-09-11,RS0541,T14,P001,H003,18:53,20:07,74,2,238000,0,0,0,238000,Debit
TRX0502,2026-09-11,RS0540,T25,P001,H003,18:57,20:42,105,5,595000,15,50000,0,645000,Debit
TRX0503,2026-09-11,RS0542,T05,P002,H007,18:58,20:26,88,2,318000,0,0,0,318000,QRIS
TRX0504,2026-09-11,RS0544,T23,P002,H007,19:07,20:36,89,6,810000,0,0,100000,910000,QRIS
TRX0505,2026-09-11,RS0548,T26,P001,H003,19:07,20:28,81,6,714000,0,0,50000,764000,QRIS
TRX0506,2026-09-11,RS0543,T18,P002,H007,19:08,20:35,87,4,636000,0,0,0,636000,QRIS
TRX0507,2026-09-11,RS0546,T16,P001,H003,19:15,21:05,110,4,440000,20,50000,0,490000,Debit
TRX0508,2026-09-11,RS0547,T24,P002,H007,19:15,20:22,67,6,651000,0,0,0,651000,Cash
TRX0509,2026-09-11,RS0545,T13,P002,H007,19:17,20:47,90,4,636000,0,0,100000,736000,Debit
TRX0510,2026-09-11,RS0549,T06,P001,H003,19:20,20:33,73,4,476000,0,0,0,476000,QRIS
TRX0511,2026-09-11,RS0550,T04,P001,H003,19:29,21:59,150,2,238000,60,100000,0,338000,Debit
TRX0512,2026-09-11,RS0553,T20,P001,H003,19:35,20:47,72,3,357000,0,0,0,357000,Debit
TRX0513,2026-09-11,RS0551,T09,P002,H007,19:40,21:03,83,3,477000,0,0,50000,527000,Debit
TRX0514,2026-09-11,RS0552,T10,P001,H003,19:40,21:01,81,3,357000,0,0,0,357000,Kartu Kredit
TRX0515,2026-09-11,RS0554,T15,P001,H003,19:49,21:15,86,3,321000,0,0,50000,371000,Cash
TRX0516,2026-09-11,RS0555,T08,P002,H007,20:04,21:59,115,3,318000,25,50000,0,368000,QRIS
TRX0517,2026-09-11,RS0556,T21,P001,H003,20:16,21:46,90,3,285000,0,0,100000,385000,Debit
TRX0518,2026-09-11,RS0557,T17,P001,H003,20:36,22:20,104,6,714000,14,50000,100000,864000,QRIS
TRX0519,2026-09-12,RS0558,T01,P001,H002,11:17,12:34,77,2,119000,0,0,0,119000,Cash
TRX0520,2026-09-12,RS0559,T17,P002,H006,11:22,13:52,150,5,540000,60,100000,0,640000,Cash
TRX0521,2026-09-12,RS0560,T06,P002,H006,11:37,12:50,73,4,556000,0,0,100000,656000,Cash
TRX0522,2026-09-12,RS0561,T20,P002,H006,11:38,14:18,160,4,636000,70,150000,100000,886000,QRIS
TRX0523,2026-09-12,RS0562,T25,P002,H006,11:38,12:47,69,5,683000,0,0,150000,833000,Kartu Kredit
TRX0524,2026-09-12,RS0563,T28,P001,H002,11:38,13:38,120,7,833000,30,50000,50000,933000,QRIS
TRX0525,2026-09-12,RS0565,T05,P001,H002,11:56,13:51,115,2,238000,25,50000,50000,338000,QRIS
TRX0526,2026-09-12,RS0564,T03,P002,H006,11:57,13:52,115,2,270000,25,50000,50000,370000,Debit
TRX0527,2026-09-12,RS0566,T02,P002,H006,12:03,13:05,62,1,159000,0,0,150000,309000,Kartu Kredit
TRX0528,2026-09-12,RS0568,T14,P002,H006,12:05,13:34,89,4,540000,0,0,450000,990000,Cash
TRX0529,2026-09-12,RS0567,T08,P003,H010,12:10,13:45,95,4,744000,0,0,50000,794000,Cash
TRX0530,2026-09-12,RS0569,T21,P001,H002,12:17,13:47,90,4,476000,0,0,0,476000,QRIS
TRX0531,2026-09-12,RS0570,T16,P002,H006,12:21,13:33,72,4,540000,0,0,0,540000,Kartu Kredit
TRX0532,2026-09-12,RS0571,T09,P001,H002,12:30,13:48,78,2,238000,0,0,50000,288000,Cash
TRX0533,2026-09-12,RS0572,T15,P001,H002,12:37,13:53,76,2,202000,0,0,0,202000,Debit
TRX0534,2026-09-12,RS0574,T12,P001,H002,12:40,14:01,81,3,321000,0,0,0,321000,Debit
TRX0535,2026-09-12,RS0573,T11,P001,H002,12:41,15:11,150,3,357000,60,100000,300000,757000,Kartu Kredit
TRX0536,2026-09-12,RS0576,T22,P002,H006,12:45,14:01,76,3,477000,0,0,0,477000,QRIS
TRX0537,2026-09-12,RS0575,T29,P001,H002,12:47,15:17,150,10,1190000,60,100000,150000,1440000,QRIS
TRX0538,2026-09-12,RS0577,T01,P002,H006,12:52,14:22,90,2,270000,0,0,0,270000,Debit
TRX0539,2026-09-12,RS0578,T27,P003,H010,12:54,14:48,114,8,1752000,0,0,150000,1902000,QRIS
TRX0540,2026-09-12,RS0581,T10,P002,H006,13:05,14:19,74,4,636000,0,0,0,636000,QRIS
TRX0541,2026-09-12,RS0580,T07,P001,H002,13:09,14:33,84,3,202000,0,0,0,202000,Kartu Kredit
TRX0542,2026-09-12,RS0582,T13,P002,H006,13:09,14:28,79,3,477000,0,0,0,477000,Debit
TRX0543,2026-09-12,RS0579,T04,P003,H010,13:10,15:40,150,2,438000,30,50000,0,488000,Debit
TRX0544,2026-09-12,RS0583,T18,P001,H002,13:36,14:45,69,5,487000,0,0,0,487000,QRIS
TRX0545,2026-09-12,RS0586,T02,P001,H002,13:45,14:45,60,2,214000,0,0,0,214000,QRIS
TRX0546,2026-09-12,RS0587,T06,P002,H006,13:46,15:11,85,3,413000,0,0,50000,463000,QRIS
TRX0547,2026-09-12,RS0588,T28,P002,H006,13:59,16:29,150,7,1113000,60,100000,50000,1263000,Debit
TRX0548,2026-09-12,RS0589,T16,P001,H002,14:13,15:30,77,4,476000,0,0,50000,526000,QRIS
TRX0549,2026-09-12,RS0590,T23,P001,H002,14:14,15:34,80,6,606000,0,0,0,606000,Kartu Kredit
TRX0550,2026-09-12,RS0591,T09,P002,H006,14:27,15:57,90,4,540000,0,0,100000,640000,QRIS
TRX0551,2026-09-12,RS0592,T03,P001,H002,14:39,15:48,69,2,238000,0,0,0,238000,QRIS
TRX0552,2026-09-12,RS0593,T17,P002,H006,14:51,17:31,160,5,795000,70,150000,150000,1095000,QRIS
TRX0553,2026-09-12,RS0594,T24,P002,H006,15:00,16:30,90,6,954000,0,0,0,954000,QRIS
TRX0554,2026-09-12,RS0596,T25,P003,H010,15:16,17:09,113,5,1095000,0,0,50000,1145000,Kartu Kredit
TRX0555,2026-09-12,RS0598,T05,P001,H002,15:20,16:39,79,2,238000,0,0,0,238000,Debit
TRX0556,2026-09-12,RS0597,T15,P003,H010,15:21,16:59,98,2,438000,0,0,50000,488000,Kartu Kredit
TRX0557,2026-09-12,RS0599,T08,P001,H002,15:28,16:36,68,4,440000,0,0,50000,490000,QRIS
TRX0558,2026-09-12,RS0603,T26,P002,H006,16:05,17:11,66,5,795000,0,0,0,795000,Kartu Kredit
TRX0559,2026-09-12,RS0600,T02,P001,H002,16:06,17:18,72,2,202000,0,0,50000,252000,QRIS
TRX0560,2026-09-12,RS0601,T12,P003,H010,16:08,18:03,115,3,657000,0,0,150000,807000,Debit
TRX0561,2026-09-12,RS0602,T22,P002,H006,16:13,17:23,70,4,636000,0,0,50000,686000,QRIS
TRX0562,2026-09-12,RS0604,T14,P001,H002,16:26,18:16,110,3,321000,20,50000,50000,421000,Debit
TRX0563,2026-09-12,RS0605,T18,P001,H002,16:35,18:03,88,6,714000,0,0,0,714000,Kartu Kredit
TRX0564,2026-09-12,RS0606,T06,P002,H006,16:40,18:35,115,2,318000,25,50000,0,368000,QRIS
TRX0565,2026-09-12,RS0607,T24,P001,H002,16:49,18:19,90,5,595000,0,0,50000,645000,Debit
TRX0566,2026-09-12,RS0608,T08,P001,H004,17:04,18:21,77,4,500000,0,0,0,500000,Kartu Kredit
TRX0567,2026-09-12,RS0614,T21,P001,H004,17:17,18:34,77,1,139000,0,0,0,139000,QRIS
TRX0568,2026-09-12,RS0612,T19,P002,H008,17:20,18:30,70,4,608000,0,0,0,608000,Cash
TRX0569,2026-09-12,RS0613,T27,P003,H012,17:20,19:20,120,8,1912000,0,0,0,1912000,Cash
TRX0570,2026-09-12,RS0617,T28,P001,H004,17:37,18:46,69,7,973000,0,0,0,973000,Kartu Kredit
TRX0571,2026-09-12,RS0615,T11,P001,H004,17:38,18:40,62,4,556000,0,0,0,556000,QRIS
TRX0572,2026-09-12,RS0616,T16,P002,H008,17:43,19:28,105,4,644000,15,50000,0,694000,Kartu Kredit
TRX0573,2026-09-12,RS0619,T15,P002,H008,17:59,19:27,88,3,537000,0,0,0,537000,QRIS
TRX0574,2026-09-12,RS0623,T04,P003,H012,18:06,19:53,107,2,478000,0,0,100000,578000,Cash
TRX0575,2026-09-12,RS0620,T13,P003,H012,18:07,19:45,98,3,717000,0,0,50000,767000,Debit
TRX0576,2026-09-12,RS0622,T03,P003,H012,18:08,20:05,117,2,406000,0,0,0,406000,QRIS
TRX0577,2026-09-12,RS0626,T20,P003,H012,18:08,19:41,93,4,717000,0,0,100000,817000,Debit
TRX0578,2026-09-12,RS0621,T01,P002,H008,18:11,20:21,130,2,179000,40,100000,0,279000,Kartu Kredit
TRX0579,2026-09-12,RS0624,T05,P002,H008,18:12,19:27,75,2,304000,0,0,0,304000,Kartu Kredit
TRX0580,2026-09-12,RS0625,T09,P001,H004,18:15,19:20,65,4,486000,0,0,100000,586000,QRIS
TRX0581,2026-09-12,RS0627,T23,P001,H004,18:17,19:28,71,4,556000,0,0,100000,656000,QRIS
TRX0582,2026-09-12,RS0628,T26,P002,H008,18:21,20:21,120,4,716000,30,50000,50000,816000,Debit
TRX0583,2026-09-12,RS0632,T12,P002,H008,18:36,19:34,58,3,537000,0,0,0,537000,Debit
TRX0584,2026-09-12,RS0629,T02,P002,H008,18:39,19:53,74,1,179000,0,0,0,179000,Debit
TRX0585,2026-09-12,RS0634,T22,P002,H008,18:41,19:59,78,4,716000,0,0,0,716000,QRIS
TRX0586,2026-09-12,RS0630,T07,P002,H008,18:44,19:47,63,2,358000,0,0,0,358000,Kartu Kredit
TRX0587,2026-09-12,RS0631,T10,P003,H012,18:46,20:51,125,4,812000,5,50000,0,862000,QRIS
TRX0588,2026-09-12,RS0636,T29,P001,H004,18:48,20:28,100,9,860000,10,50000,50000,960000,Cash
TRX0589,2026-09-12,RS0637,T28,P001,H004,19:07,20:29,82,7,805000,0,0,0,805000,Debit
TRX0590,2026-09-12,RS0640,T19,P003,H012,19:12,20:43,91,1,239000,0,0,50000,289000,Kartu Kredit
TRX0591,2026-09-12,RS0641,T21,P002,H008,19:31,21:01,90,2,304000,0,0,0,304000,QRIS
TRX0592,2026-09-12,RS0638,T27,P002,H008,19:38,20:42,64,8,1001000,0,0,50000,1051000,Cash
TRX0593,2026-09-12,RS0642,T17,P001,H004,19:47,21:22,95,6,834000,5,50000,350000,1234000,Kartu Kredit
TRX0594,2026-09-12,RS0643,T08,P001,H004,20:13,21:38,85,3,417000,0,0,0,417000,Debit
TRX0595,2026-09-12,RS0644,T02,P002,H008,20:23,21:29,66,2,358000,0,0,0,358000,Debit
TRX0596,2026-09-12,RS0645,T05,P002,H008,20:30,21:41,71,2,358000,0,0,0,358000,QRIS
TRX0597,2026-09-12,RS0647,T24,P002,H008,20:38,21:51,73,5,859000,0,0,0,859000,QRIS
TRX0598,2026-09-12,RS0646,T09,P002,H008,20:44,22:14,90,4,716000,0,0,0,716000,Kartu Kredit
TRX0599,2026-09-13,RS0648,T07,P002,H006,11:21,12:49,88,3,477000,0,0,150000,627000,Kartu Kredit
TRX0600,2026-09-13,RS0649,T06,P001,H002,11:31,12:42,71,4,285000,0,0,0,285000,QRIS
TRX0601,2026-09-13,RS0650,T02,P001,H002,11:45,13:15,90,2,238000,0,0,0,238000,QRIS
TRX0602,2026-09-13,RS0655,T26,P003,H010,12:06,13:44,98,5,1095000,0,0,0,1095000,QRIS
TRX0603,2026-09-13,RS0653,T01,P001,H002,12:07,13:24,77,1,119000,0,0,0,119000,QRIS
TRX0604,2026-09-13,RS0657,T05,P001,H002,12:09,13:27,78,2,119000,0,0,0,119000,Debit
TRX0605,2026-09-13,RS0656,T04,P001,H002,12:11,13:33,82,1,119000,0,0,100000,219000,QRIS
TRX0606,2026-09-13,RS0659,T25,P001,H002,12:13,13:58,105,5,595000,15,50000,0,645000,Cash
TRX0607,2026-09-13,RS0658,T17,P002,H006,12:14,13:34,80,6,810000,0,0,0,810000,QRIS
TRX0608,2026-09-13,RS0654,T13,P001,H002,12:16,13:46,90,3,333000,0,0,0,333000,QRIS
TRX0609,2026-09-13,RS0660,T18,P001,H002,12:18,13:19,61,6,630000,0,0,0,630000,QRIS
TRX0610,2026-09-13,RS0661,T08,P002,H006,12:19,13:36,77,2,270000,0,0,0,270000,QRIS
TRX0611,2026-09-13,RS0662,T16,P001,H002,12:27,13:40,73,4,440000,0,0,100000,540000,QRIS
TRX0612,2026-09-13,RS0663,T03,P001,H002,12:37,14:06,89,2,238000,0,0,0,238000,Cash
TRX0613,2026-09-13,RS0665,T19,P003,H010,12:59,14:35,96,3,438000,0,0,0,438000,Debit
TRX0614,2026-09-13,RS0666,T12,P001,H002,13:04,14:17,73,2,202000,0,0,0,202000,Kartu Kredit
TRX0615,2026-09-13,RS0669,T29,P001,H002,13:06,14:32,86,9,736000,0,0,200000,936000,QRIS
TRX0616,2026-09-13,RS0668,T28,P003,H010,13:08,14:49,101,8,1356000,0,0,0,1356000,QRIS
TRX0617,2026-09-13,RS0670,T11,P002,H006,13:14,14:23,69,3,477000,0,0,100000,577000,QRIS
TRX0618,2026-09-13,RS0671,T06,P002,H006,13:24,15:09,105,4,572000,15,50000,50000,672000,Debit
TRX0619,2026-09-13,RS0672,T09,P003,H010,13:28,14:38,70,2,219000,0,0,50000,269000,QRIS
TRX0620,2026-09-13,RS0673,T20,P003,H010,13:28,14:49,81,3,438000,0,0,0,438000,QRIS
TRX0621,2026-09-13,RS0677,T22,P001,H002,13:35,14:56,81,4,452000,0,0,0,452000,Cash
TRX0622,2026-09-13,RS0678,T24,P002,H006,13:35,14:56,81,5,795000,0,0,0,795000,QRIS
TRX0623,2026-09-13,RS0679,T27,P002,H006,13:39,14:55,76,8,1272000,0,0,200000,1472000,Kartu Kredit
TRX0624,2026-09-13,RS0674,T07,P001,H002,13:40,15:10,90,4,404000,0,0,200000,604000,Kartu Kredit
TRX0625,2026-09-13,RS0676,T18,P003,H010,13:45,16:25,160,6,1314000,40,100000,0,1414000,Debit
TRX0626,2026-09-13,RS0675,T15,P001,H002,13:47,15:16,89,3,333000,0,0,0,333000,Debit
TRX0627,2026-09-13,RS0680,T05,P002,H006,14:06,15:24,78,2,318000,0,0,100000,418000,QRIS
TRX0628,2026-09-13,RS0681,T26,P002,H006,14:26,15:26,60,5,651000,0,0,100000,751000,Kartu Kredit
TRX0629,2026-09-13,RS0682,T04,P002,H006,14:40,15:53,73,2,318000,0,0,0,318000,QRIS
TRX0630,2026-09-13,RS0683,T29,P001,H002,15:18,16:53,95,9,1071000,5,50000,0,1121000,Cash
TRX0631,2026-09-13,RS0684,T28,P002,H006,15:37,17:07,90,7,1113000,0,0,0,1113000,Debit
TRX0632,2026-09-13,RS0685,T16,P001,H002,16:06,17:25,79,4,476000,0,0,100000,576000,QRIS
TRX0633,2026-09-13,RS0686,T24,P003,H010,16:10,18:00,110,6,1314000,0,0,0,1314000,Debit
TRX0634,2026-09-13,RS0687,T27,P002,H006,16:24,17:36,72,6,954000,0,0,50000,1004000,Kartu Kredit
TRX0635,2026-09-13,RS0688,T11,P001,H002,16:32,17:42,70,4,476000,0,0,50000,526000,QRIS
TRX0636,2026-09-13,RS0690,T23,P001,H002,16:37,17:42,65,5,571000,0,0,50000,621000,QRIS
TRX0637,2026-09-13,RS0692,T14,P002,H008,17:01,18:36,95,4,537000,5,50000,0,587000,QRIS
TRX0638,2026-09-13,RS0693,T04,P003,H012,17:13,19:02,109,2,478000,0,0,200000,678000,Debit
TRX0639,2026-09-13,RS0695,T26,P001,H004,17:13,18:36,83,5,695000,0,0,50000,745000,Debit
TRX0640,2026-09-13,RS0694,T25,P003,H012,17:19,19:07,108,6,907000,0,0,0,907000,Kartu Kredit
TRX0641,2026-09-13,RS0696,T02,P001,H004,17:31,18:52,81,2,278000,0,0,0,278000,Kartu Kredit
TRX0642,2026-09-13,RS0699,T08,P001,H004,17:40,18:58,78,3,375000,0,0,100000,475000,QRIS
TRX0643,2026-09-13,RS0697,T17,P002,H008,17:44,18:56,72,5,895000,0,0,100000,995000,QRIS
TRX0644,2026-09-13,RS0701,T20,P001,H004,17:47,18:45,58,4,528000,0,0,100000,628000,Cash
TRX0645,2026-09-13,RS0698,T18,P001,H004,17:48,19:14,86,5,695000,0,0,0,695000,Debit
TRX0646,2026-09-13,RS0700,T16,P001,H004,17:49,19:19,90,4,472000,0,0,50000,522000,Kartu Kredit
TRX0647,2026-09-13,RS0702,T06,P002,H008,18:08,19:18,70,3,537000,0,0,0,537000,Cash
TRX0648,2026-09-13,RS0705,T27,P001,H004,18:15,19:23,68,7,763000,0,0,150000,913000,Kartu Kredit
TRX0649,2026-09-13,RS0706,T28,P003,H012,18:15,19:44,89,7,1385000,0,0,0,1385000,QRIS
TRX0650,2026-09-13,RS0703,T15,P001,H004,18:18,19:39,81,4,556000,0,0,0,556000,Debit
TRX0651,2026-09-13,RS0709,T05,P001,H004,18:41,20:03,82,2,236000,0,0,0,236000,Debit
TRX0652,2026-09-13,RS0710,T19,P002,H008,18:53,20:13,80,4,626000,0,0,50000,676000,Kartu Kredit
TRX0653,2026-09-13,RS0711,T07,P002,H008,19:02,20:29,87,2,358000,0,0,50000,408000,Debit
TRX0654,2026-09-13,RS0713,T03,P002,H008,19:05,20:35,90,2,358000,0,0,100000,458000,QRIS
TRX0655,2026-09-13,RS0712,T24,P002,H008,19:05,20:16,71,5,662000,0,0,50000,712000,Kartu Kredit
TRX0656,2026-09-13,RS0714,T02,P003,H012,19:12,20:51,99,2,406000,0,0,0,406000,Debit
TRX0657,2026-09-13,RS0715,T04,P002,H008,19:24,20:45,81,1,179000,0,0,0,179000,Debit
TRX0658,2026-09-13,RS0716,T14,P002,H008,19:32,21:00,88,2,358000,0,0,0,358000,Cash
TRX0659,2026-09-13,RS0720,T13,P001,H004,19:39,21:03,84,1,139000,0,0,0,139000,Cash
TRX0660,2026-09-13,RS0717,T01,P003,H012,19:43,21:11,88,2,406000,0,0,0,406000,QRIS
TRX0661,2026-09-13,RS0719,T26,P002,H008,19:43,20:58,75,6,1074000,0,0,0,1074000,Kartu Kredit
TRX0662,2026-09-13,RS0718,T23,P001,H004,19:47,21:16,89,6,834000,0,0,0,834000,Kartu Kredit
TRX0663,2026-09-13,RS0721,T22,P001,H004,20:10,21:26,76,3,417000,0,0,50000,467000,Debit
TRX0664,2026-09-14,RS0722,T24,P002,H005,11:36,12:56,80,6,624000,0,0,0,624000,Debit
TRX0665,2026-09-14,RS0723,T25,P003,H009,12:17,13:54,97,6,835000,0,0,0,835000,Debit
TRX0666,2026-09-14,RS0724,T15,P001,H001,12:20,14:10,110,4,336000,20,50000,0,386000,QRIS
TRX0667,2026-09-14,RS0725,T19,P003,H009,12:30,14:01,91,4,736000,0,0,0,736000,Cash
TRX0668,2026-09-14,RS0726,T26,P001,H001,12:32,13:55,83,5,405000,0,0,0,405000,QRIS
TRX0669,2026-09-14,RS0727,T05,P001,H001,12:58,14:22,84,2,168000,0,0,0,168000,Cash
TRX0670,2026-09-14,RS0728,T02,P002,H005,13:02,14:16,74,2,236000,0,0,50000,286000,Cash
TRX0671,2026-09-14,RS0729,T23,P003,H009,13:05,16:15,190,5,855000,70,150000,0,1005000,Debit
TRX0672,2026-09-14,RS0730,T01,P002,H005,13:12,14:27,75,2,278000,0,0,50000,328000,QRIS
TRX0673,2026-09-14,RS0731,T04,P002,H005,13:25,14:41,76,2,278000,0,0,100000,378000,Cash
TRX0674,2026-09-14,RS0732,T17,P003,H009,14:20,16:20,120,5,995000,0,0,50000,1045000,Debit
TRX0675,2026-09-14,RS0733,T28,P001,H001,14:52,16:22,90,7,543000,0,0,150000,693000,Kartu Kredit
TRX0676,2026-09-14,RS0734,T03,P001,H001,15:18,16:37,79,2,198000,0,0,0,198000,QRIS
TRX0677,2026-09-14,RS0735,T14,P002,H005,16:43,18:07,84,3,417000,0,0,50000,467000,Kartu Kredit
TRX0678,2026-09-14,RS0736,T01,P003,H011,17:26,19:03,97,2,438000,0,0,100000,538000,Debit
TRX0679,2026-09-14,RS0737,T18,P001,H003,17:31,19:00,89,5,451000,0,0,0,451000,QRIS
TRX0680,2026-09-14,RS0738,T05,P002,H007,17:37,18:41,64,2,318000,0,0,0,318000,Cash
TRX0681,2026-09-14,RS0739,T10,P003,H011,17:38,19:21,103,4,876000,0,0,0,876000,Kartu Kredit
TRX0682,2026-09-14,RS0740,T24,P002,H007,17:41,18:36,55,6,954000,0,0,0,954000,Kartu Kredit
TRX0683,2026-09-14,RS0741,T04,P001,H003,18:08,20:08,120,2,238000,30,50000,50000,338000,Cash
TRX0684,2026-09-14,RS0743,T21,P001,H003,18:10,19:19,69,4,368000,0,0,100000,468000,Debit
TRX0685,2026-09-14,RS0744,T03,P001,H003,18:41,19:48,67,1,119000,0,0,0,119000,Kartu Kredit
TRX0686,2026-09-14,RS0745,T02,P002,H007,18:44,20:59,135,2,318000,45,100000,0,418000,Kartu Kredit
TRX0687,2026-09-14,RS0746,T15,P001,H003,18:51,20:16,85,3,357000,0,0,50000,407000,Debit
TRX0688,2026-09-14,RS0748,T06,P001,H003,19:09,21:24,135,3,333000,45,100000,0,433000,QRIS
TRX0689,2026-09-14,RS0747,T22,P001,H003,19:09,20:00,51,4,476000,0,0,0,476000,QRIS
TRX0690,2026-09-14,RS0749,T05,P001,H003,19:27,20:46,79,2,238000,0,0,0,238000,Debit
TRX0691,2026-09-14,RS0750,T12,P002,H007,19:35,20:48,73,4,588000,0,0,0,588000,Debit
TRX0692,2026-09-14,RS0753,T24,P001,H003,19:40,20:50,70,5,595000,0,0,300000,895000,Cash
TRX0693,2026-09-14,RS0752,T23,P003,H011,19:41,21:21,100,5,963000,0,0,0,963000,Kartu Kredit
TRX0694,2026-09-14,RS0754,T08,P002,H007,19:52,21:13,81,4,636000,0,0,50000,686000,QRIS
TRX0695,2026-09-14,RS0755,T01,P002,H007,20:04,21:18,74,2,318000,0,0,100000,418000,Debit
TRX0696,2026-09-14,RS0756,T21,P002,H007,20:09,21:37,88,3,477000,0,0,100000,577000,Debit
TRX0697,2026-09-15,RS0757,T01,P001,H001,11:06,13:01,115,2,198000,25,50000,0,248000,QRIS
TRX0698,2026-09-15,RS0758,T17,P002,H005,11:15,12:50,95,5,667000,5,50000,0,717000,Debit
TRX0699,2026-09-15,RS0759,T02,P001,H001,12:42,13:56,74,2,198000,0,0,0,198000,QRIS
TRX0700,2026-09-15,RS0760,T27,P001,H001,13:09,14:18,69,8,792000,0,0,300000,1092000,Kartu Kredit
TRX0701,2026-09-15,RS0761,T06,P001,H001,13:15,14:27,72,4,396000,0,0,0,396000,QRIS
TRX0702,2026-09-15,RS0762,T21,P001,H001,13:31,14:56,85,4,396000,0,0,0,396000,Debit
TRX0703,2026-09-15,RS0763,T15,P001,H001,13:40,15:10,90,4,396000,0,0,50000,446000,Kartu Kredit
TRX0704,2026-09-15,RS0765,T01,P003,H009,13:42,15:35,113,2,398000,0,0,0,398000,Kartu Kredit
TRX0705,2026-09-15,RS0764,T29,P002,H005,13:44,15:14,90,10,1390000,0,0,0,1390000,Cash
TRX0706,2026-09-15,RS0766,T12,P001,H001,13:47,14:51,64,4,396000,0,0,0,396000,QRIS
TRX0707,2026-09-15,RS0767,T05,P002,H005,14:19,15:22,63,1,139000,0,0,50000,189000,Cash
TRX0708,2026-09-15,RS0768,T01,P002,H005,16:23,17:28,65,1,139000,0,0,50000,189000,Cash
TRX0709,2026-09-15,RS0769,T17,P001,H001,16:34,18:04,90,5,306000,0,0,200000,506000,QRIS
TRX0710,2026-09-15,RS0770,T25,P001,H001,16:43,17:42,59,6,474000,0,0,0,474000,Debit
TRX0711,2026-09-15,RS0771,T11,P002,H005,16:54,18:10,76,3,417000,0,0,100000,517000,QRIS
TRX0712,2026-09-15,RS0773,T18,P001,H003,17:05,18:28,83,5,595000,0,0,0,595000,Kartu Kredit
TRX0713,2026-09-15,RS0774,T27,P002,H007,17:07,18:30,83,8,1272000,0,0,0,1272000,QRIS
TRX0714,2026-09-15,RS0772,T08,P002,H007,17:10,18:21,71,3,477000,0,0,0,477000,Cash
TRX0715,2026-09-15,RS0776,T26,P002,H007,17:38,19:08,90,6,954000,0,0,0,954000,Debit
TRX0716,2026-09-15,RS0778,T05,P002,H007,17:39,18:58,79,2,318000,0,0,150000,468000,Debit
TRX0717,2026-09-15,RS0775,T19,P001,H003,17:45,18:56,71,4,440000,0,0,0,440000,QRIS
TRX0718,2026-09-15,RS0779,T03,P003,H011,17:47,20:47,180,2,372000,60,100000,50000,522000,QRIS
TRX0719,2026-09-15,RS0777,T29,P001,H003,17:49,18:58,69,10,1190000,0,0,0,1190000,QRIS
TRX0720,2026-09-15,RS0781,T04,P002,H007,18:07,19:19,72,2,318000,0,0,50000,368000,Debit
TRX0721,2026-09-15,RS0780,T23,P001,H003,18:08,19:16,68,5,595000,0,0,0,595000,QRIS
TRX0722,2026-09-15,RS0782,T07,P003,H011,18:13,19:41,88,3,657000,0,0,50000,707000,Debit
TRX0723,2026-09-15,RS0783,T01,P001,H003,18:19,19:49,90,2,238000,0,0,50000,288000,QRIS
TRX0724,2026-09-15,RS0784,T21,P001,H003,18:24,19:38,74,4,476000,0,0,50000,526000,Debit
TRX0725,2026-09-15,RS0787,T20,P002,H007,18:37,19:56,79,4,636000,0,0,0,636000,Kartu Kredit
TRX0726,2026-09-15,RS0786,T15,P002,H007,18:44,19:58,74,3,477000,0,0,0,477000,Debit
TRX0727,2026-09-15,RS0785,T14,P002,H007,18:50,20:08,78,3,477000,0,0,0,477000,Cash
TRX0728,2026-09-15,RS0789,T02,P001,H003,18:56,20:11,75,2,214000,0,0,50000,264000,QRIS
TRX0729,2026-09-15,RS0790,T06,P003,H011,19:00,20:22,82,4,832000,0,0,100000,932000,Kartu Kredit
TRX0730,2026-09-15,RS0791,T27,P002,H007,19:04,20:22,78,8,889000,0,0,0,889000,Kartu Kredit
TRX0731,2026-09-15,RS0792,T09,P002,H007,19:14,21:29,135,3,429000,45,100000,0,529000,Cash
TRX0732,2026-09-15,RS0793,T30,P002,H007,19:19,20:31,72,12,1908000,0,0,100000,2008000,QRIS
TRX0733,2026-09-15,RS0788,T29,P002,H007,19:20,20:41,81,9,1431000,0,0,50000,1481000,QRIS
TRX0734,2026-09-15,RS0794,T12,P002,H007,19:40,21:08,88,3,413000,0,0,0,413000,Debit
TRX0735,2026-09-15,RS0795,T25,P001,H003,19:40,21:01,81,6,714000,0,0,100000,814000,Debit
TRX0736,2026-09-15,RS0796,T05,P002,H007,19:51,21:06,75,2,270000,0,0,0,270000,QRIS
TRX0737,2026-09-15,RS0797,T17,P002,H007,20:07,21:06,59,6,762000,0,0,0,762000,Kartu Kredit
TRX0738,2026-09-15,RS0798,T22,P001,H003,20:13,21:03,50,4,440000,0,0,0,440000,Debit
TRX0739,2026-09-16,RS0799,T21,P001,H001,11:10,12:23,73,3,297000,0,0,100000,397000,Cash
TRX0740,2026-09-16,RS0800,T19,P002,H005,11:23,12:48,85,3,417000,0,0,100000,517000,QRIS
TRX0741,2026-09-16,RS0801,T02,P001,H001,11:27,12:57,90,1,99000,0,0,0,99000,QRIS
TRX0742,2026-09-16,RS0802,T20,P001,H001,12:01,13:19,78,3,267000,0,0,0,267000,QRIS
TRX0743,2026-09-16,RS0803,T05,P001,H001,12:03,13:05,62,2,198000,0,0,50000,248000,Cash
TRX0744,2026-09-16,RS0804,T01,P002,H005,12:08,13:34,86,2,278000,0,0,100000,378000,QRIS
TRX0745,2026-09-16,RS0805,T07,P001,H001,12:27,14:27,120,4,396000,30,50000,0,446000,Cash
TRX0746,2026-09-16,RS0807,T03,P001,H001,12:35,13:51,76,2,99000,0,0,0,99000,QRIS
TRX0747,2026-09-16,RS0806,T04,P001,H001,12:36,13:52,76,2,99000,0,0,0,99000,QRIS
TRX0748,2026-09-16,RS0808,T17,P001,H001,12:38,13:46,68,5,425000,0,0,100000,525000,QRIS
TRX0749,2026-09-16,RS0809,T15,P002,H005,12:45,14:02,77,2,278000,0,0,0,278000,QRIS
TRX0750,2026-09-16,RS0810,T26,P002,H005,13:18,14:22,64,6,806000,0,0,50000,856000,QRIS
TRX0751,2026-09-16,RS0811,T09,P001,H001,13:30,14:41,71,3,297000,0,0,200000,497000,Debit
TRX0752,2026-09-16,RS0813,T06,P001,H001,13:35,15:20,105,4,336000,15,50000,50000,436000,Debit
TRX0753,2026-09-16,RS0812,T02,P001,H001,13:42,14:58,76,2,168000,0,0,150000,318000,QRIS
TRX0754,2026-09-16,RS0814,T13,P001,H001,13:50,15:09,79,3,237000,0,0,0,237000,Debit
TRX0755,2026-09-16,RS0815,T28,P002,H005,13:57,15:26,89,8,1112000,0,0,100000,1212000,Debit
TRX0756,2026-09-16,RS0816,T01,P002,H005,14:42,16:12,90,2,236000,0,0,100000,336000,Kartu Kredit
TRX0757,2026-09-16,RS0817,T03,P001,H001,15:56,17:51,115,2,99000,25,50000,0,149000,Kartu Kredit
TRX0758,2026-09-16,RS0818,T20,P002,H007,17:05,18:17,72,4,429000,0,0,0,429000,QRIS
TRX0759,2026-09-16,RS0819,T06,P001,H003,17:07,18:47,100,4,321000,10,50000,0,371000,Cash
TRX0760,2026-09-16,RS0820,T19,P003,H011,17:07,18:48,101,4,876000,0,0,150000,1026000,Kartu Kredit
TRX0761,2026-09-16,RS0821,T17,P001,H003,17:29,18:57,88,5,595000,0,0,0,595000,Kartu Kredit
TRX0762,2026-09-16,RS0822,T14,P002,H007,17:36,18:58,82,3,318000,0,0,0,318000,Kartu Kredit
TRX0763,2026-09-16,RS0824,T23,P003,H011,17:53,19:34,101,5,1095000,0,0,0,1095000,Kartu Kredit
TRX0764,2026-09-16,RS0823,T28,P003,H011,17:56,20:16,140,7,1137000,20,50000,250000,1437000,Cash
TRX0765,2026-09-16,RS0827,T07,P001,H003,18:08,19:30,82,3,321000,0,0,0,321000,Debit
TRX0766,2026-09-16,RS0825,T02,P002,H007,18:09,19:39,90,2,159000,0,0,0,159000,Kartu Kredit
TRX0767,2026-09-16,RS0828,T10,P003,H011,18:09,19:53,104,4,788000,0,0,0,788000,Debit
TRX0768,2026-09-16,RS0829,T27,P002,H007,18:13,19:34,81,8,873000,0,0,0,873000,QRIS
TRX0769,2026-09-16,RS0826,T04,P001,H003,18:14,19:42,88,2,202000,0,0,0,202000,Kartu Kredit
TRX0770,2026-09-16,RS0830,T25,P001,H003,18:20,19:50,90,6,714000,0,0,0,714000,Cash
TRX0771,2026-09-16,RS0832,T09,P002,H007,18:31,19:44,73,4,604000,0,0,100000,704000,QRIS
TRX0772,2026-09-16,RS0831,T01,P002,H007,18:33,21:13,160,2,318000,70,150000,100000,568000,Debit
TRX0773,2026-09-16,RS0834,T12,P003,H011,18:44,20:43,119,2,438000,0,0,50000,488000,Kartu Kredit
TRX0774,2026-09-16,RS0835,T26,P003,H011,18:47,20:17,90,6,1050000,0,0,0,1050000,QRIS
TRX0775,2026-09-16,RS0836,T16,P002,H007,18:59,20:11,72,4,572000,0,0,0,572000,Cash
TRX0776,2026-09-16,RS0837,T19,P003,H011,19:09,20:39,90,4,876000,0,0,150000,1026000,Kartu Kredit
TRX0777,2026-09-16,RS0838,T05,P001,H003,19:35,20:50,75,2,238000,0,0,50000,288000,Debit
TRX0778,2026-09-16,RS0839,T15,P002,H007,19:48,20:54,66,2,318000,0,0,0,318000,Debit
TRX0779,2026-09-16,RS0840,T21,P003,H011,19:56,21:29,93,4,876000,0,0,0,876000,Cash
TRX0780,2026-09-16,RS0841,T03,P002,H007,20:10,21:38,88,2,159000,0,0,0,159000,QRIS
TRX0781,2026-09-16,RS0842,T04,P002,H007,20:38,21:48,70,2,159000,0,0,0,159000,Cash
TRX0782,2026-09-16,RS0843,T18,P002,H007,20:40,21:49,69,5,667000,0,0,0,667000,Cash
TRX0783,2026-09-17,RS0844,T09,P001,H001,11:39,12:48,69,4,306000,0,0,0,306000,QRIS
TRX0784,2026-09-17,RS0845,T04,P001,H001,11:54,13:01,67,2,99000,0,0,0,99000,QRIS
TRX0785,2026-09-17,RS0846,T05,P001,H001,12:40,14:00,80,2,198000,0,0,50000,248000,QRIS
TRX0786,2026-09-17,RS0847,T10,P002,H005,12:40,13:54,74,4,375000,0,0,0,375000,QRIS
TRX0787,2026-09-17,RS0848,T01,P002,H005,12:48,14:08,80,2,278000,0,0,0,278000,QRIS
TRX0788,2026-09-17,RS0849,T02,P001,H001,13:30,15:25,115,2,198000,25,50000,50000,298000,QRIS
TRX0789,2026-09-17,RS0850,T24,P002,H005,13:56,15:24,88,6,834000,0,0,0,834000,Debit
TRX0790,2026-09-17,RS0851,T03,P002,H005,14:11,15:33,82,2,236000,0,0,100000,336000,QRIS
TRX0791,2026-09-17,RS0852,T14,P001,H001,14:11,15:14,63,4,366000,0,0,0,366000,Debit
TRX0792,2026-09-17,RS0853,T21,P001,H001,15:02,16:29,87,4,336000,0,0,100000,436000,QRIS
TRX0793,2026-09-17,RS0854,T18,P002,H005,15:16,17:31,135,6,708000,45,100000,200000,1008000,QRIS
TRX0794,2026-09-17,RS0855,T05,P003,H009,15:43,17:37,114,2,398000,0,0,100000,498000,QRIS
TRX0795,2026-09-17,RS0856,T12,P003,H009,16:22,18:02,100,4,796000,0,0,200000,996000,Debit
TRX0796,2026-09-17,RS0857,T07,P001,H001,16:46,17:57,71,3,267000,0,0,0,267000,Debit
TRX0797,2026-09-17,RS0859,T29,P002,H007,17:09,18:25,76,9,1431000,0,0,200000,1631000,Kartu Kredit
TRX0798,2026-09-17,RS0858,T15,P002,H007,17:10,18:33,83,3,477000,0,0,0,477000,Kartu Kredit
TRX0799,2026-09-17,RS0860,T21,P001,H003,17:15,18:41,86,4,440000,0,0,50000,490000,QRIS
TRX0800,2026-09-17,RS0861,T04,P002,H007,17:36,18:46,70,2,318000,0,0,0,318000,Kartu Kredit
TRX0801,2026-09-17,RS0862,T14,P001,H003,17:49,19:19,90,4,321000,0,0,0,321000,Debit
TRX0802,2026-09-17,RS0863,T13,P001,H003,17:50,18:57,67,3,357000,0,0,0,357000,Cash
TRX0803,2026-09-17,RS0865,T02,P003,H011,18:06,19:40,94,2,438000,0,0,0,438000,Kartu Kredit
TRX0804,2026-09-17,RS0867,T20,P001,H003,18:06,19:14,68,3,357000,0,0,0,357000,Kartu Kredit
TRX0805,2026-09-17,RS0864,T01,P003,H011,18:10,19:37,87,2,438000,0,0,50000,488000,Kartu Kredit
TRX0806,2026-09-17,RS0868,T19,P001,H003,18:13,19:29,76,4,440000,0,0,0,440000,QRIS
TRX0807,2026-09-17,RS0869,T07,P001,H003,18:23,19:29,66,3,357000,0,0,0,357000,Kartu Kredit
TRX0808,2026-09-17,RS0870,T23,P003,H011,18:25,20:05,100,5,1095000,0,0,100000,1195000,QRIS
TRX0809,2026-09-17,RS0871,T03,P001,H003,18:30,19:44,74,2,238000,0,0,0,238000,Debit
TRX0810,2026-09-17,RS0872,T22,P001,H003,18:48,20:00,72,3,357000,0,0,150000,507000,QRIS
TRX0811,2026-09-17,RS0873,T08,P001,H003,18:53,21:08,135,2,119000,45,100000,100000,319000,QRIS
TRX0812,2026-09-17,RS0874,T28,P002,H007,18:59,20:10,71,7,778000,0,0,100000,878000,Kartu Kredit
TRX0813,2026-09-17,RS0875,T09,P002,H007,19:02,20:31,89,4,636000,0,0,0,636000,Debit
TRX0814,2026-09-17,RS0876,T16,P002,H007,19:02,21:02,120,1,159000,30,50000,0,209000,QRIS
TRX0815,2026-09-17,RS0879,T18,P001,H003,19:06,21:46,160,5,487000,70,150000,0,637000,Cash
TRX0816,2026-09-17,RS0880,T26,P001,H003,19:06,20:06,60,6,654000,0,0,0,654000,QRIS
TRX0817,2026-09-17,RS0877,T04,P002,H007,19:09,20:35,86,2,318000,0,0,100000,418000,QRIS
TRX0818,2026-09-17,RS0881,T27,P001,H003,19:14,20:30,76,8,736000,0,0,300000,1036000,Cash
TRX0819,2026-09-17,RS0882,T15,P003,H011,19:15,20:53,98,2,438000,0,0,100000,538000,Debit
TRX0820,2026-09-17,RS0878,T05,P001,H003,19:17,20:34,77,2,214000,0,0,0,214000,Debit
TRX0821,2026-09-17,RS0883,T02,P001,H003,20:06,21:56,110,2,214000,20,50000,0,264000,QRIS
TRX0822,2026-09-17,RS0884,T01,P002,H007,20:38,21:59,81,2,318000,0,0,0,318000,Kartu Kredit
TRX0823,2026-09-17,RS0885,T03,P002,H007,20:39,21:56,77,2,318000,0,0,0,318000,Kartu Kredit
TRX0824,2026-09-18,RS0886,T04,P002,H005,11:07,12:33,86,2,236000,0,0,300000,536000,Debit
TRX0825,2026-09-18,RS0887,T20,P001,H001,11:26,12:52,86,3,198000,0,0,0,198000,Kartu Kredit
TRX0826,2026-09-18,RS0890,T12,P001,H001,11:36,12:45,69,3,297000,0,0,100000,397000,QRIS
TRX0827,2026-09-18,RS0889,T05,P001,H001,11:38,12:53,75,2,178000,0,0,0,178000,Cash
TRX0828,2026-09-18,RS0893,T03,P002,H005,12:06,14:06,120,2,236000,30,50000,0,286000,QRIS
TRX0829,2026-09-18,RS0894,T14,P002,H005,12:08,13:22,74,3,417000,0,0,50000,467000,Debit
TRX0830,2026-09-18,RS0891,T01,P001,H001,12:09,13:13,64,1,99000,0,0,50000,149000,Kartu Kredit
TRX0831,2026-09-18,RS0892,T22,P001,H001,12:18,13:46,88,4,356000,0,0,150000,506000,Debit
TRX0832,2026-09-18,RS0895,T07,P003,H009,12:22,14:02,100,4,796000,0,0,0,796000,Debit
TRX0833,2026-09-18,RS0898,T28,P002,H005,12:35,13:45,70,8,1112000,0,0,150000,1262000,QRIS
TRX0834,2026-09-18,RS0897,T09,P002,H005,12:36,14:03,87,4,375000,0,0,100000,475000,Kartu Kredit
TRX0835,2026-09-18,RS0896,T02,P001,H001,12:38,13:46,68,1,99000,0,0,0,99000,Kartu Kredit
TRX0836,2026-09-18,RS0899,T04,P001,H001,13:05,14:18,73,2,168000,0,0,0,168000,QRIS
TRX0837,2026-09-18,RS0902,T27,P001,H001,13:06,14:04,58,7,693000,0,0,0,693000,Debit
TRX0838,2026-09-18,RS0901,T19,P001,H001,13:10,14:35,85,4,396000,0,0,100000,496000,Kartu Kredit
TRX0839,2026-09-18,RS0903,T21,P002,H005,13:21,15:36,135,4,472000,45,100000,0,572000,Debit
TRX0840,2026-09-18,RS0904,T08,P001,H001,13:46,15:16,90,3,297000,0,0,50000,347000,Cash
TRX0841,2026-09-18,RS0905,T22,P003,H009,14:05,15:55,110,4,736000,0,0,0,736000,Cash
TRX0842,2026-09-18,RS0906,T15,P003,H009,14:16,15:52,96,3,597000,0,0,0,597000,Kartu Kredit
TRX0843,2026-09-18,RS0907,T07,P002,H005,14:36,15:53,77,4,556000,0,0,50000,606000,Debit
TRX0844,2026-09-18,RS0908,T11,P002,H005,15:37,16:52,75,4,486000,0,0,0,486000,QRIS
TRX0845,2026-09-18,RS0909,T12,P001,H001,16:41,17:45,64,4,346000,0,0,0,346000,Debit
TRX0846,2026-09-18,RS0910,T13,P001,H001,16:45,17:58,73,3,257000,0,0,0,257000,QRIS
TRX0847,2026-09-18,RS0911,T25,P001,H001,16:50,18:19,89,5,435000,0,0,0,435000,Debit
TRX0848,2026-09-18,RS0912,T01,P002,H005,16:59,18:19,80,2,278000,0,0,0,278000,Debit
TRX0849,2026-09-18,RS0914,T20,P002,H007,17:05,18:31,86,4,636000,0,0,0,636000,QRIS
TRX0850,2026-09-18,RS0913,T02,P001,H003,17:07,18:18,71,2,238000,0,0,0,238000,Kartu Kredit
TRX0851,2026-09-18,RS0916,T24,P002,H007,17:15,18:28,73,5,795000,0,0,100000,895000,QRIS
TRX0852,2026-09-18,RS0918,T04,P003,H011,17:32,19:32,120,2,438000,0,0,0,438000,QRIS
TRX0853,2026-09-18,RS0917,T22,P001,H003,17:32,19:42,130,4,428000,40,100000,0,528000,QRIS
TRX0854,2026-09-18,RS0919,T14,P003,H011,17:39,19:54,135,4,876000,15,50000,0,926000,Kartu Kredit
TRX0855,2026-09-18,RS0920,T26,P001,H003,17:40,19:50,130,5,523000,40,100000,0,623000,Kartu Kredit
TRX0856,2026-09-18,RS0922,T08,P001,H003,17:47,19:03,76,3,357000,0,0,0,357000,Kartu Kredit
TRX0857,2026-09-18,RS0923,T29,P001,H003,17:50,18:44,54,10,1190000,0,0,300000,1490000,Cash
TRX0858,2026-09-18,RS0924,T05,P002,H007,17:54,19:06,72,2,159000,0,0,50000,209000,Kartu Kredit
TRX0859,2026-09-18,RS0925,T10,P001,H003,18:05,19:19,74,4,404000,0,0,0,404000,QRIS
TRX0860,2026-09-18,RS0926,T07,P002,H007,18:13,19:53,100,3,413000,10,50000,0,463000,QRIS
TRX0861,2026-09-18,RS0927,T17,P002,H007,18:21,19:39,78,5,651000,0,0,0,651000,Kartu Kredit
TRX0862,2026-09-18,RS0928,T19,P001,H003,18:32,20:22,110,3,238000,20,50000,50000,338000,QRIS
TRX0863,2026-09-18,RS0932,T27,P001,H003,18:40,19:57,77,7,653000,0,0,0,653000,Debit
TRX0864,2026-09-18,RS0934,T01,P003,H011,18:43,20:07,84,1,219000,0,0,50000,269000,QRIS
TRX0865,2026-09-18,RS0931,T18,P002,H007,18:43,20:05,82,6,954000,0,0,0,954000,QRIS
TRX0866,2026-09-18,RS0930,T02,P002,H007,18:44,19:56,72,2,286000,0,0,0,286000,QRIS
TRX0867,2026-09-18,RS0933,T28,P001,H003,18:48,20:04,76,8,952000,0,0,0,952000,Kartu Kredit
TRX0868,2026-09-18,RS0935,T16,P003,H011,18:51,20:47,116,2,372000,0,0,0,372000,Cash
TRX0869,2026-09-18,RS0936,T23,P001,H003,19:08,21:23,135,5,595000,45,100000,0,695000,Debit
TRX0870,2026-09-18,RS0929,T29,P001,H003,19:08,20:31,83,9,783000,0,0,0,783000,Kartu Kredit
TRX0871,2026-09-18,RS0937,T20,P002,H007,19:22,20:41,79,2,270000,0,0,0,270000,Debit
TRX0872,2026-09-18,RS0938,T25,P001,H003,19:33,20:46,73,6,714000,0,0,0,714000,Kartu Kredit
TRX0873,2026-09-18,RS0940,T05,P001,H003,19:35,21:05,90,2,238000,0,0,100000,338000,QRIS
TRX0874,2026-09-18,RS0941,T10,P002,H007,19:35,21:01,86,4,636000,0,0,100000,736000,Kartu Kredit
TRX0875,2026-09-18,RS0942,T24,P002,H007,20:08,21:48,100,6,667000,10,50000,100000,817000,QRIS
TRX0876,2026-09-18,RS0943,T15,P001,H003,20:13,21:21,68,4,476000,0,0,50000,526000,Cash
TRX0877,2026-09-19,RS0944,T10,P002,H006,11:47,13:08,81,4,636000,0,0,0,636000,Cash
TRX0878,2026-09-19,RS0945,T02,P002,H006,12:05,13:22,77,2,318000,0,0,0,318000,Kartu Kredit
TRX0879,2026-09-19,RS0949,T18,P001,H002,12:07,13:25,78,6,714000,0,0,0,714000,Kartu Kredit
TRX0880,2026-09-19,RS0946,T06,P003,H010,12:08,13:45,97,4,744000,0,0,100000,844000,QRIS
TRX0881,2026-09-19,RS0948,T13,P001,H002,12:08,13:23,75,2,202000,0,0,50000,252000,Kartu Kredit
TRX0882,2026-09-19,RS0950,T11,P002,H006,12:16,13:32,76,4,572000,0,0,0,572000,Debit
TRX0883,2026-09-19,RS0953,T05,P001,H002,12:37,13:49,72,1,119000,0,0,0,119000,Debit
TRX0884,2026-09-19,RS0958,T14,P003,H010,12:37,14:18,101,4,766000,0,0,50000,816000,Kartu Kredit
TRX0885,2026-09-19,RS0951,T01,P001,H002,12:38,14:07,89,2,238000,0,0,0,238000,Kartu Kredit
TRX0886,2026-09-19,RS0952,T03,P001,H002,12:38,14:03,85,2,238000,0,0,0,238000,Kartu Kredit
TRX0887,2026-09-19,RS0959,T20,P001,H002,12:39,13:43,64,3,357000,0,0,0,357000,QRIS
TRX0888,2026-09-19,RS0955,T12,P001,H002,12:42,14:03,81,4,452000,0,0,0,452000,QRIS
TRX0889,2026-09-19,RS0954,T08,P001,H002,12:43,14:33,110,4,476000,20,50000,0,526000,QRIS
TRX0890,2026-09-19,RS0960,T27,P002,H006,12:52,14:13,81,8,1272000,0,0,300000,1572000,Kartu Kredit
TRX0891,2026-09-19,RS0961,T09,P001,H002,13:04,14:23,79,4,476000,0,0,0,476000,QRIS
TRX0892,2026-09-19,RS0962,T04,P002,H006,13:06,15:01,115,2,318000,25,50000,0,368000,QRIS
TRX0893,2026-09-19,RS0965,T16,P001,H002,13:07,14:25,78,2,238000,0,0,0,238000,Debit
TRX0894,2026-09-19,RS0964,T25,P002,H006,13:08,14:23,75,6,954000,0,0,0,954000,QRIS
TRX0895,2026-09-19,RS0968,T21,P001,H002,13:14,14:44,90,2,238000,0,0,50000,288000,QRIS
TRX0896,2026-09-19,RS0966,T22,P002,H006,13:16,14:46,90,2,318000,0,0,100000,418000,Cash
TRX0897,2026-09-19,RS0967,T17,P003,H010,13:17,15:02,105,5,1095000,0,0,150000,1245000,Cash
TRX0898,2026-09-19,RS0969,T26,P002,H006,13:29,14:35,66,6,603000,0,0,0,603000,Kartu Kredit
TRX0899,2026-09-19,RS0970,T02,P001,H002,14:05,15:35,90,2,238000,0,0,0,238000,Debit
TRX0900,2026-09-19,RS0971,T07,P003,H010,14:15,15:47,92,4,766000,0,0,0,766000,QRIS
TRX0901,2026-09-19,RS0972,T06,P002,H006,14:42,16:01,79,4,636000,0,0,0,636000,QRIS
TRX0902,2026-09-19,RS0974,T27,P001,H002,16:08,17:26,78,8,952000,0,0,100000,1052000,QRIS
TRX0903,2026-09-19,RS0973,T03,P001,H002,16:10,17:30,80,2,238000,0,0,0,238000,QRIS
TRX0904,2026-09-19,RS0978,T11,P001,H002,16:40,17:52,72,3,357000,0,0,50000,407000,QRIS
TRX0905,2026-09-19,RS0976,T08,P002,H006,16:41,17:41,60,3,477000,0,0,100000,577000,Debit
TRX0906,2026-09-19,RS0975,T07,P001,H002,16:44,17:54,70,4,476000,0,0,0,476000,QRIS
TRX0907,2026-09-19,RS0979,T19,P003,H010,16:58,19:13,135,2,372000,15,50000,0,422000,QRIS
TRX0908,2026-09-19,RS0980,T20,P001,H004,17:01,18:24,83,2,278000,0,0,0,278000,QRIS
TRX0909,2026-09-19,RS0982,T16,P001,H004,17:05,18:22,77,2,236000,0,0,0,236000,Kartu Kredit
TRX0910,2026-09-19,RS0984,T13,P001,H004,17:12,18:24,72,4,556000,0,0,0,556000,Cash
TRX0911,2026-09-19,RS0981,T05,P002,H008,17:15,18:35,80,2,358000,0,0,100000,458000,Debit
TRX0912,2026-09-19,RS0983,T28,P001,H004,17:15,18:26,71,8,1112000,0,0,100000,1212000,QRIS
TRX0913,2026-09-19,RS0985,T21,P002,H008,17:19,18:21,62,2,358000,0,0,0,358000,QRIS
TRX0914,2026-09-19,RS0988,T17,P002,H008,17:35,18:57,82,5,823000,0,0,100000,923000,Debit
TRX0915,2026-09-19,RS0986,T04,P001,H004,17:39,18:57,78,2,278000,0,0,100000,378000,QRIS
TRX0916,2026-09-19,RS0989,T18,P002,H008,17:39,19:05,86,5,733000,0,0,0,733000,Debit
TRX0917,2026-09-19,RS0991,T08,P001,H004,18:01,19:07,66,3,417000,0,0,0,417000,Kartu Kredit
TRX0918,2026-09-19,RS0997,T10,P002,H008,18:05,19:19,74,4,483000,0,0,0,483000,Cash
TRX0919,2026-09-19,RS0998,T12,P002,H008,18:05,19:35,90,4,608000,0,0,100000,708000,Debit
TRX0920,2026-09-19,RS0996,T09,P003,H012,18:07,19:51,104,4,956000,0,0,0,956000,Debit
TRX0921,2026-09-19,RS0999,T15,P002,H008,18:07,19:27,80,4,716000,0,0,50000,766000,QRIS
TRX0922,2026-09-19,RS1000,T25,P001,H004,18:09,19:35,86,6,666000,0,0,50000,716000,Kartu Kredit
TRX0923,2026-09-19,RS0994,T02,P001,H004,18:10,19:15,65,2,236000,0,0,50000,286000,QRIS
TRX0924,2026-09-19,RS1002,T11,P001,H004,18:14,19:10,56,3,417000,0,0,0,417000,QRIS
TRX0925,2026-09-19,RS0992,T29,P001,H004,18:29,19:59,90,9,860000,0,0,0,860000,Debit
TRX0926,2026-09-19,RS1008,T14,P001,H004,18:36,19:56,80,3,361000,0,0,0,361000,Debit
TRX0927,2026-09-19,RS1009,T22,P002,H008,18:36,20:06,90,4,716000,0,0,100000,816000,Kartu Kredit
TRX0928,2026-09-19,RS1003,T21,P001,H004,18:37,19:40,63,3,417000,0,0,0,417000,Kartu Kredit
TRX0929,2026-09-19,RS1006,T01,P002,H008,18:39,19:40,61,2,358000,0,0,0,358000,Kartu Kredit
TRX0930,2026-09-19,RS1005,T13,P002,H008,18:40,20:03,83,2,358000,0,0,0,358000,QRIS
TRX0931,2026-09-19,RS1004,T16,P002,H008,18:41,21:11,150,2,304000,60,100000,0,404000,Debit
TRX0932,2026-09-19,RS1007,T07,P001,H004,18:46,20:10,84,4,514000,0,0,0,514000,Debit
TRX0933,2026-09-19,RS1012,T26,P002,H008,18:50,19:55,65,4,716000,0,0,0,716000,QRIS
TRX0934,2026-09-19,RS1015,T06,P002,H008,19:08,21:38,150,3,537000,60,100000,50000,687000,Debit
TRX0935,2026-09-19,RS1014,T05,P001,H004,19:09,21:04,115,2,278000,25,50000,0,328000,QRIS
TRX0936,2026-09-19,RS1017,T23,P003,H012,19:13,21:13,120,5,1195000,0,0,0,1195000,Debit
TRX0937,2026-09-19,RS1018,T28,P001,H004,19:15,20:37,82,8,1112000,0,0,0,1112000,QRIS
TRX0938,2026-09-19,RS1013,T03,P003,H012,19:19,22:04,165,2,430000,45,100000,50000,580000,QRIS
TRX0939,2026-09-19,RS1010,T08,P001,H004,19:24,20:54,90,1,139000,0,0,0,139000,Debit
TRX0940,2026-09-19,RS1019,T02,P002,H008,19:32,21:12,100,2,358000,10,50000,0,408000,Cash
TRX0941,2026-09-19,RS1011,T11,P001,H004,19:32,22:02,150,3,417000,60,100000,100000,617000,Debit
TRX0942,2026-09-19,RS1020,T04,P002,H008,19:38,20:56,78,2,304000,0,0,50000,354000,Kartu Kredit
TRX0943,2026-09-19,RS1023,T19,P002,H008,19:39,21:02,83,4,608000,0,0,0,608000,Cash
TRX0944,2026-09-19,RS1024,T20,P001,H004,19:39,21:00,81,4,500000,0,0,0,500000,QRIS
TRX0945,2026-09-19,RS1025,T30,P002,H008,19:43,20:59,76,12,1608000,0,0,0,1608000,QRIS
TRX0946,2026-09-19,RS1021,T10,P001,H004,19:50,20:55,65,3,417000,0,0,0,417000,Debit
TRX0947,2026-09-19,RS1026,T25,P001,H004,20:13,21:34,81,6,806000,0,0,0,806000,Debit
TRX0948,2026-09-20,RS1028,T01,P003,H010,11:37,13:03,86,1,219000,0,0,0,219000,QRIS
TRX0949,2026-09-20,RS1030,T14,P003,H010,11:43,13:28,105,2,438000,0,0,0,438000,Kartu Kredit
TRX0950,2026-09-20,RS1029,T11,P003,H010,11:48,13:30,102,3,569000,0,0,0,569000,Kartu Kredit
TRX0951,2026-09-20,RS1031,T28,P001,H002,11:50,13:03,73,8,952000,0,0,0,952000,Kartu Kredit
TRX0952,2026-09-20,RS1032,T20,P002,H006,11:54,14:34,160,3,477000,70,150000,200000,827000,Debit
TRX0953,2026-09-20,RS1035,T05,P001,H002,12:05,13:35,90,2,214000,0,0,100000,314000,Debit
TRX0954,2026-09-20,RS1036,T12,P002,H006,12:05,13:09,64,4,636000,0,0,0,636000,QRIS
TRX0955,2026-09-20,RS1034,T04,P002,H006,12:09,13:49,100,2,318000,10,50000,0,368000,QRIS
TRX0956,2026-09-20,RS1037,T19,P001,H002,12:12,13:30,78,3,357000,0,0,0,357000,Kartu Kredit
TRX0957,2026-09-20,RS1038,T15,P002,H006,12:20,13:17,57,2,270000,0,0,100000,370000,QRIS
TRX0958,2026-09-20,RS1039,T26,P002,H006,12:29,13:55,86,5,795000,0,0,0,795000,QRIS
TRX0959,2026-09-20,RS1041,T09,P002,H006,12:36,13:57,81,3,429000,0,0,0,429000,Kartu Kredit
TRX0960,2026-09-20,RS1040,T02,P001,H002,12:38,13:54,76,2,238000,0,0,50000,288000,Debit
TRX0961,2026-09-20,RS1044,T22,P002,H006,12:43,13:57,74,3,477000,0,0,0,477000,Debit
TRX0962,2026-09-20,RS1049,T21,P001,H002,13:10,14:38,88,2,238000,0,0,0,238000,Debit
TRX0963,2026-09-20,RS1050,T27,P002,H006,13:12,14:19,67,7,1113000,0,0,0,1113000,QRIS
TRX0964,2026-09-20,RS1046,T03,P003,H010,13:14,15:14,120,2,219000,0,0,50000,269000,Kartu Kredit
TRX0965,2026-09-20,RS1051,T13,P001,H002,13:16,14:24,68,2,202000,0,0,50000,252000,QRIS
TRX0966,2026-09-20,RS1052,T08,P001,H002,13:17,14:36,79,1,119000,0,0,0,119000,Cash
TRX0967,2026-09-20,RS1053,T06,P002,H006,13:21,14:41,80,3,270000,0,0,150000,420000,QRIS
TRX0968,2026-09-20,RS1054,T12,P003,H010,13:26,15:04,98,3,657000,0,0,0,657000,Cash
TRX0969,2026-09-20,RS1055,T11,P002,H006,13:56,15:16,80,3,477000,0,0,150000,627000,Cash
TRX0970,2026-09-20,RS1057,T10,P003,H010,14:07,15:38,91,4,876000,0,0,150000,1026000,QRIS
TRX0971,2026-09-20,RS1059,T19,P002,H006,14:11,15:30,79,4,636000,0,0,100000,736000,Kartu Kredit
TRX0972,2026-09-20,RS1058,T07,P001,H002,14:13,15:38,85,4,368000,0,0,100000,468000,Kartu Kredit
TRX0973,2026-09-20,RS1060,T05,P001,H002,14:30,15:49,79,1,119000,0,0,50000,169000,QRIS
TRX0974,2026-09-20,RS1061,T15,P001,H002,14:33,16:13,100,3,357000,10,50000,0,407000,QRIS
TRX0975,2026-09-20,RS1062,T01,P002,H006,14:35,15:53,78,2,318000,0,0,0,318000,Kartu Kredit
TRX0976,2026-09-20,RS1063,T16,P001,H002,14:42,15:51,69,4,321000,0,0,50000,371000,QRIS
TRX0977,2026-09-20,RS1064,T02,P001,H002,14:56,16:17,81,2,214000,0,0,50000,264000,QRIS
TRX0978,2026-09-20,RS1065,T04,P001,H002,15:10,16:21,71,2,238000,0,0,150000,388000,Debit
TRX0979,2026-09-20,RS1066,T08,P001,H002,15:16,16:39,83,4,416000,0,0,0,416000,QRIS
TRX0980,2026-09-20,RS1068,T28,P002,H006,15:39,17:02,83,8,1272000,0,0,100000,1372000,QRIS
TRX0981,2026-09-20,RS1067,T03,P002,H006,15:44,17:08,84,1,159000,0,0,0,159000,QRIS
TRX0982,2026-09-20,RS1069,T11,P003,H010,15:48,17:34,106,4,788000,0,0,0,788000,Cash
TRX0983,2026-09-20,RS1070,T27,P002,H006,15:59,17:22,83,8,889000,0,0,0,889000,Kartu Kredit
TRX0984,2026-09-20,RS1071,T01,P001,H002,16:36,17:59,83,2,202000,0,0,0,202000,Debit
TRX0985,2026-09-20,RS1073,T18,P002,H006,16:36,17:37,61,5,683000,0,0,0,683000,QRIS
TRX0986,2026-09-20,RS1072,T12,P001,H002,16:47,18:03,76,3,309000,0,0,0,309000,Kartu Kredit
TRX0987,2026-09-20,RS1074,T06,P001,H004,17:00,18:21,81,4,556000,0,0,0,556000,Debit
TRX0988,2026-09-20,RS1075,T08,P001,H004,17:21,18:42,81,4,472000,0,0,0,472000,QRIS
TRX0989,2026-09-20,RS1078,T14,P002,H008,17:36,19:31,115,3,483000,25,50000,0,533000,QRIS
TRX0990,2026-09-20,RS1076,T05,P002,H008,17:37,19:00,83,2,358000,0,0,50000,408000,Kartu Kredit
TRX0991,2026-09-20,RS1079,T25,P002,H008,17:39,19:00,81,6,1074000,0,0,200000,1274000,Kartu Kredit
TRX0992,2026-09-20,RS1077,T10,P002,H008,17:43,19:33,110,4,716000,20,50000,0,766000,Debit
TRX0993,2026-09-20,RS1081,T13,P002,H008,18:08,19:31,83,4,716000,0,0,0,716000,QRIS
TRX0994,2026-09-20,RS1082,T22,P002,H008,18:10,19:19,69,3,537000,0,0,0,537000,QRIS
TRX0995,2026-09-20,RS1083,T02,P001,H004,18:15,19:30,75,2,250000,0,0,100000,350000,QRIS
TRX0996,2026-09-20,RS1084,T04,P002,H008,18:21,20:16,115,2,358000,25,50000,0,408000,QRIS
TRX0997,2026-09-20,RS1085,T27,P001,H004,18:24,19:32,68,8,1112000,0,0,150000,1262000,QRIS
TRX0998,2026-09-20,RS1087,T18,P001,H004,18:35,19:47,72,6,834000,0,0,150000,984000,Debit
TRX0999,2026-09-20,RS1089,T28,P002,H008,18:36,19:56,80,8,1306000,0,0,0,1306000,Cash
TRX1000,2026-09-20,RS1086,T03,P001,H004,18:43,19:56,73,1,139000,0,0,100000,239000,Debit
TRX1001,2026-09-20,RS1088,T23,P002,H008,18:45,21:15,150,5,859000,60,100000,0,959000,QRIS
TRX1002,2026-09-20,RS1090,T21,P002,H008,18:52,20:19,87,4,716000,0,0,50000,766000,Debit
TRX1003,2026-09-20,RS1091,T11,P001,H004,18:53,20:43,110,4,556000,20,50000,0,606000,QRIS
TRX1004,2026-09-20,RS1092,T01,P002,H008,18:56,20:20,84,2,304000,0,0,50000,354000,Debit
TRX1005,2026-09-20,RS1093,T07,P001,H004,19:01,20:10,69,4,556000,0,0,0,556000,Cash
TRX1006,2026-09-20,RS1094,T12,P001,H004,19:05,20:17,72,3,236000,0,0,100000,336000,Kartu Kredit
TRX1007,2026-09-20,RS1099,T26,P001,H004,19:38,20:52,74,5,695000,0,0,50000,745000,Kartu Kredit
TRX1008,2026-09-20,RS1096,T09,P001,H004,19:39,21:06,87,3,389000,0,0,0,389000,Debit
TRX1009,2026-09-20,RS1095,T27,P003,H012,19:56,22:20,144,8,1912000,24,50000,0,1962000,QRIS
TRX1010,2026-09-20,RS1100,T05,P002,H008,20:35,21:48,73,2,358000,0,0,0,358000,Cash
TRX1011,2026-09-20,RS1101,T07,P001,H004,20:39,22:09,90,3,389000,0,0,100000,489000,Debit
TRX1012,2026-09-21,RS1102,T26,P001,H001,11:25,12:51,86,5,415000,0,0,0,415000,Debit
TRX1013,2026-09-21,RS1103,T03,P001,H001,11:43,12:58,75,1,99000,0,0,0,99000,Kartu Kredit
TRX1014,2026-09-21,RS1104,T11,P001,H001,12:06,13:08,62,4,396000,0,0,0,396000,QRIS
TRX1015,2026-09-21,RS1105,T19,P001,H001,12:07,13:18,71,4,396000,0,0,0,396000,Debit
TRX1016,2026-09-21,RS1106,T05,P001,H001,12:11,13:15,64,2,198000,0,0,0,198000,Debit
TRX1017,2026-09-21,RS1107,T01,P002,H005,12:12,13:41,89,2,278000,0,0,100000,378000,QRIS
TRX1018,2026-09-21,RS1108,T21,P001,H001,12:31,13:46,75,2,198000,0,0,0,198000,Cash
TRX1019,2026-09-21,RS1110,T02,P003,H009,12:35,14:19,104,2,338000,0,0,0,338000,Kartu Kredit
TRX1020,2026-09-21,RS1111,T04,P001,H001,12:37,13:54,77,2,99000,0,0,0,99000,QRIS
TRX1021,2026-09-21,RS1109,T13,P002,H005,12:38,13:54,76,3,333000,0,0,0,333000,Debit
TRX1022,2026-09-21,RS1112,T14,P001,H001,12:39,13:52,73,4,396000,0,0,0,396000,Debit
TRX1023,2026-09-21,RS1113,T28,P002,H005,13:00,14:30,90,7,917000,0,0,50000,967000,QRIS
TRX1024,2026-09-21,RS1114,T27,P001,H001,13:07,14:27,80,8,772000,0,0,0,772000,Debit
TRX1025,2026-09-21,RS1115,T12,P002,H005,13:12,14:25,73,4,472000,0,0,0,472000,Kartu Kredit
TRX1026,2026-09-21,RS1116,T10,P002,H005,13:17,14:39,82,3,417000,0,0,0,417000,Cash
TRX1027,2026-09-21,RS1117,T24,P001,H001,13:25,14:55,90,6,415000,0,0,0,415000,Kartu Kredit
TRX1028,2026-09-21,RS1119,T28,P002,H005,15:44,17:19,95,8,721000,5,50000,0,771000,Debit
TRX1029,2026-09-21,RS1120,T05,P002,H005,16:50,18:00,70,2,278000,0,0,100000,378000,Kartu Kredit
TRX1030,2026-09-21,RS1121,T03,P002,H007,17:06,18:12,66,2,318000,0,0,0,318000,QRIS
TRX1031,2026-09-21,RS1122,T27,P002,H007,17:08,18:26,78,8,1272000,0,0,50000,1322000,Debit
TRX1032,2026-09-21,RS1123,T29,P002,H007,17:35,19:05,90,8,1272000,0,0,0,1272000,Kartu Kredit
TRX1033,2026-09-21,RS1124,T26,P003,H011,17:39,19:27,108,6,1314000,0,0,0,1314000,Cash
TRX1034,2026-09-21,RS1125,T04,P001,H003,17:44,19:04,80,2,214000,0,0,50000,264000,Kartu Kredit
TRX1035,2026-09-21,RS1126,T02,P001,H003,17:50,20:00,130,2,238000,40,100000,0,338000,QRIS
TRX1036,2026-09-21,RS1127,T13,P001,H003,18:21,19:51,90,4,416000,0,0,100000,516000,Cash
TRX1037,2026-09-21,RS1128,T28,P002,H007,18:36,19:57,81,8,873000,0,0,0,873000,QRIS
TRX1038,2026-09-21,RS1130,T03,P001,H003,19:10,20:15,65,1,95000,0,0,0,95000,Cash
TRX1039,2026-09-21,RS1132,T15,P001,H003,19:26,20:53,87,3,357000,0,0,0,357000,QRIS
TRX1040,2026-09-21,RS1133,T27,P002,H007,19:43,21:10,87,7,873000,0,0,0,873000,Kartu Kredit
TRX1041,2026-09-21,RS1134,T05,P001,H003,20:10,21:38,88,2,238000,0,0,0,238000,Debit
TRX1042,2026-09-21,RS1135,T18,P001,H003,20:33,21:39,66,5,523000,0,0,50000,573000,QRIS
TRX1043,2026-09-22,RS1136,T01,P002,H005,11:31,13:01,90,2,278000,0,0,0,278000,Cash
TRX1044,2026-09-22,RS1137,T12,P001,H001,11:39,13:01,82,4,336000,0,0,0,336000,QRIS
TRX1045,2026-09-22,RS1138,T24,P001,H001,11:44,12:58,74,5,375000,0,0,0,375000,Kartu Kredit
TRX1046,2026-09-22,RS1139,T06,P001,H001,12:02,13:21,79,4,336000,0,0,0,336000,Cash
TRX1047,2026-09-22,RS1141,T28,P001,H001,12:16,13:27,71,7,543000,0,0,0,543000,Kartu Kredit
TRX1048,2026-09-22,RS1140,T29,P002,H005,12:16,13:37,81,10,1054000,0,0,200000,1254000,QRIS
TRX1049,2026-09-22,RS1142,T16,P001,H001,12:41,14:05,84,4,396000,0,0,0,396000,QRIS
TRX1050,2026-09-22,RS1143,T08,P002,H005,12:49,14:24,95,4,430000,5,50000,0,480000,Kartu Kredit
TRX1051,2026-09-22,RS1145,T21,P001,H001,13:15,14:24,69,4,396000,0,0,0,396000,Debit
TRX1052,2026-09-22,RS1146,T05,P001,H001,13:25,14:25,60,2,198000,0,0,50000,248000,QRIS
TRX1053,2026-09-22,RS1148,T27,P001,H001,14:36,16:26,110,8,772000,20,50000,0,822000,QRIS
TRX1054,2026-09-22,RS1147,T20,P001,H001,14:39,16:04,85,4,396000,0,0,0,396000,QRIS
TRX1055,2026-09-22,RS1149,T26,P002,H005,15:49,17:24,95,6,834000,5,50000,0,884000,Kartu Kredit
TRX1056,2026-09-22,RS1150,T03,P001,H001,16:35,17:54,79,1,99000,0,0,50000,149000,QRIS
TRX1057,2026-09-22,RS1152,T10,P001,H003,17:10,18:30,80,4,476000,0,0,0,476000,Kartu Kredit
TRX1058,2026-09-22,RS1151,T05,P003,H011,17:15,19:30,135,2,438000,15,50000,0,488000,Debit
TRX1059,2026-09-22,RS1153,T08,P001,H003,17:34,18:51,77,3,357000,0,0,50000,407000,QRIS
TRX1060,2026-09-22,RS1154,T02,P001,H003,17:44,18:39,55,2,119000,0,0,0,119000,QRIS
TRX1061,2026-09-22,RS1155,T17,P003,H011,17:50,19:28,98,6,1314000,0,0,100000,1414000,QRIS
TRX1062,2026-09-22,RS1157,T28,P001,H003,18:25,19:55,90,8,952000,0,0,150000,1102000,QRIS
TRX1063,2026-09-22,RS1156,T14,P003,H011,18:26,20:21,115,4,876000,0,0,0,876000,Kartu Kredit
TRX1064,2026-09-22,RS1158,T01,P003,H011,18:27,20:22,115,1,175000,0,0,100000,275000,Cash
TRX1065,2026-09-22,RS1159,T20,P001,H003,18:33,19:41,68,4,476000,0,0,100000,576000,Kartu Kredit
TRX1066,2026-09-22,RS1162,T18,P002,H007,18:38,20:06,88,6,922000,0,0,0,922000,Kartu Kredit
TRX1067,2026-09-22,RS1163,T04,P003,H011,18:40,20:37,117,2,438000,0,0,0,438000,QRIS
TRX1068,2026-09-22,RS1160,T09,P002,H007,18:41,19:45,64,4,636000,0,0,50000,686000,Kartu Kredit
TRX1069,2026-09-22,RS1164,T10,P001,H003,19:17,20:31,74,4,476000,0,0,0,476000,Debit
TRX1070,2026-09-22,RS1166,T13,P002,H007,19:31,20:38,67,3,477000,0,0,0,477000,QRIS
TRX1071,2026-09-22,RS1165,T24,P001,H003,19:32,21:07,95,6,570000,5,50000,0,620000,Kartu Kredit
TRX1072,2026-09-22,RS1168,T12,P002,H007,19:50,21:07,77,4,636000,0,0,0,636000,Cash
TRX1073,2026-09-22,RS1169,T06,P001,H003,20:01,21:26,85,4,476000,0,0,0,476000,QRIS
TRX1074,2026-09-22,RS1170,T05,P001,H003,20:16,21:23,67,2,238000,0,0,0,238000,Cash
TRX1075,2026-09-23,RS1171,T15,P001,H001,11:12,13:12,120,4,396000,30,50000,100000,546000,Debit
TRX1076,2026-09-23,RS1172,T04,P001,H001,12:14,13:44,90,2,178000,0,0,0,178000,Cash
TRX1077,2026-09-23,RS1173,T29,P001,H001,12:14,13:25,71,9,711000,0,0,50000,761000,Debit
TRX1078,2026-09-23,RS1174,T13,P002,H005,12:18,13:53,95,3,417000,5,50000,0,467000,Kartu Kredit
TRX1079,2026-09-23,RS1175,T01,P003,H009,12:22,13:55,93,1,199000,0,0,0,199000,Cash
TRX1080,2026-09-23,RS1176,T20,P002,H005,12:32,14:02,90,3,417000,0,0,0,417000,Kartu Kredit
TRX1081,2026-09-23,RS1177,T03,P002,H005,12:33,13:54,81,2,278000,0,0,0,278000,Debit
TRX1082,2026-09-23,RS1178,T18,P002,H005,12:38,14:06,88,5,472000,0,0,50000,522000,Kartu Kredit
TRX1083,2026-09-23,RS1179,T02,P002,H005,12:55,14:45,110,1,139000,20,50000,0,189000,Debit
TRX1084,2026-09-23,RS1180,T25,P001,H001,12:57,14:16,79,5,495000,0,0,0,495000,Debit
TRX1085,2026-09-23,RS1181,T10,P001,H001,13:10,14:37,87,3,297000,0,0,0,297000,QRIS
TRX1086,2026-09-23,RS1182,T05,P001,H001,13:45,15:08,83,2,168000,0,0,50000,218000,Debit
TRX1087,2026-09-23,RS1183,T09,P001,H001,13:56,15:26,90,4,396000,0,0,0,396000,Kartu Kredit
TRX1088,2026-09-23,RS1184,T04,P002,H005,14:16,15:28,72,2,278000,0,0,0,278000,QRIS
TRX1089,2026-09-23,RS1185,T23,P002,H005,15:22,16:37,75,5,695000,0,0,0,695000,Cash
TRX1090,2026-09-23,RS1186,T16,P003,H009,15:51,17:43,112,3,537000,0,0,0,537000,Kartu Kredit
TRX1091,2026-09-23,RS1187,T21,P002,H005,16:18,17:33,75,3,417000,0,0,50000,467000,QRIS
TRX1092,2026-09-23,RS1188,T20,P001,H001,16:37,17:52,75,3,297000,0,0,0,297000,QRIS
TRX1093,2026-09-23,RS1190,T13,P002,H005,16:40,18:02,82,4,556000,0,0,0,556000,Debit
TRX1094,2026-09-23,RS1189,T25,P001,H001,16:40,17:44,64,5,435000,0,0,50000,485000,Debit
TRX1095,2026-09-23,RS1191,T09,P002,H005,16:45,18:10,85,3,417000,0,0,0,417000,Kartu Kredit
TRX1096,2026-09-23,RS1192,T03,P001,H003,17:33,18:52,79,2,202000,0,0,50000,252000,Cash
TRX1097,2026-09-23,RS1193,T06,P001,H003,17:36,18:44,68,4,404000,0,0,100000,504000,QRIS
TRX1098,2026-09-23,RS1196,T02,P001,H003,18:09,19:21,72,2,238000,0,0,0,238000,Cash
TRX1099,2026-09-23,RS1195,T21,P002,H007,18:10,19:31,81,3,477000,0,0,0,477000,Debit
TRX1100,2026-09-23,RS1194,T28,P002,H007,18:10,19:16,66,8,889000,0,0,100000,989000,QRIS
TRX1101,2026-09-23,RS1197,T12,P001,H003,18:40,21:20,160,3,309000,70,150000,0,459000,Cash
TRX1102,2026-09-23,RS1198,T17,P002,H007,19:00,20:15,75,6,954000,0,0,100000,1054000,Debit
TRX1103,2026-09-23,RS1200,T22,P001,H003,19:08,20:30,82,3,357000,0,0,0,357000,Cash
TRX1104,2026-09-23,RS1203,T25,P002,H007,19:14,20:23,69,6,954000,0,0,0,954000,Debit
TRX1105,2026-09-23,RS1202,T15,P001,H003,19:16,20:46,90,4,428000,0,0,50000,478000,Kartu Kredit
TRX1106,2026-09-23,RS1204,T09,P001,H003,19:37,20:35,58,4,476000,0,0,100000,576000,Debit
TRX1107,2026-09-23,RS1206,T04,P003,H011,19:40,22:10,150,2,438000,30,50000,0,488000,QRIS
TRX1108,2026-09-23,RS1207,T06,P002,H007,19:44,20:57,73,3,477000,0,0,100000,577000,Debit
TRX1109,2026-09-23,RS1205,T23,P002,H007,19:44,21:39,115,6,954000,25,50000,0,1004000,QRIS
TRX1110,2026-09-23,RS1208,T19,P003,H011,19:53,21:21,88,4,876000,0,0,0,876000,QRIS
TRX1111,2026-09-23,RS1209,T21,P002,H007,20:07,21:42,95,3,477000,5,50000,150000,677000,QRIS
TRX1112,2026-09-23,RS1210,T11,P001,H003,20:29,21:44,75,4,440000,0,0,0,440000,Debit
TRX1113,2026-09-23,RS1211,T20,P002,H007,20:35,21:52,77,4,492000,0,0,0,492000,Kartu Kredit
TRX1114,2026-09-23,RS1212,T17,P001,H003,20:45,21:50,65,5,487000,0,0,100000,587000,QRIS
TRX1115,2026-09-24,RS1213,T27,P001,H001,11:08,12:30,82,8,792000,0,0,400000,1192000,QRIS
TRX1116,2026-09-24,RS1214,T12,P002,H005,11:11,13:01,110,3,417000,20,50000,0,467000,QRIS
TRX1117,2026-09-24,RS1216,T17,P001,H001,12:31,13:49,78,5,405000,0,0,0,405000,Debit
TRX1118,2026-09-24,RS1215,T15,P001,H001,12:32,14:00,88,3,297000,0,0,150000,447000,QRIS
TRX1119,2026-09-24,RS1217,T03,P003,H009,12:35,14:29,114,2,398000,0,0,0,398000,Kartu Kredit
TRX1120,2026-09-24,RS1218,T24,P001,H001,12:40,13:58,78,5,495000,0,0,100000,595000,Debit
TRX1121,2026-09-24,RS1219,T26,P002,H005,12:42,14:17,95,5,569000,5,50000,0,619000,QRIS
TRX1122,2026-09-24,RS1220,T05,P002,H005,12:51,13:48,57,2,278000,0,0,0,278000,QRIS
TRX1123,2026-09-24,RS1221,T01,P001,H001,13:02,14:23,81,2,198000,0,0,50000,248000,Debit
TRX1124,2026-09-24,RS1222,T18,P002,H005,13:07,14:52,105,5,625000,15,50000,50000,725000,QRIS
TRX1125,2026-09-24,RS1223,T02,P002,H005,13:12,14:15,63,1,139000,0,0,0,139000,Cash
TRX1126,2026-09-24,RS1224,T22,P002,H005,13:21,14:44,83,2,278000,0,0,0,278000,Cash
TRX1127,2026-09-24,RS1225,T28,P002,H005,13:31,14:41,70,7,973000,0,0,100000,1073000,Debit
TRX1128,2026-09-24,RS1226,T04,P002,H005,13:39,14:54,75,1,139000,0,0,50000,189000,Debit
TRX1129,2026-09-24,RS1227,T14,P001,H001,13:42,15:42,120,4,336000,30,50000,0,386000,Debit
TRX1130,2026-09-24,RS1228,T23,P003,H009,13:59,15:59,120,6,1194000,0,0,50000,1244000,QRIS
TRX1131,2026-09-24,RS1230,T05,P001,H001,14:17,15:39,82,2,168000,0,0,50000,218000,Kartu Kredit
TRX1132,2026-09-24,RS1231,T27,P001,H001,14:22,15:46,84,8,792000,0,0,0,792000,QRIS
TRX1133,2026-09-24,RS1232,T17,P002,H005,15:07,16:30,83,6,834000,0,0,100000,934000,Debit
TRX1134,2026-09-24,RS1233,T16,P002,H005,15:47,17:12,85,4,556000,0,0,50000,606000,Kartu Kredit
TRX1135,2026-09-24,RS1235,T01,P002,H005,15:57,17:18,81,2,250000,0,0,0,250000,Debit
TRX1136,2026-09-24,RS1234,T22,P001,H001,15:58,17:12,74,3,297000,0,0,0,297000,QRIS
TRX1137,2026-09-24,RS1236,T06,P001,H001,16:39,17:59,80,3,297000,0,0,150000,447000,Kartu Kredit
TRX1138,2026-09-24,RS1237,T03,P002,H005,16:45,18:00,75,1,139000,0,0,0,139000,Kartu Kredit
TRX1139,2026-09-24,RS1238,T11,P001,H003,17:13,18:25,72,4,404000,0,0,100000,504000,Cash
TRX1140,2026-09-24,RS1239,T16,P001,H003,17:37,19:47,130,4,404000,40,100000,0,504000,QRIS
TRX1141,2026-09-24,RS1241,T02,P003,H011,17:41,19:28,107,2,438000,0,0,100000,538000,QRIS
TRX1142,2026-09-24,RS1240,T17,P003,H011,17:44,19:29,105,5,1051000,0,0,0,1051000,QRIS
TRX1143,2026-09-24,RS1242,T23,P002,H007,17:52,19:22,90,6,954000,0,0,0,954000,QRIS
TRX1144,2026-09-24,RS1243,T01,P001,H003,18:13,19:35,82,2,202000,0,0,50000,252000,QRIS
TRX1145,2026-09-24,RS1244,T04,P001,H003,18:17,19:42,85,2,238000,0,0,0,238000,Kartu Kredit
TRX1146,2026-09-24,RS1245,T25,P001,H003,18:22,19:38,76,5,547000,0,0,150000,697000,QRIS
TRX1147,2026-09-24,RS1246,T18,P002,H007,18:26,19:51,85,6,954000,0,0,150000,1104000,Cash
TRX1148,2026-09-24,RS1248,T09,P003,H011,18:41,20:07,86,3,657000,0,0,0,657000,Cash
TRX1149,2026-09-24,RS1249,T05,P002,H007,18:50,21:00,130,2,318000,40,100000,100000,518000,QRIS
TRX1150,2026-09-24,RS1250,T20,P003,H011,18:57,20:46,109,4,876000,0,0,0,876000,Cash
TRX1151,2026-09-24,RS1251,T07,P003,H011,19:00,21:00,120,4,876000,0,0,0,876000,Debit
TRX1152,2026-09-24,RS1253,T14,P002,H007,19:09,21:39,150,4,556000,60,100000,0,656000,QRIS
TRX1153,2026-09-24,RS1254,T24,P002,H007,19:10,20:25,75,5,667000,0,0,50000,717000,Kartu Kredit
TRX1154,2026-09-24,RS1252,T08,P001,H003,19:15,20:38,83,3,357000,0,0,50000,407000,Cash
TRX1155,2026-09-24,RS1255,T26,P002,H007,19:28,20:46,78,5,795000,0,0,0,795000,QRIS
TRX1156,2026-09-24,RS1256,T06,P002,H007,19:34,20:42,68,4,636000,0,0,0,636000,Debit
TRX1157,2026-09-24,RS1257,T17,P002,H007,20:03,21:30,87,5,795000,0,0,100000,895000,Debit
TRX1158,2026-09-24,RS1258,T25,P001,H003,20:39,22:01,82,5,499000,0,0,100000,599000,QRIS
TRX1159,2026-09-25,RS1261,T13,P001,H001,11:08,13:23,135,3,297000,45,100000,0,397000,QRIS
TRX1160,2026-09-25,RS1260,T08,P001,H001,11:10,12:24,74,4,396000,0,0,50000,446000,Debit
TRX1161,2026-09-25,RS1264,T27,P001,H001,11:35,12:53,78,8,792000,0,0,50000,842000,Debit
TRX1162,2026-09-25,RS1262,T01,P002,H005,11:42,13:09,87,2,236000,0,0,0,236000,Debit
TRX1163,2026-09-25,RS1263,T16,P003,H009,11:48,12:52,64,4,796000,0,0,50000,846000,QRIS
TRX1164,2026-09-25,RS1265,T04,P001,H001,12:05,13:09,64,2,99000,0,0,0,99000,Cash
TRX1165,2026-09-25,RS1266,T22,P002,H005,12:14,13:18,64,3,417000,0,0,0,417000,Kartu Kredit
TRX1166,2026-09-25,RS1267,T02,P003,H009,12:17,14:02,105,1,199000,0,0,0,199000,Kartu Kredit
TRX1167,2026-09-25,RS1268,T10,P002,H005,12:32,13:54,82,3,417000,0,0,0,417000,Debit
TRX1168,2026-09-25,RS1269,T03,P002,H005,12:37,14:02,85,2,278000,0,0,50000,328000,QRIS
TRX1169,2026-09-25,RS1270,T05,P001,H001,12:51,14:03,72,2,178000,0,0,100000,278000,QRIS
TRX1170,2026-09-25,RS1271,T08,P001,H001,12:59,14:26,87,3,297000,0,0,0,297000,QRIS
TRX1171,2026-09-25,RS1272,T12,P001,H001,13:05,14:32,87,4,396000,0,0,50000,446000,Debit
TRX1172,2026-09-25,RS1273,T28,P003,H009,13:06,14:38,92,8,1592000,0,0,150000,1742000,Kartu Kredit
TRX1173,2026-09-25,RS1274,T18,P002,H005,13:39,14:53,74,6,708000,0,0,50000,758000,QRIS
TRX1174,2026-09-25,RS1275,T24,P002,H005,13:47,15:15,88,5,430000,0,0,150000,580000,Debit
TRX1175,2026-09-25,RS1276,T25,P002,H005,14:05,15:35,90,5,695000,0,0,0,695000,QRIS
TRX1176,2026-09-25,RS1277,T23,P001,H001,14:12,15:40,88,5,405000,0,0,0,405000,Kartu Kredit
TRX1177,2026-09-25,RS1278,T17,P001,H001,15:06,16:19,73,5,495000,0,0,50000,545000,Cash
TRX1178,2026-09-25,RS1279,T28,P001,H001,15:07,16:26,79,8,543000,0,0,0,543000,Kartu Kredit
TRX1179,2026-09-25,RS1280,T05,P001,H001,16:06,17:26,80,2,198000,0,0,0,198000,Kartu Kredit
TRX1180,2026-09-25,RS1281,T16,P001,H001,16:09,17:24,75,2,178000,0,0,0,178000,QRIS
TRX1181,2026-09-25,RS1282,T26,P001,H001,16:29,18:29,120,6,594000,30,50000,0,644000,Kartu Kredit
TRX1182,2026-09-25,RS1284,T15,P002,H005,16:38,17:46,68,2,278000,0,0,0,278000,Kartu Kredit
TRX1183,2026-09-25,RS1285,T10,P001,H001,16:43,17:59,76,3,267000,0,0,100000,367000,Debit
TRX1184,2026-09-25,RS1283,T11,P002,H005,16:48,18:18,90,4,514000,0,0,0,514000,Debit
TRX1185,2026-09-25,RS1286,T14,P003,H011,17:01,18:56,115,4,876000,0,0,50000,926000,Debit
TRX1186,2026-09-25,RS1288,T03,P003,H011,17:08,19:01,113,2,438000,0,0,50000,488000,Kartu Kredit
TRX1187,2026-09-25,RS1287,T01,P002,H007,17:11,18:41,90,2,318000,0,0,50000,368000,Debit
TRX1188,2026-09-25,RS1289,T04,P002,H007,17:13,18:26,73,2,318000,0,0,0,318000,Kartu Kredit
TRX1189,2026-09-25,RS1290,T22,P001,H003,17:33,18:47,74,3,357000,0,0,0,357000,Kartu Kredit
TRX1190,2026-09-25,RS1293,T25,P002,H007,17:39,19:09,90,6,954000,0,0,0,954000,QRIS
TRX1191,2026-09-25,RS1294,T07,P002,H007,17:42,18:38,56,2,318000,0,0,0,318000,Debit
TRX1192,2026-09-25,RS1291,T02,P002,H007,17:43,19:04,81,2,318000,0,0,0,318000,Kartu Kredit
TRX1193,2026-09-25,RS1292,T06,P001,H003,17:44,18:55,71,4,476000,0,0,0,476000,QRIS
TRX1194,2026-09-25,RS1295,T21,P003,H011,17:57,19:48,111,2,438000,0,0,0,438000,Cash
TRX1195,2026-09-25,RS1299,T19,P002,H007,18:07,19:37,90,4,588000,0,0,0,588000,Cash
TRX1196,2026-09-25,RS1297,T15,P003,H011,18:08,20:08,120,3,657000,0,0,200000,857000,QRIS
TRX1197,2026-09-25,RS1298,T20,P003,H011,18:08,19:48,100,3,525000,0,0,150000,675000,Kartu Kredit
TRX1198,2026-09-25,RS1296,T09,P001,H003,18:15,19:45,90,4,476000,0,0,0,476000,QRIS
TRX1199,2026-09-25,RS1300,T12,P001,H003,18:15,19:35,80,2,214000,0,0,50000,264000,QRIS
TRX1200,2026-09-25,RS1301,T10,P002,H007,18:18,19:48,90,2,318000,0,0,100000,418000,Debit
TRX1201,2026-09-25,RS1302,T24,P002,H007,18:19,19:49,90,4,636000,0,0,150000,786000,Kartu Kredit
TRX1202,2026-09-25,RS1306,T13,P002,H007,18:36,19:53,77,4,636000,0,0,0,636000,Kartu Kredit
TRX1203,2026-09-25,RS1304,T18,P003,H011,18:37,20:20,103,4,876000,0,0,0,876000,QRIS
TRX1204,2026-09-25,RS1305,T05,P002,H007,18:46,20:56,130,2,270000,40,100000,0,370000,Cash
TRX1205,2026-09-25,RS1307,T23,P002,H007,18:47,19:59,72,6,954000,0,0,50000,1004000,QRIS
TRX1206,2026-09-25,RS1309,T17,P001,H003,18:50,20:00,70,4,440000,0,0,0,440000,Debit
TRX1207,2026-09-25,RS1303,T07,P002,H007,18:54,20:12,78,1,159000,0,0,0,159000,QRIS
TRX1208,2026-09-25,RS1308,T22,P002,H007,19:04,20:32,88,2,318000,0,0,0,318000,Debit
TRX1209,2026-09-25,RS1312,T01,P002,H007,19:06,20:31,85,2,318000,0,0,50000,368000,Kartu Kredit
TRX1210,2026-09-25,RS1314,T08,P002,H007,19:06,20:32,86,3,477000,0,0,50000,527000,Debit
TRX1211,2026-09-25,RS1313,T04,P002,H007,19:08,20:12,64,2,318000,0,0,50000,368000,Debit
TRX1212,2026-09-25,RS1315,T16,P001,H003,19:10,20:13,63,4,321000,0,0,0,321000,Debit
TRX1213,2026-09-25,RS1317,T29,P001,H003,19:12,20:14,62,9,1071000,0,0,0,1071000,Debit
TRX1214,2026-09-25,RS1311,T14,P001,H003,19:13,20:26,73,2,238000,0,0,50000,288000,QRIS
TRX1215,2026-09-25,RS1310,T06,P003,H011,19:15,21:11,116,4,591000,0,0,150000,741000,Cash
TRX1216,2026-09-25,RS1320,T03,P003,H011,19:24,21:14,110,2,372000,0,0,50000,422000,Debit
TRX1217,2026-09-25,RS1323,T26,P002,H007,19:36,20:49,73,5,795000,0,0,0,795000,Debit
TRX1218,2026-09-25,RS1321,T11,P002,H007,19:45,21:13,88,4,604000,0,0,150000,754000,QRIS
TRX1219,2026-09-25,RS1319,T19,P003,H011,19:55,21:31,96,3,657000,0,0,0,657000,Kartu Kredit
TRX1220,2026-09-25,RS1318,T12,P003,H011,19:57,21:43,106,3,657000,0,0,0,657000,Debit
TRX1221,2026-09-26,RS1324,T02,P001,H002,11:06,12:14,68,2,202000,0,0,50000,252000,QRIS
TRX1222,2026-09-26,RS1325,T21,P002,H006,11:23,12:26,63,3,381000,0,0,0,381000,Kartu Kredit
TRX1223,2026-09-26,RS1326,T26,P001,H002,11:28,12:55,87,5,595000,0,0,200000,795000,QRIS
TRX1224,2026-09-26,RS1328,T22,P002,H006,11:46,13:16,90,3,429000,0,0,0,429000,Debit
TRX1225,2026-09-26,RS1329,T19,P002,H006,11:58,13:28,90,2,318000,0,0,150000,468000,Kartu Kredit
TRX1226,2026-09-26,RS1332,T23,P003,H010,12:09,14:54,165,6,1314000,45,100000,0,1414000,Cash
TRX1227,2026-09-26,RS1331,T04,P003,H010,12:10,13:40,90,2,438000,0,0,0,438000,QRIS
TRX1228,2026-09-26,RS1330,T01,P002,H006,12:14,13:30,76,2,318000,0,0,0,318000,Debit
TRX1229,2026-09-26,RS1333,T28,P001,H002,12:16,14:26,130,8,617000,40,100000,0,717000,QRIS
TRX1230,2026-09-26,RS1336,T06,P002,H006,12:32,13:43,71,1,159000,0,0,50000,209000,Debit
TRX1231,2026-09-26,RS1335,T09,P001,H002,12:32,13:50,78,3,357000,0,0,0,357000,QRIS
TRX1232,2026-09-26,RS1341,T27,P002,H006,12:35,13:59,84,7,1113000,0,0,0,1113000,Debit
TRX1233,2026-09-26,RS1340,T16,P001,H002,12:38,13:49,71,4,404000,0,0,0,404000,Kartu Kredit
TRX1234,2026-09-26,RS1342,T25,P001,H002,12:45,15:25,160,6,714000,70,150000,0,864000,Kartu Kredit
TRX1235,2026-09-26,RS1339,T10,P001,H002,12:46,13:52,66,4,476000,0,0,0,476000,Kartu Kredit
TRX1236,2026-09-26,RS1337,T02,P001,H002,12:47,14:42,115,2,238000,25,50000,0,288000,QRIS
TRX1237,2026-09-26,RS1338,T08,P001,H002,12:48,13:52,64,4,476000,0,0,0,476000,QRIS
TRX1238,2026-09-26,RS1344,T21,P001,H002,12:53,14:05,72,4,404000,0,0,250000,654000,QRIS
TRX1239,2026-09-26,RS1343,T13,P001,H002,12:57,14:13,76,4,476000,0,0,0,476000,QRIS
TRX1240,2026-09-26,RS1347,T29,P001,H002,13:09,14:39,90,10,1130000,0,0,0,1130000,Debit
TRX1241,2026-09-26,RS1345,T07,P001,H002,13:13,14:30,77,4,476000,0,0,0,476000,QRIS
TRX1242,2026-09-26,RS1348,T20,P002,H006,13:14,14:26,72,4,556000,0,0,0,556000,Debit
TRX1243,2026-09-26,RS1349,T11,P001,H002,13:31,15:06,95,3,357000,5,50000,100000,507000,Debit
TRX1244,2026-09-26,RS1350,T18,P001,H002,13:32,14:54,82,6,499000,0,0,0,499000,QRIS
TRX1245,2026-09-26,RS1352,T05,P001,H002,13:35,15:15,100,2,238000,10,50000,0,288000,Kartu Kredit
TRX1246,2026-09-26,RS1351,T03,P001,H002,13:39,14:46,67,2,238000,0,0,50000,288000,Kartu Kredit
TRX1247,2026-09-26,RS1354,T15,P002,H006,13:50,16:20,150,2,318000,60,100000,0,418000,QRIS
TRX1248,2026-09-26,RS1355,T12,P001,H002,13:58,15:27,89,4,476000,0,0,100000,576000,Debit
TRX1249,2026-09-26,RS1356,T01,P003,H010,14:10,16:20,130,1,219000,10,50000,0,269000,QRIS
TRX1250,2026-09-26,RS1358,T30,P001,H002,14:18,15:33,75,10,1190000,0,0,0,1190000,QRIS
TRX1251,2026-09-26,RS1360,T27,P003,H010,14:40,16:06,86,7,1137000,0,0,0,1137000,Cash
TRX1252,2026-09-26,RS1361,T09,P003,H010,14:53,16:30,97,2,219000,0,0,0,219000,QRIS
TRX1253,2026-09-26,RS1362,T04,P002,H006,15:09,16:11,62,2,318000,0,0,0,318000,QRIS
TRX1254,2026-09-26,RS1363,T08,P001,H002,15:17,16:30,73,4,416000,0,0,0,416000,QRIS
TRX1255,2026-09-26,RS1364,T02,P001,H002,15:31,16:31,60,2,238000,0,0,50000,288000,QRIS
TRX1256,2026-09-26,RS1365,T16,P003,H010,16:05,17:30,85,3,657000,0,0,50000,707000,QRIS
TRX1257,2026-09-26,RS1366,T18,P001,H002,16:30,17:54,84,6,487000,0,0,0,487000,Kartu Kredit
TRX1258,2026-09-26,RS1367,T17,P002,H006,16:39,18:49,130,5,699000,40,100000,50000,849000,Debit
TRX1259,2026-09-26,RS1369,T05,P001,H002,16:40,17:51,71,2,238000,0,0,0,238000,QRIS
TRX1260,2026-09-26,RS1368,T11,P001,H002,16:40,18:10,90,3,357000,0,0,150000,507000,Kartu Kredit
TRX1261,2026-09-26,RS1370,T07,P002,H008,17:10,18:28,78,4,716000,0,0,0,716000,Cash
TRX1262,2026-09-26,RS1373,T30,P001,H004,17:10,18:18,68,12,1668000,0,0,150000,1818000,QRIS
TRX1263,2026-09-26,RS1374,T14,P001,H004,17:11,18:30,79,3,417000,0,0,0,417000,QRIS
TRX1264,2026-09-26,RS1371,T20,P002,H008,17:18,18:47,89,3,537000,0,0,150000,687000,Debit
TRX1265,2026-09-26,RS1372,T21,P003,H012,17:18,18:30,72,4,956000,0,0,0,956000,QRIS
TRX1266,2026-09-26,RS1375,T02,P003,H012,17:23,19:13,110,2,478000,0,0,100000,578000,QRIS
TRX1267,2026-09-26,RS1376,T08,P003,H012,17:31,19:23,112,2,406000,0,0,50000,456000,QRIS
TRX1268,2026-09-26,RS1377,T06,P002,H008,17:35,18:50,75,4,662000,0,0,0,662000,Debit
TRX1269,2026-09-26,RS1381,T15,P001,H004,17:35,19:02,87,3,278000,0,0,0,278000,Kartu Kredit
TRX1270,2026-09-26,RS1379,T13,P001,H004,17:40,19:30,110,3,417000,20,50000,0,467000,Kartu Kredit
TRX1271,2026-09-26,RS1382,T19,P002,H008,17:43,18:57,74,4,716000,0,0,0,716000,Debit
TRX1272,2026-09-26,RS1383,T16,P001,H004,17:52,19:21,89,2,278000,0,0,0,278000,Debit
TRX1273,2026-09-26,RS1384,T12,P002,H008,18:01,19:02,61,3,537000,0,0,0,537000,Kartu Kredit
TRX1274,2026-09-26,RS1385,T04,P001,H004,18:06,19:15,69,1,139000,0,0,0,139000,Kartu Kredit
TRX1275,2026-09-26,RS1386,T22,P002,H008,18:17,19:32,75,4,626000,0,0,0,626000,QRIS
TRX1276,2026-09-26,RS1388,T26,P002,H008,18:32,19:54,82,5,751000,0,0,50000,801000,QRIS
TRX1277,2026-09-26,RS1389,T05,P001,H004,18:37,19:36,59,2,278000,0,0,0,278000,QRIS
TRX1278,2026-09-26,RS1391,T10,P003,H012,18:37,20:52,135,4,908000,15,50000,250000,1208000,Debit
TRX1279,2026-09-26,RS1392,T25,P002,H008,18:39,19:51,72,6,733000,0,0,50000,783000,Debit
TRX1280,2026-09-26,RS1394,T23,P003,H012,18:44,20:16,92,6,1434000,0,0,200000,1634000,Kartu Kredit
TRX1281,2026-09-26,RS1390,T09,P001,H004,18:45,20:01,76,3,417000,0,0,0,417000,Debit
TRX1282,2026-09-26,RS1395,T18,P001,H004,18:49,20:07,78,4,500000,0,0,100000,600000,Debit
TRX1283,2026-09-26,RS1387,T14,P001,H004,18:52,20:27,95,2,250000,5,50000,0,300000,QRIS
TRX1284,2026-09-26,RS1399,T03,P001,H004,19:05,20:20,75,1,139000,0,0,100000,239000,QRIS
TRX1285,2026-09-26,RS1401,T21,P001,H004,19:05,20:28,83,3,417000,0,0,0,417000,Debit
TRX1286,2026-09-26,RS1393,T20,P001,H004,19:07,20:36,89,3,417000,0,0,0,417000,Debit
TRX1287,2026-09-26,RS1402,T24,P001,H004,19:07,20:21,74,5,583000,0,0,200000,783000,Cash
TRX1288,2026-09-26,RS1396,T06,P001,H004,19:13,20:43,90,2,236000,0,0,0,236000,Debit
TRX1289,2026-09-26,RS1400,T07,P002,H008,19:15,20:23,68,4,626000,0,0,0,626000,QRIS
TRX1290,2026-09-26,RS1397,T19,P002,H008,19:15,20:28,73,1,179000,0,0,0,179000,QRIS
TRX1291,2026-09-26,RS1398,T12,P001,H004,19:17,20:29,72,3,417000,0,0,0,417000,Cash
TRX1292,2026-09-26,RS1403,T15,P001,H004,19:20,21:05,105,2,250000,15,50000,0,300000,QRIS
TRX1293,2026-09-26,RS1404,T17,P001,H004,19:20,20:38,78,6,708000,0,0,0,708000,QRIS
TRX1294,2026-09-26,RS1405,T27,P001,H004,19:23,20:46,83,6,624000,0,0,0,624000,QRIS
TRX1295,2026-09-26,RS1408,T04,P002,H008,19:36,20:58,82,2,358000,0,0,0,358000,QRIS
TRX1296,2026-09-26,RS1409,T11,P002,H008,19:36,21:06,90,3,537000,0,0,0,537000,QRIS
TRX1297,2026-09-26,RS1407,T01,P003,H012,19:40,21:26,106,2,478000,0,0,0,478000,Debit
TRX1298,2026-09-26,RS1411,T08,P002,H008,19:40,22:20,160,3,429000,70,150000,0,579000,QRIS
TRX1299,2026-09-26,RS1410,T29,P003,H012,19:40,22:05,145,9,2103000,25,50000,0,2153000,Debit
TRX1300,2026-09-26,RS1412,T13,P002,H008,20:00,21:08,68,3,483000,0,0,0,483000,QRIS
TRX1301,2026-09-26,RS1413,T16,P001,H004,20:07,21:10,63,4,556000,0,0,0,556000,QRIS
TRX1302,2026-09-26,RS1406,T25,P001,H004,20:13,21:22,69,5,695000,0,0,50000,745000,Kartu Kredit
TRX1303,2026-09-26,RS1414,T05,P002,H008,20:16,21:46,90,2,322000,0,0,0,322000,QRIS
TRX1304,2026-09-26,RS1415,T26,P002,H008,20:28,22:18,110,6,1074000,20,50000,0,1124000,Cash
TRX1305,2026-09-26,RS1416,T02,P002,H008,20:32,21:48,76,2,322000,0,0,0,322000,QRIS
TRX1306,2026-09-26,RS1417,T18,P002,H008,20:44,21:49,65,6,733000,0,0,0,733000,Debit
TRX1307,2026-09-27,RS1419,T22,P001,H002,11:11,12:18,67,3,357000,0,0,0,357000,Cash
TRX1308,2026-09-27,RS1418,T02,P002,H006,11:18,13:33,135,2,318000,45,100000,50000,468000,Debit
TRX1309,2026-09-27,RS1420,T06,P001,H002,11:27,12:48,81,4,416000,0,0,0,416000,Cash
TRX1310,2026-09-27,RS1421,T15,P003,H010,11:30,13:22,112,3,591000,0,0,0,591000,Cash
TRX1311,2026-09-27,RS1424,T08,P002,H006,11:38,12:51,73,3,429000,0,0,150000,579000,Debit
TRX1312,2026-09-27,RS1422,T03,P003,H010,11:39,13:37,118,2,394000,0,0,50000,444000,Kartu Kredit
TRX1313,2026-09-27,RS1425,T17,P002,H006,11:40,13:00,80,6,922000,0,0,150000,1072000,QRIS
TRX1314,2026-09-27,RS1423,T04,P002,H006,11:46,13:07,81,1,159000,0,0,0,159000,Cash
TRX1315,2026-09-27,RS1426,T10,P001,H002,11:47,14:27,160,2,238000,70,150000,0,388000,Kartu Kredit
TRX1316,2026-09-27,RS1427,T14,P002,H006,11:50,13:20,90,4,604000,0,0,0,604000,Kartu Kredit
TRX1317,2026-09-27,RS1428,T20,P002,H006,11:53,13:28,95,4,556000,5,50000,150000,756000,Kartu Kredit
TRX1318,2026-09-27,RS1432,T16,P003,H010,12:05,14:10,125,2,438000,5,50000,0,488000,Debit
TRX1319,2026-09-27,RS1433,T19,P003,H010,12:05,13:43,98,4,766000,0,0,0,766000,QRIS
TRX1320,2026-09-27,RS1429,T05,P001,H002,12:06,13:25,79,2,238000,0,0,0,238000,QRIS
TRX1321,2026-09-27,RS1434,T29,P001,H002,12:14,13:33,79,9,1071000,0,0,350000,1421000,QRIS
TRX1322,2026-09-27,RS1430,T12,P002,H006,12:16,13:26,70,4,636000,0,0,0,636000,Kartu Kredit
TRX1323,2026-09-27,RS1436,T07,P001,H002,12:17,13:34,77,2,214000,0,0,0,214000,QRIS
TRX1324,2026-09-27,RS1431,T13,P001,H002,12:19,13:27,68,4,416000,0,0,0,416000,QRIS
TRX1325,2026-09-27,RS1435,T24,P001,H002,12:20,13:40,80,6,487000,0,0,0,487000,QRIS
TRX1326,2026-09-27,RS1437,T23,P001,H002,12:31,13:51,80,4,285000,0,0,0,285000,QRIS
TRX1327,2026-09-27,RS1438,T01,P002,H006,12:36,13:50,74,2,318000,0,0,0,318000,Debit
TRX1328,2026-09-27,RS1439,T09,P001,H002,12:39,13:47,68,4,404000,0,0,200000,604000,QRIS
TRX1329,2026-09-27,RS1440,T11,P003,H010,12:39,14:09,90,4,810000,0,0,0,810000,Debit
TRX1330,2026-09-27,RS1441,T21,P001,H002,12:41,13:48,67,3,357000,0,0,0,357000,QRIS
TRX1331,2026-09-27,RS1445,T30,P001,H002,12:57,14:27,90,10,819000,0,0,0,819000,QRIS
TRX1332,2026-09-27,RS1442,T06,P002,H006,13:09,15:49,160,3,270000,70,150000,50000,470000,QRIS
TRX1333,2026-09-27,RS1450,T18,P003,H010,13:15,15:11,116,6,897000,0,0,100000,997000,Kartu Kredit
TRX1334,2026-09-27,RS1451,T25,P003,H010,13:32,15:00,88,5,919000,0,0,100000,1019000,QRIS
TRX1335,2026-09-27,RS1453,T08,P002,H006,13:39,15:00,81,3,477000,0,0,100000,577000,Kartu Kredit
TRX1336,2026-09-27,RS1443,T14,P001,H002,13:39,15:01,82,3,357000,0,0,100000,457000,Kartu Kredit
TRX1337,2026-09-27,RS1456,T26,P001,H002,13:40,14:59,79,4,476000,0,0,0,476000,Debit
TRX1338,2026-09-27,RS1455,T27,P002,H006,13:40,16:20,160,8,1032000,70,150000,100000,1282000,Cash
TRX1339,2026-09-27,RS1452,T04,P003,H010,13:41,16:26,165,2,438000,45,100000,100000,638000,QRIS
TRX1340,2026-09-27,RS1444,T15,P001,H002,13:41,14:59,78,3,357000,0,0,0,357000,Kartu Kredit
TRX1341,2026-09-27,RS1446,T05,P001,H002,13:44,14:59,75,2,238000,0,0,50000,288000,Kartu Kredit
TRX1342,2026-09-27,RS1449,T13,P001,H002,13:44,15:13,89,2,238000,0,0,50000,288000,Kartu Kredit
TRX1343,2026-09-27,RS1447,T12,P001,H002,13:48,15:04,76,2,238000,0,0,0,238000,Debit
TRX1344,2026-09-27,RS1457,T20,P002,H006,13:48,16:28,160,4,636000,70,150000,0,786000,QRIS
TRX1345,2026-09-27,RS1458,T28,P002,H006,13:56,15:26,90,8,873000,0,0,0,873000,Cash
TRX1346,2026-09-27,RS1459,T19,P003,H010,14:00,15:43,103,3,591000,0,0,0,591000,QRIS
TRX1347,2026-09-27,RS1460,T22,P001,H002,14:04,15:18,74,4,476000,0,0,0,476000,Kartu Kredit
TRX1348,2026-09-27,RS1461,T09,P002,H006,14:10,15:31,81,4,636000,0,0,200000,836000,QRIS
TRX1349,2026-09-27,RS1462,T24,P003,H010,14:29,16:29,120,6,919000,0,0,0,919000,Debit
TRX1350,2026-09-27,RS1463,T21,P003,H010,14:35,16:19,104,3,657000,0,0,0,657000,QRIS
TRX1351,2026-09-27,RS1465,T02,P002,H006,15:10,16:26,76,2,270000,0,0,100000,370000,QRIS
TRX1352,2026-09-27,RS1464,T17,P002,H006,15:16,16:45,89,5,603000,0,0,100000,703000,QRIS
TRX1353,2026-09-27,RS1466,T13,P002,H006,15:36,16:55,79,4,636000,0,0,150000,786000,Kartu Kredit
TRX1354,2026-09-27,RS1467,T19,P002,H006,16:02,17:13,71,4,540000,0,0,0,540000,QRIS
TRX1355,2026-09-27,RS1468,T10,P001,H002,16:15,17:35,80,4,416000,0,0,0,416000,QRIS
TRX1356,2026-09-27,RS1472,T23,P002,H006,16:36,17:59,83,6,954000,0,0,50000,1004000,Cash
TRX1357,2026-09-27,RS1471,T14,P002,H006,16:40,18:10,90,2,318000,0,0,0,318000,Debit
TRX1358,2026-09-27,RS1470,T05,P001,H002,16:41,17:41,60,2,238000,0,0,0,238000,QRIS
TRX1359,2026-09-27,RS1473,T28,P002,H006,16:42,18:04,82,7,1113000,0,0,0,1113000,Debit
TRX1360,2026-09-27,RS1474,T20,P002,H006,16:47,18:01,74,3,477000,0,0,0,477000,Kartu Kredit
TRX1361,2026-09-27,RS1475,T11,P001,H002,16:55,18:07,72,3,333000,0,0,50000,383000,Kartu Kredit
TRX1362,2026-09-27,RS1477,T04,P001,H004,17:13,18:34,81,2,250000,0,0,0,250000,Cash
TRX1363,2026-09-27,RS1478,T12,P002,H008,17:27,18:57,90,2,358000,0,0,0,358000,Debit
TRX1364,2026-09-27,RS1484,T26,P002,H008,17:37,18:44,67,5,823000,0,0,0,823000,Debit
TRX1365,2026-09-27,RS1483,T25,P002,H008,17:40,19:00,80,5,895000,0,0,0,895000,QRIS
TRX1366,2026-09-27,RS1485,T06,P001,H004,17:48,19:15,87,2,278000,0,0,0,278000,Debit
TRX1367,2026-09-27,RS1479,T01,P001,H004,17:50,20:30,160,2,236000,70,150000,0,386000,QRIS
TRX1368,2026-09-27,RS1486,T10,P001,H004,17:52,19:47,115,2,278000,25,50000,0,328000,Cash
TRX1369,2026-09-27,RS1487,T21,P001,H004,18:00,19:04,64,3,417000,0,0,50000,467000,Debit
TRX1370,2026-09-27,RS1488,T05,P003,H012,18:01,19:31,90,2,478000,0,0,0,478000,Cash
TRX1371,2026-09-27,RS1493,T27,P002,H008,18:05,19:32,87,7,1253000,0,0,0,1253000,Kartu Kredit
TRX1372,2026-09-27,RS1489,T02,P002,H008,18:06,19:36,90,2,304000,0,0,0,304000,Kartu Kredit
TRX1373,2026-09-27,RS1494,T29,P001,H004,18:10,19:33,83,9,1251000,0,0,0,1251000,QRIS
TRX1374,2026-09-27,RS1495,T09,P001,H004,18:15,20:25,130,3,375000,40,100000,0,475000,Debit
TRX1375,2026-09-27,RS1491,T18,P001,H004,18:15,19:25,70,5,695000,0,0,0,695000,Kartu Kredit
TRX1376,2026-09-27,RS1490,T13,P001,H004,18:17,19:32,75,3,417000,0,0,0,417000,QRIS
TRX1377,2026-09-27,RS1499,T19,P003,H012,18:39,20:19,100,3,717000,0,0,0,717000,Kartu Kredit
TRX1378,2026-09-27,RS1497,T08,P002,H008,18:40,20:10,90,4,608000,0,0,50000,658000,Kartu Kredit
TRX1379,2026-09-27,RS1501,T16,P002,H008,18:46,20:26,100,2,358000,10,50000,50000,458000,Debit
TRX1380,2026-09-27,RS1500,T24,P002,H008,18:47,19:58,71,5,895000,0,0,100000,995000,Debit
TRX1381,2026-09-27,RS1503,T17,P001,H004,18:49,20:07,78,5,639000,0,0,100000,739000,QRIS
TRX1382,2026-09-27,RS1502,T07,P002,H008,18:51,21:06,135,4,716000,45,100000,0,816000,QRIS
TRX1383,2026-09-27,RS1504,T23,P001,H004,18:57,20:27,90,6,666000,0,0,0,666000,QRIS
TRX1384,2026-09-27,RS1505,T11,P002,H008,19:01,20:13,72,3,501000,0,0,100000,601000,QRIS
TRX1385,2026-09-27,RS1506,T04,P002,H008,19:13,20:35,82,2,358000,0,0,0,358000,QRIS
TRX1386,2026-09-27,RS1507,T28,P003,H012,19:33,21:16,103,8,1912000,0,0,0,1912000,Kartu Kredit
TRX1387,2026-09-27,RS1508,T03,P001,H004,19:39,21:09,90,2,278000,0,0,0,278000,QRIS
TRX1388,2026-09-27,RS1509,T26,P003,H012,19:42,21:22,100,5,1195000,0,0,0,1195000,Kartu Kredit
TRX1389,2026-09-27,RS1510,T13,P001,H004,20:04,21:07,63,4,430000,0,0,50000,480000,Debit
TRX1390,2026-09-27,RS1511,T21,P002,H008,20:05,21:27,82,3,537000,0,0,0,537000,QRIS
TRX1391,2026-09-27,RS1512,T17,P002,H008,20:35,22:20,105,6,858000,15,50000,100000,1008000,QRIS
TRX1392,2026-09-28,RS1514,T19,P002,H005,11:13,13:13,120,3,375000,30,50000,50000,475000,QRIS
TRX1393,2026-09-28,RS1513,T14,P001,H001,11:17,12:22,65,4,396000,0,0,0,396000,Cash
TRX1394,2026-09-28,RS1515,T20,P001,H001,11:49,13:11,82,3,297000,0,0,0,297000,QRIS
TRX1395,2026-09-28,RS1516,T02,P001,H001,12:05,13:33,88,2,198000,0,0,0,198000,QRIS
TRX1396,2026-09-28,RS1518,T28,P003,H009,12:09,14:09,120,7,1313000,0,0,0,1313000,Debit
TRX1397,2026-09-28,RS1517,T03,P001,H001,12:18,13:48,90,2,198000,0,0,0,198000,Kartu Kredit
TRX1398,2026-09-28,RS1519,T01,P002,H005,12:22,13:45,83,2,236000,0,0,0,236000,Debit
TRX1399,2026-09-28,RS1520,T29,P002,H005,12:27,13:28,61,8,860000,0,0,150000,1010000,QRIS
TRX1400,2026-09-28,RS1521,T27,P002,H005,12:39,13:57,78,7,763000,0,0,100000,863000,QRIS
TRX1401,2026-09-28,RS1522,T18,P002,H005,12:40,13:49,69,6,834000,0,0,150000,984000,QRIS
TRX1402,2026-09-28,RS1523,T26,P001,H001,12:55,14:06,71,5,405000,0,0,0,405000,Cash
TRX1403,2026-09-28,RS1524,T04,P001,H001,13:00,14:29,89,2,198000,0,0,0,198000,Cash
TRX1404,2026-09-28,RS1525,T23,P001,H001,13:06,15:21,135,6,504000,45,100000,0,604000,Debit
TRX1405,2026-09-28,RS1526,T22,P001,H001,13:10,14:40,90,3,267000,0,0,50000,317000,QRIS
TRX1406,2026-09-28,RS1527,T13,P002,H005,13:17,14:52,95,3,361000,5,50000,300000,711000,Debit
TRX1407,2026-09-28,RS1528,T24,P001,H001,13:21,14:51,90,5,375000,0,0,150000,525000,QRIS
TRX1408,2026-09-28,RS1529,T06,P002,H005,13:39,14:48,69,4,556000,0,0,0,556000,Debit
TRX1409,2026-09-28,RS1530,T02,P002,H005,13:59,15:26,87,2,278000,0,0,0,278000,QRIS
TRX1410,2026-09-28,RS1531,T28,P001,H001,14:38,16:04,86,8,792000,0,0,50000,842000,QRIS
TRX1411,2026-09-28,RS1532,T03,P001,H001,15:27,16:57,90,2,198000,0,0,0,198000,Debit
TRX1412,2026-09-28,RS1533,T01,P001,H001,16:05,18:15,130,2,198000,40,100000,50000,348000,QRIS
TRX1413,2026-09-28,RS1534,T23,P003,H009,16:06,18:16,130,5,995000,10,50000,0,1045000,QRIS
TRX1414,2026-09-28,RS1535,T05,P002,H005,16:13,17:30,77,2,278000,0,0,0,278000,QRIS
TRX1415,2026-09-28,RS1536,T18,P001,H001,16:17,17:47,90,5,405000,0,0,100000,505000,Debit
TRX1416,2026-09-28,RS1537,T27,P001,H001,16:33,17:56,83,7,693000,0,0,0,693000,Cash
TRX1417,2026-09-28,RS1538,T13,P001,H003,17:12,18:22,70,4,476000,0,0,50000,526000,Kartu Kredit
TRX1418,2026-09-28,RS1540,T03,P002,H007,17:36,19:04,88,2,318000,0,0,0,318000,QRIS
TRX1419,2026-09-28,RS1539,T02,P001,H003,17:38,18:51,73,2,214000,0,0,0,214000,QRIS
TRX1420,2026-09-28,RS1541,T05,P001,H003,18:09,19:36,87,2,238000,0,0,0,238000,Debit
TRX1421,2026-09-28,RS1542,T10,P002,H007,18:24,19:34,70,3,445000,0,0,0,445000,QRIS
TRX1422,2026-09-28,RS1543,T04,P001,H003,18:25,19:43,78,2,214000,0,0,50000,264000,QRIS
TRX1423,2026-09-28,RS1545,T25,P001,H003,18:39,19:58,79,6,714000,0,0,0,714000,QRIS
TRX1424,2026-09-28,RS1544,T01,P003,H011,18:40,20:09,89,1,219000,0,0,0,219000,Cash
TRX1425,2026-09-28,RS1547,T11,P003,H011,18:44,20:24,100,1,175000,0,0,0,175000,QRIS
TRX1426,2026-09-28,RS1546,T30,P002,H007,18:44,20:09,85,12,1476000,0,0,0,1476000,Debit
TRX1427,2026-09-28,RS1549,T08,P002,H007,18:45,20:07,82,4,540000,0,0,0,540000,Debit
TRX1428,2026-09-28,RS1548,T07,P001,H003,18:47,20:08,81,3,357000,0,0,0,357000,Cash
TRX1429,2026-09-28,RS1552,T23,P001,H003,19:53,21:09,76,5,499000,0,0,0,499000,Debit
TRX1430,2026-09-28,RS1553,T25,P001,H003,20:36,22:02,86,5,595000,0,0,0,595000,Kartu Kredit
TRX1431,2026-09-29,RS1554,T24,P001,H001,11:39,12:56,77,5,495000,0,0,50000,545000,QRIS
TRX1432,2026-09-29,RS1555,T18,P001,H001,11:42,13:02,80,5,495000,0,0,200000,695000,Cash
TRX1433,2026-09-29,RS1556,T27,P002,H005,12:03,13:14,71,7,973000,0,0,0,973000,Kartu Kredit
TRX1434,2026-09-29,RS1557,T05,P001,H001,12:34,14:01,87,1,99000,0,0,0,99000,Kartu Kredit
TRX1435,2026-09-29,RS1558,T17,P001,H001,12:34,13:45,71,6,594000,0,0,0,594000,Debit
TRX1436,2026-09-29,RS1559,T22,P001,H001,12:38,13:37,59,3,297000,0,0,50000,347000,Cash
TRX1437,2026-09-29,RS1560,T21,P002,H005,12:47,14:17,90,3,278000,0,0,50000,328000,QRIS
TRX1438,2026-09-29,RS1563,T15,P003,H009,13:07,15:07,120,4,796000,0,0,0,796000,QRIS
TRX1439,2026-09-29,RS1562,T25,P001,H001,13:08,14:38,90,6,594000,0,0,0,594000,QRIS
TRX1440,2026-09-29,RS1564,T01,P002,H005,13:17,14:44,87,2,236000,0,0,50000,286000,Kartu Kredit
TRX1441,2026-09-29,RS1565,T07,P001,H001,13:25,15:25,120,3,257000,30,50000,0,307000,Debit
TRX1442,2026-09-29,RS1566,T16,P002,H005,13:30,14:43,73,4,556000,0,0,0,556000,Kartu Kredit
TRX1443,2026-09-29,RS1568,T27,P001,H001,13:40,14:52,72,7,693000,0,0,0,693000,QRIS
TRX1444,2026-09-29,RS1567,T03,P003,H009,13:49,15:43,114,1,199000,0,0,0,199000,Debit
TRX1445,2026-09-29,RS1569,T13,P002,H005,13:49,15:44,115,4,375000,25,50000,0,425000,Cash
TRX1446,2026-09-29,RS1570,T04,P001,H001,15:29,16:59,90,2,178000,0,0,0,178000,QRIS
TRX1447,2026-09-29,RS1571,T02,P001,H001,15:33,16:47,74,1,99000,0,0,50000,149000,QRIS
TRX1448,2026-09-29,RS1572,T01,P001,H001,16:08,17:27,79,2,198000,0,0,50000,248000,QRIS
TRX1449,2026-09-29,RS1573,T12,P002,H005,16:58,18:19,81,4,556000,0,0,0,556000,Kartu Kredit
TRX1450,2026-09-29,RS1574,T27,P001,H003,17:04,18:11,67,7,749000,0,0,0,749000,Kartu Kredit
TRX1451,2026-09-29,RS1575,T14,P002,H007,17:19,18:26,67,4,636000,0,0,0,636000,Cash
TRX1452,2026-09-29,RS1576,T15,P003,H011,17:35,20:15,160,4,876000,40,100000,0,976000,Kartu Kredit
TRX1453,2026-09-29,RS1577,T10,P001,H003,18:04,19:34,90,4,476000,0,0,0,476000,QRIS
TRX1454,2026-09-29,RS1580,T17,P001,H003,18:11,19:17,66,6,570000,0,0,0,570000,Debit
TRX1455,2026-09-29,RS1578,T01,P001,H003,18:12,19:23,71,2,202000,0,0,100000,302000,Debit
TRX1456,2026-09-29,RS1579,T08,P001,H003,18:13,19:32,79,3,357000,0,0,0,357000,QRIS
TRX1457,2026-09-29,RS1581,T28,P002,H007,18:30,19:44,74,7,1113000,0,0,300000,1413000,QRIS
TRX1458,2026-09-29,RS1582,T04,P002,H007,18:41,19:40,59,2,318000,0,0,0,318000,Cash
TRX1459,2026-09-29,RS1584,T16,P001,H003,18:44,20:02,78,3,357000,0,0,0,357000,Debit
TRX1460,2026-09-29,RS1585,T26,P002,H007,18:45,20:02,77,6,954000,0,0,0,954000,Kartu Kredit
TRX1461,2026-09-29,RS1583,T22,P001,H003,18:46,20:16,90,3,321000,0,0,0,321000,Kartu Kredit
TRX1462,2026-09-29,RS1586,T18,P001,H003,18:52,19:53,61,6,714000,0,0,0,714000,QRIS
TRX1463,2026-09-29,RS1587,T21,P001,H003,18:54,20:05,71,3,321000,0,0,0,321000,QRIS
TRX1464,2026-09-29,RS1588,T09,P003,H011,19:37,21:29,112,3,657000,0,0,50000,707000,Kartu Kredit
TRX1465,2026-09-29,RS1589,T12,P002,H007,19:39,20:57,78,4,636000,0,0,0,636000,Debit
TRX1466,2026-09-29,RS1590,T29,P001,H003,19:45,21:00,75,10,819000,0,0,0,819000,Cash
TRX1467,2026-09-29,RS1592,T27,P002,H007,20:01,21:31,90,8,1272000,0,0,0,1272000,Debit
TRX1468,2026-09-29,RS1591,T25,P002,H007,20:02,21:10,68,6,954000,0,0,150000,1104000,QRIS
TRX1469,2026-09-30,RS1594,T27,P001,H001,11:05,13:15,130,8,553000,40,100000,0,653000,Kartu Kredit
TRX1470,2026-09-30,RS1593,T11,P001,H001,11:11,12:27,76,4,396000,0,0,100000,496000,QRIS
TRX1471,2026-09-30,RS1595,T13,P001,H001,11:57,13:12,75,3,297000,0,0,100000,397000,Debit
TRX1472,2026-09-30,RS1596,T06,P001,H001,12:00,13:23,83,3,297000,0,0,0,297000,Debit
TRX1473,2026-09-30,RS1597,T12,P002,H005,12:03,13:20,77,4,375000,0,0,0,375000,QRIS
TRX1474,2026-09-30,RS1598,T01,P002,H005,12:07,13:20,73,1,139000,0,0,0,139000,Cash
TRX1475,2026-09-30,RS1600,T17,P002,H005,12:24,13:24,60,6,666000,0,0,0,666000,QRIS
TRX1476,2026-09-30,RS1599,T22,P001,H001,12:24,14:04,100,4,366000,10,50000,0,416000,Kartu Kredit
TRX1477,2026-09-30,RS1601,T25,P001,H001,12:39,13:37,58,6,444000,0,0,50000,494000,QRIS
TRX1478,2026-09-30,RS1602,T09,P002,H005,12:40,14:00,80,3,417000,0,0,0,417000,QRIS
TRX1479,2026-09-30,RS1603,T19,P001,H001,12:40,14:06,86,4,297000,0,0,150000,447000,Cash
TRX1480,2026-09-30,RS1604,T28,P001,H001,12:53,14:48,115,8,792000,25,50000,50000,892000,Cash
TRX1481,2026-09-30,RS1605,T26,P001,H001,13:02,14:28,86,5,495000,0,0,200000,695000,Kartu Kredit
TRX1482,2026-09-30,RS1606,T04,P002,H005,13:10,14:32,82,2,236000,0,0,0,236000,Cash
TRX1483,2026-09-30,RS1607,T05,P002,H005,13:15,14:45,90,1,139000,0,0,50000,189000,Cash
TRX1484,2026-09-30,RS1609,T18,P001,H001,13:15,14:55,100,5,495000,10,50000,0,545000,QRIS
TRX1485,2026-09-30,RS1610,T07,P002,H005,13:16,14:45,89,3,375000,0,0,100000,475000,Debit
TRX1486,2026-09-30,RS1611,T03,P002,H005,14:18,15:28,70,2,236000,0,0,100000,336000,Kartu Kredit
TRX1487,2026-09-30,RS1612,T02,P001,H001,14:35,15:52,77,2,178000,0,0,0,178000,QRIS
TRX1488,2026-09-30,RS1613,T01,P001,H001,14:49,16:04,75,2,198000,0,0,50000,248000,QRIS
TRX1489,2026-09-30,RS1614,T04,P002,H005,14:55,17:05,130,2,278000,40,100000,0,378000,Debit
TRX1490,2026-09-30,RS1615,T15,P002,H005,16:18,17:33,75,4,556000,0,0,0,556000,Cash
TRX1491,2026-09-30,RS1616,T21,P001,H003,17:06,18:24,78,4,476000,0,0,0,476000,Cash
TRX1492,2026-09-30,RS1619,T02,P002,H007,17:09,18:20,71,2,270000,0,0,0,270000,Debit
TRX1493,2026-09-30,RS1617,T08,P001,H003,17:10,18:00,50,4,476000,0,0,0,476000,Kartu Kredit
TRX1494,2026-09-30,RS1618,T11,P001,H003,17:10,18:30,80,4,285000,0,0,0,285000,QRIS
TRX1495,2026-09-30,RS1620,T06,P002,H007,17:17,19:17,120,3,445000,30,50000,0,495000,QRIS
TRX1496,2026-09-30,RS1621,T03,P001,H003,17:24,18:39,75,2,238000,0,0,0,238000,Debit
TRX1497,2026-09-30,RS1623,T09,P002,H007,17:35,18:47,72,4,636000,0,0,0,636000,QRIS
TRX1498,2026-09-30,RS1624,T13,P002,H007,17:35,18:41,66,3,477000,0,0,100000,577000,Cash
TRX1499,2026-09-30,RS1622,T01,P001,H003,17:36,18:51,75,1,119000,0,0,0,119000,QRIS
TRX1500,2026-09-30,RS1625,T18,P002,H007,17:50,19:20,90,5,699000,0,0,50000,749000,QRIS
TRX1501,2026-09-30,RS1626,T22,P002,H007,17:52,19:07,75,4,636000,0,0,100000,736000,QRIS
TRX1502,2026-09-30,RS1627,T20,P001,H003,18:02,20:42,160,2,202000,70,150000,100000,452000,QRIS
TRX1503,2026-09-30,RS1628,T07,P001,H003,18:04,19:21,77,3,321000,0,0,50000,371000,Debit
TRX1504,2026-09-30,RS1629,T19,P001,H003,18:06,19:26,80,4,476000,0,0,150000,626000,Kartu Kredit
TRX1505,2026-09-30,RS1631,T04,P001,H003,18:08,19:11,63,2,202000,0,0,0,202000,Debit
TRX1506,2026-09-30,RS1630,T23,P002,H007,18:08,19:23,75,5,795000,0,0,200000,995000,Debit
TRX1507,2026-09-30,RS1632,T10,P003,H011,18:33,19:43,70,4,766000,0,0,0,766000,QRIS
TRX1508,2026-09-30,RS1635,T02,P002,H007,18:35,19:49,74,2,286000,0,0,100000,386000,Kartu Kredit
TRX1509,2026-09-30,RS1636,T05,P002,H007,18:35,20:00,85,1,159000,0,0,0,159000,QRIS
TRX1510,2026-09-30,RS1634,T08,P001,H003,18:35,20:05,90,3,357000,0,0,0,357000,QRIS
TRX1511,2026-09-30,RS1633,T15,P001,H003,18:36,19:59,83,2,238000,0,0,0,238000,Debit
TRX1512,2026-09-30,RS1638,T14,P002,H007,18:41,19:57,76,2,159000,0,0,150000,309000,Debit
TRX1513,2026-09-30,RS1639,T21,P001,H003,18:44,19:50,66,4,476000,0,0,0,476000,QRIS
TRX1514,2026-09-30,RS1637,T26,P002,H007,18:45,21:25,160,6,954000,70,150000,0,1104000,Kartu Kredit
TRX1515,2026-09-30,RS1641,T12,P003,H011,18:51,20:23,92,2,438000,0,0,0,438000,QRIS
TRX1516,2026-09-30,RS1640,T11,P001,H003,18:54,20:17,83,4,321000,0,0,0,321000,QRIS
TRX1517,2026-09-30,RS1642,T03,P003,H011,18:57,20:53,116,2,438000,0,0,0,438000,Cash
TRX1518,2026-09-30,RS1643,T16,P001,H003,19:08,21:38,150,3,357000,60,100000,0,457000,QRIS
TRX1519,2026-09-30,RS1644,T01,P002,H007,19:32,20:48,76,2,318000,0,0,0,318000,QRIS
TRX1520,2026-09-30,RS1645,T04,P002,H007,20:03,21:16,73,2,159000,0,0,50000,209000,Kartu Kredit
TRX1521,2026-09-30,RS1646,T15,P002,H007,20:41,22:11,90,4,572000,0,0,0,572000,Kartu Kredit
TRX1522,2026-10-01,RS1647,T03,P002,H005,11:21,12:30,69,2,278000,0,0,0,278000,Debit
TRX1523,2026-10-01,RS1649,T27,P002,H005,11:22,12:49,87,7,973000,0,0,250000,1223000,Cash
TRX1524,2026-10-01,RS1648,T04,P002,H005,11:23,12:25,62,2,278000,0,0,0,278000,Kartu Kredit
TRX1525,2026-10-01,RS1653,T02,P002,H005,12:09,13:44,95,2,250000,5,50000,100000,400000,QRIS
TRX1526,2026-10-01,RS1650,T01,P001,H001,12:10,13:19,69,2,198000,0,0,0,198000,QRIS
TRX1527,2026-10-01,RS1654,T08,P002,H005,12:12,14:27,135,2,278000,45,100000,50000,428000,Kartu Kredit
TRX1528,2026-10-01,RS1651,T12,P001,H001,12:17,14:27,130,3,267000,40,100000,0,367000,Debit
TRX1529,2026-10-01,RS1655,T20,P002,H005,12:24,13:23,59,1,139000,0,0,50000,189000,QRIS
TRX1530,2026-10-01,RS1656,T25,P001,H001,12:47,14:15,88,6,594000,0,0,50000,644000,QRIS
TRX1531,2026-10-01,RS1657,T13,P001,H001,13:00,14:11,71,3,297000,0,0,0,297000,QRIS
TRX1532,2026-10-01,RS1658,T28,P001,H001,13:07,14:52,105,7,693000,15,50000,0,743000,Cash
TRX1533,2026-10-01,RS1659,T22,P001,H001,13:10,14:27,77,4,396000,0,0,0,396000,Debit
TRX1534,2026-10-01,RS1660,T03,P002,H005,13:17,15:27,130,2,278000,40,100000,50000,428000,QRIS
TRX1535,2026-10-01,RS1662,T15,P003,H009,13:23,15:23,120,4,796000,0,0,0,796000,Kartu Kredit
TRX1536,2026-10-01,RS1661,T14,P001,H001,13:24,14:44,80,1,99000,0,0,50000,149000,QRIS
TRX1537,2026-10-01,RS1664,T05,P003,H009,13:35,15:40,125,2,398000,5,50000,0,448000,Kartu Kredit
TRX1538,2026-10-01,RS1663,T01,P001,H001,13:37,15:17,100,2,198000,10,50000,0,248000,QRIS
TRX1539,2026-10-01,RS1665,T04,P002,H005,14:06,15:13,67,2,236000,0,0,0,236000,Cash
TRX1540,2026-10-01,RS1666,T23,P002,H005,14:27,15:35,68,5,583000,0,0,0,583000,Kartu Kredit
TRX1541,2026-10-01,RS1667,T07,P002,H005,14:28,15:38,70,3,417000,0,0,0,417000,QRIS
TRX1542,2026-10-01,RS1668,T13,P001,H001,15:25,16:49,84,3,267000,0,0,50000,317000,Kartu Kredit
TRX1543,2026-10-01,RS1669,T17,P003,H009,16:05,17:48,103,6,1194000,0,0,250000,1444000,QRIS
TRX1544,2026-10-01,RS1670,T05,P002,H005,16:53,18:14,81,2,250000,0,0,100000,350000,Debit
TRX1545,2026-10-01,RS1672,T10,P002,H007,17:16,18:56,100,3,477000,10,50000,150000,677000,Debit
TRX1546,2026-10-01,RS1675,T01,P002,H007,17:37,19:00,83,2,318000,0,0,0,318000,Debit
TRX1547,2026-10-01,RS1676,T06,P002,H007,17:38,19:00,82,3,381000,0,0,0,381000,QRIS
TRX1548,2026-10-01,RS1674,T26,P002,H007,17:43,19:12,89,6,954000,0,0,100000,1054000,QRIS
TRX1549,2026-10-01,RS1673,T04,P001,H003,17:44,19:10,86,2,238000,0,0,0,238000,Kartu Kredit
TRX1550,2026-10-01,RS1677,T18,P003,H011,17:47,19:22,95,5,831000,0,0,0,831000,Cash
TRX1551,2026-10-01,RS1678,T14,P001,H003,17:55,19:03,68,4,476000,0,0,0,476000,Kartu Kredit
TRX1552,2026-10-01,RS1679,T15,P003,H011,17:58,19:46,108,3,657000,0,0,0,657000,QRIS
TRX1553,2026-10-01,RS1680,T07,P001,H003,18:03,19:25,82,3,357000,0,0,0,357000,Debit
TRX1554,2026-10-01,RS1681,T17,P003,H011,18:04,20:04,120,5,985000,0,0,100000,1085000,Debit
TRX1555,2026-10-01,RS1683,T03,P002,H007,18:09,19:24,75,2,318000,0,0,0,318000,Cash
TRX1556,2026-10-01,RS1682,T02,P001,H003,18:17,19:57,100,2,238000,10,50000,100000,388000,QRIS
TRX1557,2026-10-01,RS1685,T21,P002,H007,18:19,19:34,75,1,159000,0,0,50000,209000,QRIS
TRX1558,2026-10-01,RS1686,T11,P003,H011,18:22,21:02,160,4,591000,40,100000,100000,791000,QRIS
TRX1559,2026-10-01,RS1687,T24,P002,H007,18:22,19:39,77,5,795000,0,0,0,795000,QRIS
TRX1560,2026-10-01,RS1688,T12,P002,H007,18:32,19:51,79,3,477000,0,0,50000,527000,Debit
TRX1561,2026-10-01,RS1690,T05,P002,H007,18:44,20:08,84,2,318000,0,0,0,318000,Kartu Kredit
TRX1562,2026-10-01,RS1691,T08,P001,H003,18:52,20:17,85,4,404000,0,0,50000,454000,Kartu Kredit
TRX1563,2026-10-01,RS1692,T28,P002,H007,18:57,20:01,64,8,1272000,0,0,150000,1422000,Debit
TRX1564,2026-10-01,RS1693,T22,P003,H011,19:00,22:10,190,2,372000,70,150000,50000,572000,Cash
TRX1565,2026-10-01,RS1694,T27,P001,H003,19:30,20:48,78,7,833000,0,0,0,833000,Cash
TRX1566,2026-10-01,RS1695,T18,P002,H007,20:22,21:37,75,6,667000,0,0,0,667000,Cash
TRX1567,2026-10-01,RS1696,T09,P002,H007,20:30,22:00,90,3,445000,0,0,0,445000,QRIS
TRX1568,2026-10-01,RS1697,T24,P001,H003,20:37,22:20,103,5,595000,13,50000,0,645000,QRIS
TRX1569,2026-10-02,RS1699,T01,P001,H001,11:10,12:32,82,2,168000,0,0,0,168000,QRIS
TRX1570,2026-10-02,RS1698,T04,P001,H001,11:17,12:24,67,2,198000,0,0,0,198000,QRIS
TRX1571,2026-10-02,RS1700,T10,P001,H001,11:36,12:52,76,4,336000,0,0,0,336000,Debit
TRX1572,2026-10-02,RS1701,T20,P001,H001,11:40,14:10,150,4,356000,60,100000,0,456000,Kartu Kredit
TRX1573,2026-10-02,RS1702,T17,P001,H001,12:05,13:32,87,6,415000,0,0,100000,515000,QRIS
TRX1574,2026-10-02,RS1703,T03,P001,H001,12:19,13:46,87,2,198000,0,0,50000,248000,QRIS
TRX1575,2026-10-02,RS1704,T24,P001,H001,12:20,13:38,78,5,495000,0,0,50000,545000,QRIS
TRX1576,2026-10-02,RS1705,T06,P002,H005,12:25,13:50,85,4,556000,0,0,100000,656000,QRIS
TRX1577,2026-10-02,RS1706,T05,P002,H005,12:33,14:48,135,2,278000,45,100000,0,378000,Kartu Kredit
TRX1578,2026-10-02,RS1707,T25,P001,H001,12:36,13:49,73,5,405000,0,0,100000,505000,QRIS
TRX1579,2026-10-02,RS1711,T23,P002,H005,12:39,14:02,83,5,667000,0,0,100000,767000,Kartu Kredit
TRX1580,2026-10-02,RS1708,T07,P001,H001,12:40,14:10,90,4,396000,0,0,50000,446000,QRIS
TRX1581,2026-10-02,RS1713,T04,P001,H001,12:47,15:17,150,2,198000,60,100000,100000,398000,QRIS
TRX1582,2026-10-02,RS1709,T15,P002,H005,12:47,14:08,81,3,417000,0,0,100000,517000,Debit
TRX1583,2026-10-02,RS1714,T18,P001,H001,12:49,14:06,77,6,415000,0,0,0,415000,QRIS
TRX1584,2026-10-02,RS1715,T21,P001,H001,12:51,14:16,85,4,356000,0,0,0,356000,QRIS
TRX1585,2026-10-02,RS1716,T26,P002,H005,12:58,13:58,60,6,583000,0,0,0,583000,QRIS
TRX1586,2026-10-02,RS1717,T16,P001,H001,13:10,14:22,72,4,396000,0,0,0,396000,QRIS
TRX1587,2026-10-02,RS1719,T27,P001,H001,13:22,14:15,53,6,415000,0,0,0,415000,QRIS
TRX1588,2026-10-02,RS1718,T01,P002,H005,13:24,14:54,90,2,278000,0,0,0,278000,QRIS
TRX1589,2026-10-02,RS1720,T11,P001,H001,13:25,14:36,71,4,396000,0,0,50000,446000,Kartu Kredit
TRX1590,2026-10-02,RS1721,T12,P001,H001,13:41,15:07,86,3,297000,0,0,50000,347000,QRIS
TRX1591,2026-10-02,RS1722,T19,P003,H009,14:06,15:46,100,3,477000,0,0,0,477000,QRIS
TRX1592,2026-10-02,RS1724,T02,P002,H005,14:25,15:49,84,1,139000,0,0,0,139000,Kartu Kredit
TRX1593,2026-10-02,RS1723,T03,P002,H005,14:26,15:50,84,2,278000,0,0,0,278000,QRIS
TRX1594,2026-10-02,RS1725,T09,P001,H001,15:10,16:29,79,4,396000,0,0,0,396000,Debit
TRX1595,2026-10-02,RS1726,T16,P003,H009,15:20,16:56,96,4,796000,0,0,0,796000,QRIS
TRX1596,2026-10-02,RS1728,T10,P001,H001,15:44,17:00,76,4,396000,0,0,50000,446000,QRIS
TRX1597,2026-10-02,RS1729,T14,P001,H001,15:45,17:40,115,3,277000,25,50000,150000,477000,Debit
TRX1598,2026-10-02,RS1727,T28,P001,H001,15:49,16:57,68,7,693000,0,0,0,693000,Debit
TRX1599,2026-10-02,RS1730,T05,P003,H009,16:05,17:47,102,2,398000,0,0,50000,448000,Cash
TRX1600,2026-10-02,RS1731,T30,P002,H005,16:35,18:02,87,12,1668000,0,0,0,1668000,QRIS
TRX1601,2026-10-02,RS1732,T01,P002,H005,16:46,17:43,57,2,139000,0,0,0,139000,QRIS
TRX1602,2026-10-02,RS1733,T20,P001,H003,17:04,18:00,56,3,321000,0,0,100000,421000,Kartu Kredit
TRX1603,2026-10-02,RS1734,T03,P002,H007,17:19,18:25,66,2,318000,0,0,0,318000,QRIS
TRX1604,2026-10-02,RS1735,T08,P003,H011,17:21,18:56,95,3,657000,0,0,0,657000,Cash
TRX1605,2026-10-02,RS1736,T11,P001,H003,17:28,18:48,80,4,476000,0,0,0,476000,Kartu Kredit
TRX1606,2026-10-02,RS1737,T02,P003,H011,17:33,19:01,88,2,438000,0,0,0,438000,Cash
TRX1607,2026-10-02,RS1738,T10,P002,H007,17:35,19:35,120,3,429000,30,50000,0,479000,Kartu Kredit
TRX1608,2026-10-02,RS1742,T04,P003,H011,17:43,20:43,180,2,438000,60,100000,0,538000,Debit
TRX1609,2026-10-02,RS1739,T09,P001,H003,17:43,19:05,82,4,476000,0,0,0,476000,Kartu Kredit
TRX1610,2026-10-02,RS1740,T13,P001,H003,17:44,18:58,74,4,404000,0,0,0,404000,Cash
TRX1611,2026-10-02,RS1741,T16,P001,H003,17:47,19:01,74,4,476000,0,0,0,476000,QRIS
TRX1612,2026-10-02,RS1743,T06,P001,H003,17:53,19:08,75,1,95000,0,0,0,95000,QRIS
TRX1613,2026-10-02,RS1744,T19,P002,H007,18:02,19:24,82,3,477000,0,0,0,477000,Cash
TRX1614,2026-10-02,RS1745,T14,P001,H003,18:05,19:15,70,4,476000,0,0,0,476000,Debit
TRX1615,2026-10-02,RS1746,T17,P001,H003,18:05,19:18,73,6,570000,0,0,250000,820000,Debit
TRX1616,2026-10-02,RS1748,T22,P001,H003,18:10,19:08,58,4,476000,0,0,0,476000,QRIS
TRX1617,2026-10-02,RS1747,T29,P001,H003,18:10,19:35,85,10,938000,0,0,0,938000,QRIS
TRX1618,2026-10-02,RS1749,T26,P003,H011,18:22,19:50,88,6,1314000,0,0,100000,1414000,Debit
TRX1619,2026-10-02,RS1750,T28,P001,H003,18:27,19:47,80,7,689000,0,0,0,689000,Kartu Kredit
TRX1620,2026-10-02,RS1751,T20,P002,H007,18:31,19:42,71,4,540000,0,0,50000,590000,Cash
TRX1621,2026-10-02,RS1752,T01,P001,H003,18:34,19:44,70,1,119000,0,0,0,119000,QRIS
TRX1622,2026-10-02,RS1754,T23,P003,H011,18:35,20:32,117,6,1116000,0,0,750000,1866000,Debit
TRX1623,2026-10-02,RS1755,T24,P003,H011,18:40,20:24,104,5,1095000,0,0,0,1095000,Kartu Kredit
TRX1624,2026-10-02,RS1756,T03,P002,H007,18:48,20:18,90,2,318000,0,0,0,318000,Cash
TRX1625,2026-10-02,RS1758,T18,P003,H011,18:57,20:37,100,4,876000,0,0,0,876000,QRIS
TRX1626,2026-10-02,RS1757,T15,P003,H011,19:00,20:48,108,3,657000,0,0,100000,757000,Debit
TRX1627,2026-10-02,RS1764,T27,P002,H007,19:07,20:13,66,8,1032000,0,0,0,1032000,QRIS
TRX1628,2026-10-02,RS1759,T07,P001,H003,19:08,20:21,73,3,321000,0,0,50000,371000,Kartu Kredit
TRX1629,2026-10-02,RS1763,T11,P001,H003,19:10,20:24,74,2,202000,0,0,0,202000,Cash
TRX1630,2026-10-02,RS1761,T21,P002,H007,19:14,20:17,63,3,477000,0,0,0,477000,Kartu Kredit
TRX1631,2026-10-02,RS1762,T08,P001,H003,19:15,20:33,78,1,119000,0,0,50000,169000,Debit
TRX1632,2026-10-02,RS1760,T12,P003,H011,19:15,20:59,104,3,372000,0,0,50000,422000,QRIS
TRX1633,2026-10-02,RS1766,T02,P001,H003,19:18,20:21,63,2,202000,0,0,0,202000,QRIS
TRX1634,2026-10-02,RS1765,T13,P003,H011,19:19,21:59,160,4,876000,40,100000,0,976000,Cash
TRX1635,2026-10-02,RS1768,T06,P001,H003,19:30,20:42,72,4,476000,0,0,0,476000,Debit
TRX1636,2026-10-02,RS1770,T30,P001,H003,19:32,21:02,90,10,866000,0,0,0,866000,Kartu Kredit
TRX1637,2026-10-02,RS1767,T17,P001,H003,19:34,20:52,78,6,714000,0,0,100000,814000,Debit
TRX1638,2026-10-02,RS1771,T05,P001,H003,19:37,20:43,66,1,119000,0,0,0,119000,Cash
TRX1639,2026-10-02,RS1772,T19,P003,H011,19:44,22:14,150,4,525000,30,50000,0,575000,Kartu Kredit
TRX1640,2026-10-02,RS1769,T29,P003,H011,19:52,21:30,98,9,1971000,0,0,0,1971000,Debit
TRX1641,2026-10-02,RS1773,T28,P002,H007,20:05,21:16,71,7,778000,0,0,0,778000,Kartu Kredit
TRX1642,2026-10-02,RS1775,T26,P002,H007,20:10,21:16,66,5,795000,0,0,0,795000,Debit
TRX1643,2026-10-02,RS1774,T25,P002,H007,20:14,21:34,80,6,954000,0,0,0,954000,Cash
TRX1644,2026-10-02,RS1776,T14,P002,H007,20:28,21:44,76,4,540000,0,0,0,540000,QRIS
TRX1645,2026-10-03,RS1778,T10,P002,H006,11:09,12:22,73,4,636000,0,0,0,636000,Kartu Kredit
TRX1646,2026-10-03,RS1777,T05,P003,H010,11:10,13:35,145,2,438000,25,50000,0,488000,Cash
TRX1647,2026-10-03,RS1779,T04,P002,H006,11:38,12:47,69,2,318000,0,0,0,318000,Debit
TRX1648,2026-10-03,RS1780,T25,P002,H006,11:59,13:20,81,5,651000,0,0,100000,751000,Kartu Kredit
TRX1649,2026-10-03,RS1788,T28,P001,H002,12:05,13:23,78,7,653000,0,0,0,653000,Kartu Kredit
TRX1650,2026-10-03,RS1784,T15,P002,H006,12:07,13:26,79,4,636000,0,0,50000,686000,Debit
TRX1651,2026-10-03,RS1785,T19,P001,H002,12:08,12:55,47,3,357000,0,0,100000,457000,Debit
TRX1652,2026-10-03,RS1781,T03,P002,H006,12:09,13:30,81,2,318000,0,0,0,318000,Debit
TRX1653,2026-10-03,RS1782,T09,P002,H006,12:09,13:25,76,3,381000,0,0,50000,431000,Kartu Kredit
TRX1654,2026-10-03,RS1787,T27,P003,H010,12:11,13:48,97,7,1533000,0,0,0,1533000,QRIS
TRX1655,2026-10-03,RS1790,T01,P001,H002,12:13,13:31,78,2,119000,0,0,100000,219000,Cash
TRX1656,2026-10-03,RS1789,T21,P002,H006,12:13,13:28,75,3,477000,0,0,0,477000,QRIS
TRX1657,2026-10-03,RS1791,T02,P001,H002,12:14,13:14,60,2,238000,0,0,100000,338000,QRIS
TRX1658,2026-10-03,RS1783,T11,P001,H002,12:15,13:37,82,3,357000,0,0,0,357000,Kartu Kredit
TRX1659,2026-10-03,RS1792,T12,P002,H006,12:26,14:01,95,1,159000,5,50000,50000,259000,Debit
TRX1660,2026-10-03,RS1793,T22,P002,H006,12:29,13:42,73,2,318000,0,0,0,318000,QRIS
TRX1661,2026-10-03,RS1795,T13,P003,H010,12:36,14:36,120,4,876000,0,0,0,876000,QRIS
TRX1662,2026-10-03,RS1794,T08,P002,H006,12:39,13:59,80,4,636000,0,0,0,636000,Debit
TRX1663,2026-10-03,RS1797,T18,P002,H006,12:40,13:57,77,5,540000,0,0,0,540000,QRIS
TRX1664,2026-10-03,RS1796,T17,P002,H006,12:46,14:07,81,6,922000,0,0,0,922000,Debit
TRX1665,2026-10-03,RS1798,T20,P003,H010,12:47,15:17,150,2,438000,30,50000,50000,538000,Cash
TRX1666,2026-10-03,RS1799,T06,P002,H006,12:50,14:02,72,4,636000,0,0,0,636000,QRIS
TRX1667,2026-10-03,RS1800,T07,P001,H002,13:01,14:13,72,2,238000,0,0,0,238000,Kartu Kredit
TRX1668,2026-10-03,RS1802,T14,P002,H006,13:07,14:09,62,3,477000,0,0,50000,527000,QRIS
TRX1669,2026-10-03,RS1803,T16,P001,H002,13:09,14:33,84,4,285000,0,0,0,285000,Kartu Kredit
TRX1670,2026-10-03,RS1801,T19,P001,H002,13:11,14:33,82,2,214000,0,0,100000,314000,Kartu Kredit
TRX1671,2026-10-03,RS1804,T24,P001,H002,13:11,14:10,59,4,476000,0,0,0,476000,QRIS
TRX1672,2026-10-03,RS1809,T23,P002,H006,13:35,14:54,79,6,954000,0,0,50000,1004000,Debit
TRX1673,2026-10-03,RS1806,T02,P002,H006,13:37,14:47,70,2,286000,0,0,0,286000,QRIS
TRX1674,2026-10-03,RS1808,T10,P002,H006,13:40,15:20,100,4,477000,10,50000,0,527000,Cash
TRX1675,2026-10-03,RS1805,T25,P002,H006,13:40,15:06,86,6,714000,0,0,0,714000,Debit
TRX1676,2026-10-03,RS1807,T04,P002,H006,13:42,14:57,75,2,286000,0,0,0,286000,Kartu Kredit
TRX1677,2026-10-03,RS1810,T09,P001,H002,13:48,15:06,78,3,357000,0,0,0,357000,Debit
TRX1678,2026-10-03,RS1811,T28,P003,H010,13:59,16:59,180,6,1314000,60,100000,50000,1464000,QRIS
TRX1679,2026-10-03,RS1812,T26,P003,H010,14:10,15:52,102,5,1095000,0,0,0,1095000,QRIS
TRX1680,2026-10-03,RS1813,T24,P001,H002,14:32,16:02,90,5,595000,0,0,0,595000,Debit
TRX1681,2026-10-03,RS1814,T17,P002,H006,15:04,16:11,67,6,954000,0,0,0,954000,QRIS
TRX1682,2026-10-03,RS1817,T07,P001,H002,15:35,16:36,61,4,476000,0,0,150000,626000,Debit
TRX1683,2026-10-03,RS1815,T02,P002,H006,15:43,17:10,87,2,270000,0,0,0,270000,QRIS
TRX1684,2026-10-03,RS1816,T03,P002,H006,15:47,17:57,130,2,318000,40,100000,0,418000,QRIS
TRX1685,2026-10-03,RS1819,T27,P002,H006,16:04,17:34,90,8,889000,0,0,150000,1039000,Debit
TRX1686,2026-10-03,RS1820,T04,P001,H002,16:14,17:10,56,2,214000,0,0,0,214000,QRIS
TRX1687,2026-10-03,RS1821,T21,P001,H002,16:19,17:32,73,4,476000,0,0,50000,526000,Kartu Kredit
TRX1688,2026-10-03,RS1822,T23,P002,H006,16:42,18:08,86,6,890000,0,0,0,890000,Kartu Kredit
TRX1689,2026-10-03,RS1823,T14,P003,H012,17:02,18:41,99,2,239000,0,0,50000,289000,Kartu Kredit
TRX1690,2026-10-03,RS1824,T01,P001,H004,17:09,18:24,75,2,278000,0,0,0,278000,Kartu Kredit
TRX1691,2026-10-03,RS1825,T16,P002,H008,17:14,18:27,73,3,537000,0,0,0,537000,Cash
TRX1692,2026-10-03,RS1830,T19,P001,H004,17:35,18:43,68,4,556000,0,0,0,556000,Cash
TRX1693,2026-10-03,RS1828,T07,P003,H012,17:38,19:13,95,4,860000,0,0,100000,960000,Debit
TRX1694,2026-10-03,RS1833,T08,P003,H012,17:46,19:33,107,4,836000,0,0,50000,886000,Debit
TRX1695,2026-10-03,RS1832,T18,P003,H012,17:46,19:29,103,6,1434000,0,0,100000,1534000,Cash
TRX1696,2026-10-03,RS1831,T29,P003,H012,17:48,19:48,120,10,2390000,0,0,150000,2540000,Debit
TRX1697,2026-10-03,RS1826,T04,P002,H008,17:49,19:09,80,2,358000,0,0,50000,408000,Debit
TRX1698,2026-10-03,RS1834,T22,P002,H008,17:58,19:28,90,3,537000,0,0,0,537000,QRIS
TRX1699,2026-10-03,RS1835,T05,P003,H012,18:09,20:09,120,1,239000,0,0,0,239000,Kartu Kredit
TRX1700,2026-10-03,RS1836,T06,P001,H004,18:12,19:29,77,3,417000,0,0,0,417000,Debit
TRX1701,2026-10-03,RS1837,T10,P002,H008,18:15,19:33,78,4,716000,0,0,100000,816000,Kartu Kredit
TRX1702,2026-10-03,RS1839,T15,P001,H004,18:16,20:46,150,4,514000,60,100000,50000,664000,Cash
TRX1703,2026-10-03,RS1841,T24,P003,H012,18:31,20:15,104,6,1434000,0,0,150000,1584000,Kartu Kredit
TRX1704,2026-10-03,RS1842,T02,P001,H004,18:38,19:55,77,2,278000,0,0,0,278000,QRIS
TRX1705,2026-10-03,RS1844,T20,P003,H012,18:38,20:23,105,3,621000,0,0,50000,671000,Kartu Kredit
TRX1706,2026-10-03,RS1846,T23,P002,H008,18:40,19:55,75,4,429000,0,0,0,429000,Debit
TRX1707,2026-10-03,RS1843,T03,P002,H008,18:42,20:06,84,1,179000,0,0,0,179000,Kartu Kredit
TRX1708,2026-10-03,RS1840,T14,P001,H004,19:03,20:21,78,2,278000,0,0,0,278000,QRIS
TRX1709,2026-10-03,RS1849,T09,P001,H004,19:06,20:27,81,2,278000,0,0,0,278000,Debit
TRX1710,2026-10-03,RS1852,T13,P001,H004,19:07,20:21,74,4,514000,0,0,100000,614000,QRIS
TRX1711,2026-10-03,RS1850,T11,P003,H012,19:09,21:03,114,1,191000,0,0,100000,291000,QRIS
TRX1712,2026-10-03,RS1855,T25,P003,H012,19:09,21:01,112,4,956000,0,0,50000,1006000,Kartu Kredit
TRX1713,2026-10-03,RS1851,T12,P002,H008,19:10,20:24,74,3,483000,0,0,50000,533000,Kartu Kredit
TRX1714,2026-10-03,RS1854,T21,P001,H004,19:10,20:28,78,2,236000,0,0,0,236000,QRIS
TRX1715,2026-10-03,RS1853,T17,P001,H004,19:18,20:39,81,5,695000,0,0,150000,845000,Debit
TRX1716,2026-10-03,RS1847,T07,P001,H004,19:31,20:34,63,3,417000,0,0,100000,517000,Cash
TRX1717,2026-10-03,RS1859,T01,P001,H004,19:35,22:05,150,2,278000,60,100000,50000,428000,QRIS
TRX1718,2026-10-03,RS1863,T27,P002,H008,19:35,20:56,81,8,1432000,0,0,0,1432000,Cash
TRX1719,2026-10-03,RS1862,T19,P002,H008,19:37,20:59,82,4,608000,0,0,0,608000,Debit
TRX1720,2026-10-03,RS1858,T26,P002,H008,19:37,21:17,100,6,1074000,10,50000,0,1124000,QRIS
TRX1721,2026-10-03,RS1861,T16,P002,H008,19:44,21:19,95,4,716000,5,50000,150000,916000,Debit
TRX1722,2026-10-03,RS1856,T22,P002,H008,19:48,20:55,67,2,358000,0,0,100000,458000,QRIS
TRX1723,2026-10-03,RS1864,T28,P002,H008,19:48,22:03,135,8,1432000,45,100000,0,1532000,Debit
TRX1724,2026-10-03,RS1865,T08,P003,H012,19:49,21:59,130,3,573000,10,50000,0,623000,QRIS
TRX1725,2026-10-03,RS1857,T06,P003,H012,19:51,21:51,120,2,478000,0,0,100000,578000,Debit
TRX1726,2026-10-03,RS1866,T30,P001,H004,20:00,21:29,89,10,915000,0,0,0,915000,Kartu Kredit
TRX1727,2026-10-03,RS1868,T04,P002,H008,20:10,21:29,79,2,358000,0,0,0,358000,Debit
TRX1728,2026-10-03,RS1870,T18,P001,H004,20:17,21:23,66,4,556000,0,0,0,556000,QRIS
TRX1729,2026-10-03,RS1871,T23,P001,H004,20:21,21:31,70,5,695000,0,0,100000,795000,QRIS
TRX1730,2026-10-03,RS1872,T10,P002,H008,20:26,21:47,81,3,537000,0,0,0,537000,QRIS
TRX1731,2026-10-04,RS1873,T02,P001,H002,11:13,12:36,83,2,238000,0,0,0,238000,Debit
TRX1732,2026-10-04,RS1875,T19,P001,H002,11:13,12:33,80,4,404000,0,0,0,404000,Debit
TRX1733,2026-10-04,RS1876,T29,P002,H006,11:16,12:34,78,10,1590000,0,0,50000,1640000,Kartu Kredit
TRX1734,2026-10-04,RS1879,T23,P002,H006,11:35,12:56,81,5,699000,0,0,0,699000,Debit
TRX1735,2026-10-04,RS1877,T13,P002,H006,11:37,12:56,79,4,556000,0,0,100000,656000,QRIS
TRX1736,2026-10-04,RS1878,T17,P001,H002,11:46,13:01,75,5,571000,0,0,0,571000,QRIS
TRX1737,2026-10-04,RS1880,T24,P002,H006,11:54,13:49,115,5,795000,25,50000,0,845000,Debit
TRX1738,2026-10-04,RS1882,T20,P002,H006,12:06,13:46,100,4,429000,10,50000,50000,529000,Kartu Kredit
TRX1739,2026-10-04,RS1883,T25,P003,H010,12:14,14:14,120,5,1095000,0,0,0,1095000,Kartu Kredit
TRX1740,2026-10-04,RS1884,T12,P001,H002,12:16,13:38,82,3,357000,0,0,0,357000,QRIS
TRX1741,2026-10-04,RS1881,T07,P002,H006,12:19,13:23,64,3,477000,0,0,0,477000,QRIS
TRX1742,2026-10-04,RS1886,T09,P001,H002,12:24,13:36,72,4,428000,0,0,0,428000,QRIS
TRX1743,2026-10-04,RS1885,T03,P002,H006,12:26,13:45,79,2,318000,0,0,0,318000,Debit
TRX1744,2026-10-04,RS1888,T26,P002,H006,12:35,13:55,80,6,954000,0,0,0,954000,Kartu Kredit
TRX1745,2026-10-04,RS1887,T15,P002,H006,12:40,15:20,160,3,429000,70,150000,200000,779000,Kartu Kredit
TRX1746,2026-10-04,RS1890,T05,P002,H006,12:42,13:53,71,2,318000,0,0,50000,368000,Debit
TRX1747,2026-10-04,RS1891,T27,P001,H002,12:43,14:18,95,7,653000,5,50000,0,703000,Kartu Kredit
TRX1748,2026-10-04,RS1892,T01,P002,H006,12:49,14:04,75,2,270000,0,0,0,270000,Kartu Kredit
TRX1749,2026-10-04,RS1893,T10,P002,H006,13:09,14:26,77,4,556000,0,0,0,556000,Cash
TRX1750,2026-10-04,RS1894,T14,P001,H002,13:13,14:40,87,4,416000,0,0,0,416000,Cash
TRX1751,2026-10-04,RS1895,T18,P001,H002,13:14,14:40,86,6,714000,0,0,0,714000,Kartu Kredit
TRX1752,2026-10-04,RS1896,T08,P003,H010,13:23,15:38,135,4,678000,15,50000,50000,778000,QRIS
TRX1753,2026-10-04,RS1897,T16,P001,H002,13:31,15:01,90,3,357000,0,0,0,357000,Cash
TRX1754,2026-10-04,RS1898,T04,P003,H010,13:39,15:38,119,2,372000,0,0,0,372000,Kartu Kredit
TRX1755,2026-10-04,RS1900,T02,P001,H002,13:44,15:14,90,2,238000,0,0,0,238000,Cash
TRX1756,2026-10-04,RS1902,T21,P003,H010,13:51,15:21,90,4,876000,0,0,100000,976000,Kartu Kredit
TRX1757,2026-10-04,RS1901,T29,P003,H010,13:51,15:51,120,8,1752000,0,0,100000,1852000,Cash
TRX1758,2026-10-04,RS1903,T22,P001,H002,13:57,15:27,90,2,238000,0,0,50000,288000,Debit
TRX1759,2026-10-04,RS1904,T06,P001,H002,14:19,16:14,115,3,357000,25,50000,50000,457000,Kartu Kredit
TRX1760,2026-10-04,RS1905,T19,P003,H010,14:40,16:40,120,3,657000,0,0,50000,707000,QRIS
TRX1761,2026-10-04,RS1907,T26,P001,H002,15:35,16:43,68,6,714000,0,0,250000,964000,Cash
TRX1762,2026-10-04,RS1906,T23,P001,H002,15:46,17:21,95,5,404000,5,50000,50000,504000,Kartu Kredit
TRX1763,2026-10-04,RS1908,T02,P001,H002,16:07,17:57,110,1,119000,20,50000,0,169000,Cash
TRX1764,2026-10-04,RS1909,T28,P002,H006,16:14,17:23,69,8,1272000,0,0,0,1272000,QRIS
TRX1765,2026-10-04,RS1910,T29,P002,H006,16:20,17:33,73,8,1032000,0,0,0,1032000,Kartu Kredit
TRX1766,2026-10-04,RS1913,T03,P002,H008,17:10,18:28,78,2,358000,0,0,0,358000,Kartu Kredit
TRX1767,2026-10-04,RS1914,T09,P001,H004,17:10,18:30,80,3,417000,0,0,100000,517000,QRIS
TRX1768,2026-10-04,RS1916,T20,P003,H012,17:31,19:01,90,3,478000,0,0,250000,728000,Cash
TRX1769,2026-10-04,RS1919,T27,P001,H004,17:40,19:25,105,8,1042000,15,50000,0,1092000,Kartu Kredit
TRX1770,2026-10-04,RS1917,T10,P002,H008,17:43,19:13,90,4,680000,0,0,0,680000,QRIS
TRX1771,2026-10-04,RS1921,T11,P002,H008,17:53,19:14,81,3,537000,0,0,0,537000,Kartu Kredit
TRX1772,2026-10-04,RS1922,T22,P001,H004,17:58,19:28,90,3,417000,0,0,0,417000,QRIS
TRX1773,2026-10-04,RS1923,T19,P001,H004,18:07,19:11,64,4,472000,0,0,250000,722000,QRIS
TRX1774,2026-10-04,RS1925,T28,P003,H012,18:10,19:49,99,7,1625000,0,0,200000,1825000,Debit
TRX1775,2026-10-04,RS1924,T25,P001,H004,18:11,19:34,83,6,624000,0,0,0,624000,Kartu Kredit
TRX1776,2026-10-04,RS1927,T16,P001,H004,18:29,19:49,80,3,333000,0,0,0,333000,QRIS
TRX1777,2026-10-04,RS1928,T04,P002,H008,18:33,19:25,52,2,358000,0,0,0,358000,Kartu Kredit
TRX1778,2026-10-04,RS1932,T05,P001,H004,18:43,20:01,78,2,278000,0,0,50000,328000,QRIS
TRX1779,2026-10-04,RS1931,T29,P001,H004,18:43,19:42,59,8,1112000,0,0,0,1112000,Debit
TRX1780,2026-10-04,RS1930,T24,P003,H012,18:46,20:34,108,6,1434000,0,0,0,1434000,Debit
TRX1781,2026-10-04,RS1933,T17,P001,H004,18:55,19:57,62,5,597000,0,0,100000,697000,Kartu Kredit
TRX1782,2026-10-04,RS1937,T02,P001,H004,19:05,20:29,84,2,278000,0,0,0,278000,Kartu Kredit
TRX1783,2026-10-04,RS1936,T01,P001,H004,19:06,20:36,90,2,278000,0,0,0,278000,Debit
TRX1784,2026-10-04,RS1934,T03,P002,H008,19:06,20:04,58,2,358000,0,0,0,358000,Cash
TRX1785,2026-10-04,RS1939,T30,P002,H008,19:06,20:26,80,10,1790000,0,0,0,1790000,Debit
TRX1786,2026-10-04,RS1940,T13,P002,H008,19:07,20:30,83,4,716000,0,0,50000,766000,Kartu Kredit
TRX1787,2026-10-04,RS1941,T15,P001,H004,19:10,20:30,80,3,417000,0,0,50000,467000,QRIS
TRX1788,2026-10-04,RS1942,T07,P003,H012,19:16,20:55,99,2,430000,0,0,0,430000,Debit
TRX1789,2026-10-04,RS1938,T26,P001,H004,19:17,20:39,82,6,708000,0,0,0,708000,QRIS
TRX1790,2026-10-04,RS1943,T23,P003,H012,19:23,20:40,77,5,1195000,0,0,100000,1295000,Kartu Kredit
TRX1791,2026-10-04,RS1944,T06,P001,H004,19:28,20:42,74,2,278000,0,0,100000,378000,QRIS
TRX1792,2026-10-04,RS1945,T21,P002,H008,19:33,21:03,90,4,716000,0,0,50000,766000,Debit
TRX1793,2026-10-04,RS1946,T18,P003,H012,19:37,21:37,120,6,1146000,0,0,0,1146000,Cash
TRX1794,2026-10-04,RS1948,T04,P001,H004,19:46,21:04,78,2,278000,0,0,50000,328000,QRIS
TRX1795,2026-10-04,RS1935,T27,P003,H012,19:48,21:23,95,8,1912000,0,0,150000,2062000,QRIS
TRX1796,2026-10-04,RS1947,T25,P002,H008,19:50,21:08,78,5,895000,0,0,50000,945000,QRIS
TRX1797,2026-10-04,RS1951,T22,P001,H004,19:54,21:08,74,1,139000,0,0,0,139000,QRIS
TRX1798,2026-10-04,RS1950,T11,P001,H004,19:57,22:12,135,2,278000,45,100000,100000,478000,QRIS
TRX1799,2026-10-04,RS1949,T29,P002,H008,19:59,21:26,87,9,1233000,0,0,300000,1533000,QRIS
TRX1800,2026-10-04,RS1954,T19,P002,H008,20:33,21:39,66,4,716000,0,0,0,716000,Cash
TRX1801,2026-10-04,RS1955,T03,P001,H004,20:50,22:05,75,2,278000,0,0,150000,428000,QRIS
TRX1802,2026-10-05,RS1957,T23,P002,H005,12:26,13:44,78,6,778000,0,0,0,778000,Kartu Kredit
TRX1803,2026-10-05,RS1959,T22,P002,H005,12:38,13:56,78,3,417000,0,0,0,417000,QRIS
TRX1804,2026-10-05,RS1960,T20,P002,H005,12:39,13:37,58,3,417000,0,0,0,417000,Debit
TRX1805,2026-10-05,RS1958,T09,P002,H005,12:40,14:01,81,3,417000,0,0,50000,467000,Debit
TRX1806,2026-10-05,RS1961,T11,P001,H001,12:54,14:24,90,4,267000,0,0,100000,367000,Cash
TRX1807,2026-10-05,RS1963,T12,P001,H001,13:26,14:45,79,4,396000,0,0,0,396000,Cash
TRX1808,2026-10-05,RS1964,T26,P002,H005,13:28,14:50,82,5,695000,0,0,0,695000,Kartu Kredit
TRX1809,2026-10-05,RS1965,T25,P002,H005,13:36,14:44,68,5,639000,0,0,0,639000,Cash
TRX1810,2026-10-05,RS1967,T18,P001,H001,13:37,15:02,85,5,435000,0,0,0,435000,Kartu Kredit
TRX1811,2026-10-05,RS1968,T14,P001,H001,13:39,14:42,63,3,297000,0,0,0,297000,Debit
TRX1812,2026-10-05,RS1966,T03,P001,H001,13:43,14:52,69,2,198000,0,0,0,198000,Debit
TRX1813,2026-10-05,RS1969,T27,P002,H005,13:52,15:16,84,8,860000,0,0,100000,960000,QRIS
TRX1814,2026-10-05,RS1970,T05,P002,H005,13:57,15:07,70,2,250000,0,0,0,250000,QRIS
TRX1815,2026-10-05,RS1971,T13,P002,H005,14:03,15:18,75,4,486000,0,0,50000,536000,Debit
TRX1816,2026-10-05,RS1972,T10,P002,H005,14:08,15:38,90,4,556000,0,0,0,556000,QRIS
TRX1817,2026-10-05,RS1973,T22,P002,H005,15:48,17:11,83,3,417000,0,0,50000,467000,Kartu Kredit
TRX1818,2026-10-05,RS1975,T02,P002,H005,16:35,17:39,64,2,278000,0,0,0,278000,Cash
TRX1819,2026-10-05,RS1976,T03,P002,H007,17:15,18:30,75,2,318000,0,0,0,318000,Kartu Kredit
TRX1820,2026-10-05,RS1977,T18,P001,H003,17:20,18:35,75,6,714000,0,0,0,714000,QRIS
TRX1821,2026-10-05,RS1978,T27,P001,H003,18:03,19:04,61,8,653000,0,0,0,653000,QRIS
TRX1822,2026-10-05,RS1979,T05,P002,H007,18:15,20:55,160,2,286000,70,150000,0,436000,QRIS
TRX1823,2026-10-05,RS1981,T06,P001,H003,18:19,20:09,110,4,404000,20,50000,100000,554000,QRIS
TRX1824,2026-10-05,RS1980,T16,P002,H007,18:21,19:47,86,4,556000,0,0,0,556000,QRIS
TRX1825,2026-10-05,RS1983,T04,P001,H003,18:36,19:54,78,2,202000,0,0,100000,302000,Debit
TRX1826,2026-10-05,RS1984,T25,P002,H007,18:36,20:06,90,5,731000,0,0,100000,831000,QRIS
TRX1827,2026-10-05,RS1985,T01,P002,H007,18:39,19:46,67,1,159000,0,0,0,159000,Cash
TRX1828,2026-10-05,RS1982,T02,P002,H007,18:44,20:24,100,2,318000,10,50000,100000,468000,Kartu Kredit
TRX1829,2026-10-05,RS1986,T07,P002,H007,18:45,19:54,69,3,413000,0,0,50000,463000,QRIS
TRX1830,2026-10-05,RS1987,T08,P001,H003,18:47,20:17,90,3,357000,0,0,50000,407000,QRIS
TRX1831,2026-10-05,RS1988,T03,P003,H011,19:21,21:06,105,2,438000,0,0,0,438000,QRIS
TRX1832,2026-10-05,RS1990,T11,P002,H007,19:35,20:49,74,3,429000,0,0,0,429000,Debit
TRX1833,2026-10-05,RS1989,T14,P001,H003,19:35,21:05,90,1,119000,0,0,0,119000,QRIS
TRX1834,2026-10-05,RS1991,T24,P003,H011,19:35,22:20,165,6,919000,45,100000,0,1019000,QRIS
TRX1835,2026-10-05,RS1992,T21,P003,H011,19:59,21:58,119,4,810000,0,0,100000,910000,Debit
TRX1836,2026-10-05,RS1993,T27,P002,H007,20:07,21:28,81,7,1113000,0,0,0,1113000,Cash
TRX1837,2026-10-06,RS1994,T05,P001,H001,11:13,12:24,71,2,198000,0,0,0,198000,QRIS
TRX1838,2026-10-06,RS1995,T26,P001,H001,11:17,12:47,90,6,544000,0,0,50000,594000,Cash
TRX1839,2026-10-06,RS1996,T27,P002,H005,11:20,12:31,71,8,1112000,0,0,100000,1212000,QRIS
TRX1840,2026-10-06,RS1997,T08,P003,H009,11:38,13:21,103,3,597000,0,0,0,597000,Cash
TRX1841,2026-10-06,RS1998,T04,P001,H001,12:04,13:16,72,2,198000,0,0,50000,248000,Kartu Kredit
TRX1842,2026-10-06,RS2001,T25,P002,H005,12:19,13:29,70,5,695000,0,0,50000,745000,Debit
TRX1843,2026-10-06,RS2000,T28,P002,H005,12:19,13:32,73,8,777000,0,0,0,777000,Debit
TRX1844,2026-10-06,RS2002,T02,P001,H001,12:24,13:46,82,2,198000,0,0,0,198000,QRIS
TRX1845,2026-10-06,RS2003,T09,P002,H005,12:25,13:37,72,4,430000,0,0,0,430000,QRIS
TRX1846,2026-10-06,RS2004,T16,P003,H009,12:33,14:33,120,3,597000,0,0,0,597000,Kartu Kredit
TRX1847,2026-10-06,RS2005,T01,P002,H005,12:37,14:07,90,2,278000,0,0,0,278000,Cash
TRX1848,2026-10-06,RS2006,T05,P003,H009,12:53,14:46,113,2,358000,0,0,0,358000,Debit
TRX1849,2026-10-06,RS2007,T14,P001,H001,13:00,14:07,67,4,396000,0,0,0,396000,Kartu Kredit
TRX1850,2026-10-06,RS2008,T03,P002,H005,13:06,14:29,83,1,139000,0,0,100000,239000,QRIS
TRX1851,2026-10-06,RS2009,T19,P001,H001,13:06,14:28,82,3,297000,0,0,150000,447000,Cash
TRX1852,2026-10-06,RS2010,T04,P001,H001,13:41,15:06,85,2,198000,0,0,50000,248000,QRIS
TRX1853,2026-10-06,RS2011,T27,P002,H005,13:55,15:15,80,8,1112000,0,0,50000,1162000,Kartu Kredit
TRX1854,2026-10-06,RS2012,T28,P001,H001,14:31,16:46,135,7,693000,45,100000,0,793000,Debit
TRX1855,2026-10-06,RS2013,T05,P001,H001,15:18,16:32,74,2,198000,0,0,0,198000,QRIS
TRX1856,2026-10-06,RS2014,T20,P001,H001,16:18,18:28,130,3,257000,40,100000,50000,407000,QRIS
TRX1857,2026-10-06,RS2015,T24,P002,H005,16:47,18:13,86,5,667000,0,0,0,667000,Debit
TRX1858,2026-10-06,RS2016,T06,P003,H011,17:06,18:33,87,3,591000,0,0,0,591000,Kartu Kredit
TRX1859,2026-10-06,RS2018,T02,P001,H003,17:42,19:12,90,2,238000,0,0,0,238000,QRIS
TRX1860,2026-10-06,RS2017,T28,P001,H003,17:43,19:06,83,7,653000,0,0,0,653000,Kartu Kredit
TRX1861,2026-10-06,RS2019,T10,P002,H007,17:47,19:08,81,3,413000,0,0,0,413000,QRIS
TRX1862,2026-10-06,RS2020,T26,P001,H003,17:47,19:11,84,6,714000,0,0,100000,814000,QRIS
TRX1863,2026-10-06,RS2021,T25,P002,H007,18:07,19:33,86,6,762000,0,0,100000,862000,Debit
TRX1864,2026-10-06,RS2022,T01,P003,H011,18:14,19:54,100,2,438000,0,0,0,438000,Debit
TRX1865,2026-10-06,RS2023,T19,P003,H011,18:41,20:34,113,3,591000,0,0,100000,691000,Debit
TRX1866,2026-10-06,RS2024,T09,P003,H011,18:49,20:30,101,4,766000,0,0,50000,816000,Cash
TRX1867,2026-10-06,RS2025,T16,P002,H007,19:00,20:13,73,4,636000,0,0,0,636000,Debit
TRX1868,2026-10-06,RS2026,T29,P003,H011,19:09,21:03,114,9,1971000,0,0,0,1971000,Debit
TRX1869,2026-10-06,RS2027,T24,P001,H003,19:23,21:33,130,5,595000,40,100000,100000,795000,Debit
TRX1870,2026-10-06,RS2028,T04,P002,H007,19:34,20:50,76,2,318000,0,0,50000,368000,QRIS
TRX1871,2026-10-06,RS2029,T10,P002,H007,19:40,20:54,74,4,636000,0,0,50000,686000,Debit
TRX1872,2026-10-07,RS2030,T05,P002,H005,11:09,12:18,69,2,278000,0,0,0,278000,Kartu Kredit
TRX1873,2026-10-07,RS2031,T20,P001,H001,11:10,12:21,71,3,297000,0,0,0,297000,QRIS
TRX1874,2026-10-07,RS2032,T25,P001,H001,11:38,12:41,63,6,594000,0,0,0,594000,Cash
TRX1875,2026-10-07,RS2033,T03,P002,H005,11:49,13:16,87,2,278000,0,0,0,278000,Kartu Kredit
TRX1876,2026-10-07,RS2035,T01,P002,H005,12:12,13:28,76,2,250000,0,0,0,250000,Kartu Kredit
TRX1877,2026-10-07,RS2036,T28,P003,H009,12:20,14:12,112,7,1393000,0,0,0,1393000,Cash
TRX1878,2026-10-07,RS2037,T29,P001,H001,12:37,13:49,72,10,681000,0,0,0,681000,Debit
TRX1879,2026-10-07,RS2038,T17,P001,H001,12:44,13:49,65,6,594000,0,0,0,594000,Debit
TRX1880,2026-10-07,RS2039,T12,P001,H001,12:54,14:19,85,3,267000,0,0,50000,317000,Debit
TRX1881,2026-10-07,RS2040,T10,P002,H005,12:58,14:18,80,3,417000,0,0,50000,467000,QRIS
TRX1882,2026-10-07,RS2041,T18,P001,H001,13:07,14:37,90,6,594000,0,0,0,594000,QRIS
TRX1883,2026-10-07,RS2042,T26,P001,H001,13:24,14:54,90,5,495000,0,0,100000,595000,Kartu Kredit
TRX1884,2026-10-07,RS2043,T02,P001,H001,13:25,15:35,130,1,99000,40,100000,100000,299000,QRIS
TRX1885,2026-10-07,RS2044,T05,P001,H001,13:25,16:05,160,2,99000,70,150000,50000,299000,QRIS
TRX1886,2026-10-07,RS2045,T08,P001,H001,13:34,15:19,105,3,297000,15,50000,0,347000,QRIS
TRX1887,2026-10-07,RS2046,T27,P001,H001,14:03,15:17,74,8,722000,0,0,0,722000,Debit
TRX1888,2026-10-07,RS2047,T29,P003,H009,14:50,16:27,97,8,1592000,0,0,0,1592000,Kartu Kredit
TRX1889,2026-10-07,RS2048,T04,P001,H001,14:56,16:51,115,2,178000,25,50000,0,228000,QRIS
TRX1890,2026-10-07,RS2049,T28,P001,H001,15:41,17:01,80,7,543000,0,0,100000,643000,Cash
TRX1891,2026-10-07,RS2050,T21,P002,H005,16:58,18:28,90,3,361000,0,0,0,361000,Cash
TRX1892,2026-10-07,RS2051,T08,P002,H007,17:13,18:23,70,3,413000,0,0,50000,463000,Debit
TRX1893,2026-10-07,RS2052,T11,P002,H007,17:14,18:44,90,4,636000,0,0,0,636000,Kartu Kredit
TRX1894,2026-10-07,RS2053,T01,P001,H003,17:23,18:42,79,2,214000,0,0,0,214000,Kartu Kredit
TRX1895,2026-10-07,RS2054,T02,P001,H003,17:26,18:54,88,2,202000,0,0,100000,302000,Kartu Kredit
TRX1896,2026-10-07,RS2056,T24,P002,H007,17:39,19:00,81,6,667000,0,0,0,667000,QRIS
TRX1897,2026-10-07,RS2055,T04,P001,H003,17:44,19:04,80,2,214000,0,0,50000,264000,QRIS
TRX1898,2026-10-07,RS2059,T10,P002,H007,18:13,19:36,83,4,636000,0,0,0,636000,QRIS
TRX1899,2026-10-07,RS2057,T06,P001,H003,18:14,19:31,77,3,285000,0,0,0,285000,QRIS
TRX1900,2026-10-07,RS2058,T20,P002,H007,18:14,19:19,65,4,540000,0,0,0,540000,QRIS
TRX1901,2026-10-07,RS2060,T12,P003,H011,18:21,20:01,100,4,876000,0,0,0,876000,QRIS
TRX1902,2026-10-07,RS2061,T03,P003,H011,18:39,20:33,114,2,438000,0,0,0,438000,Kartu Kredit
TRX1903,2026-10-07,RS2064,T23,P002,H007,18:42,20:00,78,6,954000,0,0,0,954000,QRIS
TRX1904,2026-10-07,RS2062,T16,P001,H003,18:44,20:02,78,4,416000,0,0,0,416000,QRIS
TRX1905,2026-10-07,RS2063,T19,P003,H011,18:45,20:14,89,4,876000,0,0,100000,976000,Debit
TRX1906,2026-10-07,RS2065,T18,P002,H007,18:50,20:17,87,6,954000,0,0,0,954000,QRIS
TRX1907,2026-10-07,RS2066,T26,P002,H007,18:53,20:07,74,5,651000,0,0,50000,701000,Kartu Kredit
TRX1908,2026-10-07,RS2067,T25,P001,H003,19:00,20:09,69,5,511000,0,0,0,511000,Cash
TRX1909,2026-10-07,RS2068,T05,P001,H003,19:06,20:32,86,2,238000,0,0,0,238000,Cash
TRX1910,2026-10-07,RS2069,T28,P003,H011,19:08,20:56,108,8,1752000,0,0,0,1752000,QRIS
TRX1911,2026-10-07,RS2071,T14,P001,H003,19:09,20:22,73,4,428000,0,0,0,428000,Kartu Kredit
TRX1912,2026-10-07,RS2070,T01,P002,H007,19:18,20:43,85,2,318000,0,0,0,318000,Kartu Kredit
TRX1913,2026-10-07,RS2072,T04,P001,H003,19:54,21:22,88,2,214000,0,0,0,214000,QRIS
TRX1914,2026-10-07,RS2073,T15,P002,H007,20:13,21:35,82,3,445000,0,0,0,445000,QRIS
TRX1915,2026-10-07,RS2074,T02,P001,H003,20:35,21:46,71,2,202000,0,0,150000,352000,Kartu Kredit
